node_id,step,time_s,temperature,luminosity,pressure,sensor_volatility,power_mw,rssi,channel_quality
m3-100,1,4.56,35.1583,417.2363,1008.3411,1,117.23,-91.0,0
m3-100,2,9.57,35.1938,416.9922,1008.2688,1,119.5,-91.0,0
m3-100,3,14.56,35.2062,417.9688,1008.2822,1,118.13,-91.0,0
m3-100,4,19.57,35.2479,417.9688,1008.2664,0,119.49,-91.0,0
m3-100,5,24.58,35.2479,418.457,1008.323,1,118.15,-91.0,0
m3-100,6,29.57,35.275,419.1895,1008.4448,2,119.44,-91.0,0
m3-100,7,34.57,35.3229,418.7012,1008.2695,2,118.18,-91.0,0
m3-100,8,39.58,35.3167,418.7012,1008.3914,0,119.59,-91.0,0
m3-100,9,44.59,35.325,419.4336,1008.4356,1,118.16,-91.0,0
m3-100,10,49.58,35.3604,419.9219,1008.4499,1,119.83,-91.0,0
m3-100,11,54.59,35.3583,419.4336,1008.3206,2,117.96,-91.0,0
m3-100,12,59.6,35.3708,419.1895,1008.3933,1,119.82,-91.0,0
m3-100,13,64.59,35.4208,418.9453,1008.3289,1,118.12,-91.0,0
m3-100,14,69.6,35.4042,418.7012,1008.3035,1,119.78,-91.0,0
m3-100,15,74.6,35.4042,417.9688,1008.2314,1,118.05,-91.0,0
m3-100,16,79.61,35.4438,417.9688,1008.3396,0,119.86,-91.0,0
m3-100,17,84.6,35.4417,417.7246,1008.2688,1,118.02,-91.0,0
m3-100,18,89.61,35.4396,418.2129,1008.3623,1,119.8,-91.0,0
m3-100,19,94.62,35.4667,418.2129,1008.2793,0,118.03,-91.0,0
m3-100,20,99.61,35.4708,418.457,1008.3652,1,119.84,-91.0,0
m3-100,21,104.62,35.4875,417.7246,1008.2661,2,118.0,-91.0,0
m3-100,22,109.63,35.4729,418.2129,1008.3613,1,119.88,-91.0,0
m3-100,23,114.63,35.5292,417.2363,1008.4104,1,118.11,-91.0,0
m3-100,24,119.63,35.5562,417.7246,1008.3931,1,119.76,-91.0,0
m3-100,25,124.63,35.5729,417.4805,1008.3608,1,117.91,-91.0,0
m3-100,26,129.64,35.5958,417.9688,1008.3066,1,120.17,-91.0,0
m3-100,27,134.65,35.5438,417.4805,1008.2649,1,117.88,-91.0,0
m3-100,28,139.64,35.5604,417.7246,1008.2666,1,120.2,-91.0,0
m3-100,29,144.65,35.5833,417.4805,1008.302,1,117.93,-91.0,0
m3-100,30,149.66,35.5979,417.2363,1008.3479,1,120.06,-91.0,0
m3-100,31,154.65,35.6208,416.9922,1008.2695,1,117.92,-91.0,0
m3-100,32,159.65,35.5917,417.7246,1008.3923,2,120.05,-91.0,0
m3-100,33,164.66,35.6417,417.4805,1008.4062,1,117.89,-91.0,0
m3-100,34,169.67,35.6479,418.9453,1008.3731,1,120.38,-91.0,0
m3-100,35,174.66,35.65,419.1895,1008.3008,1,117.73,-91.0,0
m3-100,36,179.67,35.6521,419.9219,1008.3188,1,120.25,-91.0,0
m3-100,37,184.68,35.6771,421.1426,1008.3711,1,117.69,-91.0,0
m3-100,38,189.67,35.6708,421.875,1008.3433,1,120.35,-91.0,0
m3-100,39,194.68,35.7104,422.1191,1008.3462,1,117.9,-91.0,0
m3-100,40,199.68,35.7062,423.3398,1008.4492,2,120.36,-91.0,0
m3-100,41,204.69,35.7188,423.3398,1008.3237,0,117.53,-91.0,0
m3-100,42,209.68,35.7229,423.3398,1008.3977,0,120.58,-91.0,0
m3-100,43,214.69,35.7333,423.8281,1008.3762,1,117.64,-91.0,0
m3-100,44,219.7,35.7313,424.3164,1008.4072,1,120.57,-91.0,0
m3-100,45,224.69,35.75,424.3164,1008.4216,0,117.66,-91.0,0
m3-100,46,229.7,35.75,424.3164,1008.3772,0,120.43,-91.0,0
m3-100,47,234.71,35.7396,422.3633,1008.3198,1,117.49,-91.0,0
m3-100,48,239.71,35.7583,423.0957,1008.2947,1,120.75,-91.0,0
m3-100,49,244.7,35.7625,424.5605,1008.282,1,117.48,-91.0,0
m3-100,50,249.71,35.75,424.5605,1008.4102,0,120.57,-91.0,0
m3-100,51,254.72,35.8021,424.0723,1008.3928,1,117.52,-91.0,0
m3-100,52,259.71,35.7917,424.5605,1008.353,1,120.58,-91.0,0
m3-100,53,264.72,35.7833,425.0488,1008.3984,1,117.64,-91.0,0
m3-100,54,269.73,35.8062,425.5371,1008.4175,1,120.56,-91.0,0
m3-100,55,274.73,35.8104,425.293,1008.3892,1,117.51,-91.0,0
m3-100,56,279.73,35.8083,425.7812,1008.2854,1,120.75,-91.0,0
m3-100,57,284.73,35.8021,426.0254,1008.3313,1,117.36,-91.0,0
m3-100,58,289.74,35.8125,426.2695,1008.3223,1,120.78,-91.0,0
m3-100,59,294.73,35.8229,426.2695,1008.3933,0,117.51,-91.0,0
m3-100,60,299.74,35.8479,425.5371,1008.3562,1,120.66,-91.0,0
m3-100,61,304.75,35.8458,424.8047,1008.3149,1,117.45,-91.0,0
m3-100,62,309.76,35.8396,424.8047,1008.4622,0,120.91,-91.0,0
m3-100,63,314.75,35.8771,424.8047,1008.3008,0,117.28,-91.0,0
m3-100,64,319.76,35.8542,425.293,1008.3125,1,120.75,-91.0,0
m3-100,65,324.76,35.8563,425.0488,1008.386,1,117.19,-91.0,0
m3-100,66,329.75,35.8937,427.002,1008.4487,1,120.85,-91.0,0
m3-100,67,334.76,35.8958,427.7344,1008.353,1,117.21,-91.0,0
m3-100,68,339.77,35.8875,428.4668,1008.4282,1,120.96,-91.0,0
m3-100,69,344.78,35.9167,428.4668,1008.3567,0,117.34,-91.0,0
m3-100,70,349.77,35.8896,429.6875,1008.3535,1,120.84,-91.0,0
m3-100,71,354.78,35.8937,429.9316,1008.2873,1,117.18,-91.0,0
m3-100,72,359.78,35.8896,429.9316,1008.3862,0,121.19,-91.0,0
m3-100,73,364.78,35.9208,428.7109,1008.3611,1,117.11,-91.0,0
m3-100,74,369.78,35.925,428.9551,1008.4302,1,121.13,-91.0,0
m3-100,75,374.79,35.9458,428.2227,1008.3166,2,117.04,-91.0,0
m3-100,76,379.8,35.9292,428.7109,1008.3367,1,121.03,-91.0,0
m3-100,77,384.79,35.9542,428.2227,1008.3396,1,117.12,-91.0,0
m3-100,78,389.8,35.9396,428.7109,1008.3813,1,121.03,-91.0,0
m3-100,79,394.81,35.975,428.7109,1008.3159,0,117.02,-91.0,0
m3-100,80,399.8,35.9542,429.4434,1008.4158,2,121.24,-91.0,0
m3-100,81,404.81,35.9896,430.1758,1008.3472,1,116.87,-91.0,0
m3-100,82,409.81,35.9729,431.6406,1008.4282,1,121.23,-91.0,0
m3-100,83,414.82,36.0083,432.1289,1008.3899,1,117.04,-91.0,0
m3-100,84,419.81,35.9896,432.8613,1008.4043,1,121.26,-91.0,0
m3-100,85,424.82,36.0021,433.1055,1008.3791,1,116.97,-91.0,0
m3-100,86,429.83,35.9958,434.5703,1008.3472,1,121.36,-91.0,0
m3-100,87,434.82,35.9896,435.5469,1008.3291,1,116.74,-91.0,0
m3-100,88,439.83,36.0,436.7676,1008.3762,1,121.58,-91.0,0
m3-100,89,444.84,35.9937,438.2324,1008.3677,1,116.86,-91.0,0
m3-100,90,449.84,36.0187,439.4531,1008.366,1,121.49,-91.0,0
m3-100,91,454.83,36.0292,438.7207,1008.4294,1,116.86,-91.0,0
m3-100,92,459.84,36.0292,439.6973,1008.375,1,121.44,-91.0,0
m3-100,93,464.85,36.0271,439.4531,1008.4651,1,117.02,-91.0,0
m3-100,94,469.84,36.0562,439.6973,1008.3342,1,121.44,-91.0,0
m3-100,95,474.85,36.0479,439.6973,1008.3223,0,116.86,-91.0,0
m3-100,96,479.86,36.0271,440.6738,1008.4785,2,121.67,-91.0,0
m3-100,97,484.86,36.0729,441.8945,1008.4392,1,116.71,-91.0,0
m3-100,98,489.86,36.05,442.1387,1008.4531,1,121.7,-91.0,0
m3-100,99,494.86,36.0771,442.8711,1008.352,2,116.81,-91.0,0
m3-100,100,499.87,36.0583,443.1152,1008.4902,1,121.62,-91.0,0
m3-100,101,504.88,36.0542,442.8711,1008.4285,1,116.88,-91.0,0
m3-100,102,509.87,36.0729,442.627,1008.3855,1,121.57,-91.0,0
m3-100,103,514.88,36.0625,441.8945,1008.5745,2,116.87,-91.0,0
m3-100,104,519.89,36.1313,442.3828,1008.5039,1,121.68,-91.0,0
m3-100,105,524.89,36.0938,442.627,1008.291,1,116.77,-91.0,0
m3-100,106,529.89,36.0646,443.1152,1008.3918,2,121.64,-91.0,0
m3-100,107,534.89,36.0958,443.3594,1008.4265,1,116.72,-91.0,0
m3-100,108,539.9,36.0917,443.1152,1008.4158,1,121.74,-91.0,0
m3-100,109,544.91,36.0708,443.1152,1008.374,0,116.91,-91.0,0
m3-100,110,549.9,36.0938,443.6035,1008.5454,2,121.44,-91.0,0
m3-100,111,554.91,36.1354,444.0918,1008.4661,1,116.92,-91.0,0
m3-100,112,559.92,36.1458,444.0918,1008.4351,0,121.41,-91.0,0
m3-100,113,564.92,36.1313,443.8477,1008.4639,1,116.98,-91.0,0
m3-100,114,569.91,36.1458,443.6035,1008.5354,1,121.54,-91.0,0
m3-100,115,574.92,36.1354,442.627,1008.4553,1,116.88,-91.0,0
m3-100,116,579.93,36.1354,443.3594,1008.3877,1,121.3,-91.0,0
m3-100,117,584.94,36.1292,444.3359,1008.4109,1,117.18,-91.0,0
m3-100,118,589.93,36.1396,445.3125,1008.4526,1,121.21,-91.0,0
m3-100,119,594.94,36.1542,445.8008,1008.5066,1,117.19,-91.0,0
m3-100,120,599.94,36.1667,445.8008,1008.4995,0,121.32,-91.0,0
m3-100,121,604.95,36.1771,446.0449,1008.4951,1,117.05,-91.0,0
m3-100,122,609.94,36.1854,446.0449,1008.4902,0,121.34,-91.0,0
m3-100,123,614.95,36.1583,447.2656,1008.4421,1,117.11,-91.0,0
m3-100,124,619.96,36.1938,447.998,1008.3901,1,121.27,-91.0,0
m3-100,125,624.97,36.1646,448.7305,1008.3564,1,117.32,-91.0,0
m3-100,126,629.96,36.2021,447.998,1008.4514,2,121.1,-91.0,0
m3-100,127,634.97,36.1854,449.2188,1008.4673,1,117.3,-91.0,0
m3-100,128,639.97,36.1833,450.1953,1008.4624,1,121.22,-91.0,0
m3-100,129,644.98,36.1979,450.4395,1008.4675,1,117.33,-91.0,0
m3-100,130,649.99,36.1729,450.1953,1008.4993,1,121.05,-91.0,0
m3-100,131,654.98,36.2146,450.4395,1008.4475,1,117.51,-91.0,0
m3-100,132,659.99,36.1979,450.4395,1008.4292,0,120.95,-91.0,0
m3-100,133,665.0,36.1896,450.6836,1008.5063,1,117.56,-91.0,0
m3-100,134,670.0,36.2229,450.1953,1008.5073,1,121.02,-91.0,0
m3-100,135,675.0,36.2396,452.8809,1008.5254,1,117.34,-91.0,0
m3-100,136,680.0,36.2417,453.125,1008.3796,1,121.13,-91.0,0
m3-100,137,685.01,36.2125,453.3691,1008.5349,1,117.37,-91.0,0
m3-100,138,690.02,36.2479,452.8809,1008.4416,1,121.03,-91.0,0
m3-100,139,695.03,36.2167,453.3691,1008.4834,1,117.7,-91.0,0
m3-100,140,700.02,36.2521,453.125,1008.4797,1,120.89,-91.0,0
m3-100,141,705.03,36.2375,452.8809,1008.5613,1,117.57,-91.0,0
m3-100,142,710.03,36.2542,452.8809,1008.5005,0,120.87,-91.0,0
m3-100,143,715.02,36.2333,453.3691,1008.4697,1,117.67,-91.0,0
m3-100,144,720.03,36.2708,452.1484,1008.4429,1,120.95,-91.0,0
m3-100,145,725.04,36.2208,452.1484,1008.5867,0,117.77,-91.0,0
m3-100,146,730.05,36.2771,451.6602,1008.5085,1,120.59,-91.0,0
m3-100,147,735.04,36.2542,452.6367,1008.5217,1,117.86,-91.0,0
m3-100,148,740.05,36.2604,453.3691,1008.4727,1,120.77,-91.0,0
m3-100,149,745.05,36.2375,454.1016,1008.5325,1,117.83,-91.0,0
m3-100,150,750.06,36.2458,454.5898,1008.4927,1,120.77,-91.0,0
m3-100,151,755.05,36.2833,455.3223,1008.6389,2,117.71,-91.0,0
m3-100,152,760.06,36.3125,455.0781,1008.5481,1,120.84,-91.0,0
m3-100,153,765.07,36.275,455.0781,1008.5073,0,117.92,-91.0,0
m3-100,154,770.06,36.2812,454.834,1008.5054,1,120.58,-91.0,0
m3-100,155,775.07,36.2771,455.3223,1008.4917,1,117.93,-91.0,0
m3-100,156,780.08,36.2625,454.5898,1008.5576,1,120.53,-91.0,0
m3-100,157,785.08,36.3,453.3691,1008.5662,1,117.83,-91.0,0
m3-100,158,790.08,36.2854,452.3926,1008.5034,1,120.71,-91.0,0
m3-100,159,795.08,36.275,453.125,1008.5576,1,117.8,-91.0,0
m3-100,160,800.09,36.3188,453.3691,1008.467,1,120.49,-91.0,0
m3-100,161,805.08,36.3208,455.0781,1008.6313,2,117.87,-91.0,0
m3-100,162,810.09,36.3333,456.543,1008.5691,1,120.56,-91.0,0
m3-100,163,815.1,36.3104,456.543,1008.6377,0,118.09,-91.0,0
m3-100,164,820.11,36.3458,456.0547,1008.4495,2,120.52,-91.0,0
m3-100,165,825.1,36.3021,457.2754,1008.5339,2,117.99,-91.0,0
m3-100,166,830.11,36.3125,457.5195,1008.5906,1,120.49,-91.0,0
m3-100,167,835.11,36.3354,457.2754,1008.54,1,118.03,-91.0,0
m3-100,168,840.1,36.3083,457.2754,1008.4949,0,120.63,-91.0,0
m3-100,169,845.11,36.3188,457.7637,1008.428,1,118.12,-91.0,0
m3-100,170,850.12,36.2938,458.0078,1008.5381,1,120.25,-91.0,0
m3-100,171,855.13,36.3229,459.7168,1008.5093,1,118.2,-91.0,0
m3-100,172,860.12,36.3188,459.2285,1008.405,1,120.36,-91.0,0
m3-100,173,865.13,36.3062,459.7168,1008.4778,1,118.18,-91.0,0
m3-100,174,870.13,36.3104,458.9844,1008.4873,1,120.45,-91.0,0
m3-100,175,875.14,36.3271,459.9609,1008.4614,1,118.26,-91.0,0
m3-100,176,880.13,36.3479,460.9375,1008.5083,1,120.2,-91.0,0
m3-100,177,885.14,36.3438,461.1816,1008.5637,1,118.36,-91.0,0
m3-100,178,890.15,36.3729,461.1816,1008.5933,0,120.17,-91.0,0
m3-100,179,895.14,36.3479,460.6934,1008.5442,1,118.44,-91.0,0
m3-100,180,900.15,36.3646,460.4492,1008.5271,1,120.12,-91.0,0
m3-100,181,905.16,36.3438,461.4258,1008.4827,1,118.32,-91.0,0
m3-100,182,910.16,36.3729,461.4258,1008.499,0,120.33,-91.0,0
m3-100,183,915.16,36.3479,461.9141,1008.5227,1,118.32,-91.0,0
m3-100,184,920.16,36.35,460.9375,1008.511,1,120.16,-91.0,0
m3-100,185,925.17,36.3625,461.6699,1008.4807,1,118.55,-91.0,0
m3-100,186,930.18,36.3396,462.1582,1008.6035,2,120.03,-91.0,0
m3-100,187,935.17,36.3625,462.6465,1008.5627,1,118.56,-91.0,0
m3-100,188,940.18,36.3646,463.1348,1008.5081,1,120.14,-91.0,0
m3-100,189,945.19,36.3771,463.623,1008.6211,2,118.48,-91.0,0
m3-100,190,950.18,36.3854,462.6465,1008.5166,2,120.1,-91.0,0
m3-100,191,955.18,36.3979,462.4023,1008.4221,1,118.42,-91.0,0
m3-100,192,960.19,36.3417,461.4258,1008.5774,2,120.06,-91.0,0
m3-100,193,965.2,36.3875,462.6465,1008.5879,1,118.73,-91.0,0
m3-100,194,970.19,36.3979,463.1348,1008.4473,2,119.86,-91.0,0
m3-100,195,975.2,36.3687,464.5996,1008.5491,2,118.64,-91.0,0
m3-100,196,980.21,36.3937,464.3555,1008.6091,1,119.97,-91.0,0
m3-100,197,985.21,36.3896,465.8203,1008.5669,1,118.64,-91.0,0
m3-100,198,990.21,36.4042,464.8438,1008.6367,1,120.07,-91.0,0
m3-100,199,995.21,36.4271,464.8438,1008.5244,0,118.72,-91.0,0
m3-100,200,1000.22,36.3979,464.1113,1008.5454,1,119.71,-91.0,0
m3-100,201,1005.21,36.4125,464.8438,1008.541,1,118.83,-91.0,0
m3-100,202,1010.22,36.4125,465.332,1008.4639,1,119.75,-91.0,0
m3-100,203,1015.23,36.4167,465.8203,1008.4819,1,118.89,-91.0,0
m3-100,204,1020.22,36.4354,467.041,1008.4788,1,119.75,-91.0,0
m3-100,205,1025.23,36.4,467.5293,1008.637,2,118.77,-91.0,0
m3-100,206,1030.24,36.4396,467.041,1008.5635,1,119.73,-91.0,0
m3-100,207,1035.24,36.4208,468.0176,1008.6504,1,119.07,-91.0,0
m3-100,208,1040.24,36.4479,466.3086,1008.5847,1,119.65,-91.0,0
m3-100,209,1045.24,36.4479,466.0645,1008.6155,1,118.95,-91.0,0
m3-100,210,1050.25,36.4312,466.0645,1008.5493,0,119.67,-91.0,0
m3-100,211,1055.26,36.4208,467.5293,1008.602,1,118.92,-91.0,0
m3-100,212,1060.25,36.4542,467.7734,1008.4665,1,119.72,-91.0,0
m3-100,213,1065.26,36.3937,467.5293,1008.5918,1,118.94,-91.0,0
m3-100,214,1070.26,36.4521,467.2852,1008.5393,1,119.75,-91.0,0
m3-100,215,1075.26,36.4188,467.7734,1008.3865,2,118.96,-91.0,0
m3-100,216,1080.26,36.4021,467.5293,1008.53,1,119.5,-91.0,0
m3-100,217,1085.27,36.4312,468.2617,1008.4812,1,119.17,-91.0,0
m3-100,218,1090.26,36.4292,468.2617,1008.4619,0,119.55,-91.0,0
m3-100,219,1095.27,36.4229,469.2383,1008.543,1,119.06,-91.0,0
m3-100,220,1100.28,36.4271,469.7266,1008.5737,1,119.61,-91.0,0
m3-100,221,1105.29,36.4354,469.9707,1008.6238,1,119.04,-91.0,0
m3-100,222,1110.28,36.4438,468.9941,1008.4985,2,119.7,-91.0,0
m3-100,223,1115.29,36.4438,469.2383,1008.4126,1,119.22,-91.0,0
m3-100,224,1120.29,36.4208,468.75,1008.5454,2,119.34,-91.0,0
m3-100,225,1125.29,36.4479,469.4824,1008.5181,1,119.25,-91.0,0
m3-100,226,1130.29,36.4562,469.7266,1008.4392,1,119.44,-91.0,0
m3-100,227,1135.3,36.4479,470.2148,1008.5252,1,119.29,-91.0,0
m3-100,228,1140.31,36.45,470.7031,1008.4851,1,119.46,-91.0,0
m3-100,229,1145.3,36.4646,470.2148,1008.4102,1,119.17,-91.0,0
m3-100,230,1150.31,36.4396,470.7031,1008.521,2,119.34,-91.0,0
m3-100,231,1155.32,36.4458,471.1914,1008.3779,2,119.5,-91.0,0
m3-100,232,1160.31,36.4458,470.7031,1008.5749,2,119.2,-91.0,0
m3-100,233,1165.31,36.4937,472.4121,1008.5935,1,119.49,-91.0,0
m3-100,234,1170.32,36.4917,473.1445,1008.4002,2,119.24,-91.0,0
m3-100,235,1175.33,36.4583,473.6328,1008.4966,2,119.31,-91.0,0
m3-100,236,1180.32,36.475,474.6094,1008.5422,1,119.12,-91.0,0
m3-100,237,1185.33,36.4792,475.5859,1008.5234,1,119.26,-91.0,0
m3-100,238,1190.34,36.4688,476.0742,1008.5281,1,118.96,-91.0,0
m3-100,239,1195.33,36.4854,476.5625,1008.4719,1,119.48,-91.0,0
m3-100,240,1200.34,36.4813,476.8066,1008.4639,1,118.82,-91.0,0
m3-100,241,1205.34,36.5063,477.5391,1008.4297,1,119.44,-91.0,0
m3-100,242,1210.35,36.475,478.7598,1008.4683,1,119.01,-91.0,0
m3-100,243,1215.34,36.5042,479.4922,1008.5869,2,119.36,-91.0,0
m3-100,244,1220.35,36.525,479.9805,1008.4421,2,119.03,-91.0,0
m3-100,245,1225.36,36.5063,480.2246,1008.5327,1,119.28,-91.0,0
m3-100,246,1230.35,36.4937,480.957,1008.4356,2,119.1,-91.0,0
m3-100,247,1235.36,36.4792,481.6895,1008.4812,1,119.49,-91.0,0
m3-100,248,1240.37,36.4896,480.957,1008.4155,1,118.8,-91.0,0
m3-100,249,1245.37,36.4854,481.4453,1008.5137,1,119.57,-91.0,0
m3-100,250,1250.37,36.5083,480.957,1008.4114,2,118.84,-91.0,0
m3-100,251,1255.37,36.4896,482.666,1008.3894,1,119.6,-91.0,0
m3-100,252,1260.38,36.4875,483.1543,1008.4885,1,118.7,-91.0,0
m3-100,253,1265.37,36.5,483.6426,1008.5552,1,119.25,-91.0,0
m3-100,254,1270.38,36.525,483.6426,1008.4707,0,118.49,-91.0,0
m3-100,255,1275.39,36.5042,483.8867,1008.4558,1,119.57,-91.0,0
m3-100,256,1280.39,36.4937,483.3984,1008.4221,1,118.46,-91.0,0
m3-100,257,1285.39,36.4854,483.3984,1008.4905,0,119.58,-91.0,0
m3-100,258,1290.39,36.5083,484.1309,1008.4016,2,118.46,-91.0,0
m3-100,259,1295.4,36.4958,485.1074,1008.4314,1,119.45,-91.0,0
m3-100,260,1300.39,36.4917,484.1309,1008.3677,1,118.51,-91.0,0
m3-100,261,1305.4,36.4688,474.6094,1008.4026,1,119.5,-91.0,0
m3-100,262,1310.41,36.4937,484.375,1008.4575,1,118.43,-91.0,0
m3-100,263,1315.42,36.5,485.5957,1008.5095,1,119.7,-91.0,0
m3-100,264,1320.41,36.5208,484.375,1008.4941,1,118.25,-91.0,0
m3-100,265,1325.42,36.4896,484.375,1008.4792,0,119.7,-91.0,0
m3-100,266,1330.42,36.5042,484.6191,1008.4592,1,118.37,-91.0,0
m3-100,267,1335.42,36.5104,484.8633,1008.4419,1,119.68,-91.0,0
m3-100,268,1340.42,36.5042,485.1074,1008.5364,1,118.37,-91.0,0
m3-100,269,1345.43,36.5063,486.5723,1008.4627,1,119.55,-91.0,0
m3-100,270,1350.44,36.5229,486.8164,1008.5186,1,118.26,-91.0,0
m3-100,271,1355.43,36.5417,487.5488,1008.5168,1,119.97,-91.0,0
m3-100,272,1360.44,36.5208,487.793,1008.4712,1,118.16,-91.0,0
m3-100,273,1365.44,36.5396,489.2578,1008.3965,1,119.83,-91.0,0
m3-100,274,1370.44,36.5125,489.9902,1008.4797,1,118.13,-91.0,0
m3-100,275,1375.44,36.5042,490.4785,1008.3779,1,119.9,-91.0,0
m3-100,276,1380.45,36.5104,489.7461,1008.5554,2,118.27,-91.0,0
m3-100,277,1385.46,36.55,489.502,1008.5022,1,119.96,-91.0,0
m3-100,278,1390.45,36.5333,489.502,1008.4375,0,118.06,-91.0,0
m3-100,279,1395.46,36.5438,489.0137,1008.4714,1,119.87,-91.0,0
m3-100,280,1400.47,36.5542,488.0371,1008.3821,1,118.07,-91.0,0
m3-100,281,1405.46,36.5187,487.5488,1008.3503,1,120.04,-91.0,0
m3-100,282,1410.47,36.5375,487.3047,1008.4087,1,118.06,-91.0,0
m3-100,283,1415.47,36.5312,488.0371,1008.4373,1,119.92,-91.0,0
m3-100,284,1420.48,36.5583,488.5254,1008.3701,1,118.1,-91.0,0
m3-100,285,1425.47,36.5438,489.7461,1008.3877,1,119.97,-91.0,0
m3-100,286,1430.48,36.5312,489.502,1008.4468,1,118.0,-91.0,0
m3-100,287,1435.49,36.5583,490.2344,1008.468,1,120.09,-91.0,0
m3-100,288,1440.48,36.5708,490.7227,1008.3486,2,117.83,-91.0,0
m3-100,289,1445.49,36.5208,491.4551,1008.4336,2,120.16,-91.0,0
m3-100,290,1450.5,36.5354,491.9434,1008.3608,1,117.94,-91.0,0
m3-100,291,1455.5,36.5562,492.1875,1008.4167,1,120.14,-91.0,0
m3-100,292,1460.49,36.5521,491.6992,1008.3838,1,117.94,-91.0,0
m3-100,293,1465.5,36.5625,493.1641,1008.4573,1,120.04,-91.0,0
m3-100,294,1470.51,36.5688,493.6523,1008.3818,1,117.9,-91.0,0
m3-100,295,1475.5,36.5562,495.1172,1008.4067,1,120.4,-91.0,0
m3-100,296,1480.51,36.575,494.873,1008.4385,1,117.76,-91.0,0
m3-100,297,1485.52,36.5896,495.3613,1008.5288,1,120.29,-91.0,0
m3-100,298,1490.52,36.5729,495.6055,1008.4438,1,117.73,-91.0,0
m3-100,299,1495.52,36.5854,496.582,1008.3789,1,120.36,-91.0,0
m3-100,300,1500.52,36.5771,496.582,1008.3774,0,117.86,-91.0,0
m3-100,301,1505.53,36.5708,496.8262,1008.3767,1,120.39,-91.0,0
m3-100,302,1510.54,36.5583,496.3379,1008.3728,1,117.5,-91.0,0
m3-100,303,1515.53,36.5646,497.0703,1008.3992,1,120.55,-91.0,0
m3-100,304,1520.54,36.5646,497.0703,1008.4167,0,117.67,-91.0,0
m3-100,305,1525.55,36.6,498.0469,1008.2993,2,120.49,-91.0,0
m3-100,306,1530.55,36.5583,498.0469,1008.3769,0,117.67,-91.0,0
m3-100,307,1535.55,36.6063,498.5352,1008.4285,1,120.39,-91.0,0
m3-100,308,1540.55,36.5938,498.5352,1008.3791,0,117.72,-91.0,0
m3-100,309,1545.56,36.5979,499.5117,1008.343,1,120.57,-91.0,0
m3-100,310,1550.55,36.5896,499.7559,1008.3323,1,117.51,-91.0,0
m3-100,311,1555.56,36.5833,500.4883,1008.4407,2,120.61,-91.0,0
m3-100,312,1560.57,36.6208,500.0,1008.3694,1,117.27,-91.0,0
m3-100,313,1565.58,36.5792,500.4883,1008.4695,2,120.46,-91.0,0
m3-100,314,1570.57,36.6,500.4883,1008.3774,0,117.4,-91.0,0
m3-100,315,1575.58,36.5979,500.9766,1008.4458,1,120.38,-91.0,0
m3-100,316,1580.58,36.5958,500.4883,1008.3833,1,117.41,-91.0,0
m3-100,317,1585.57,36.6083,500.4883,1008.5171,0,120.26,-91.0,0
m3-100,318,1590.58,36.6167,500.9766,1008.356,2,117.37,-91.0,0
m3-100,319,1595.59,36.5854,500.9766,1008.3374,0,120.61,-91.0,0
m3-100,320,1600.6,36.5979,499.2676,1008.3835,1,117.26,-91.0,0
m3-100,321,1605.59,36.6021,499.7559,1008.2332,2,120.49,-91.0,0
m3-100,322,1610.6,36.5396,500.4883,1008.4055,2,117.19,-91.0,0
m3-100,323,1615.6,36.6146,501.709,1008.4475,1,120.53,-91.0,0
m3-100,324,1620.6,36.6,501.4648,1008.3635,1,117.33,-91.0,0
m3-100,325,1625.6,36.6146,501.4648,1008.3718,0,120.48,-91.0,0
m3-100,326,1630.61,36.6021,500.9766,1008.3391,1,117.15,-91.0,0
m3-100,327,1635.62,36.5792,501.709,1008.4172,1,120.75,-91.0,0
m3-100,328,1640.61,36.6167,501.2207,1008.3657,1,117.1,-91.0,0
m3-100,329,1645.62,36.6042,500.7324,1008.4302,1,120.73,-91.0,0
m3-100,330,1650.63,36.6313,500.2441,1008.3157,2,117.13,-91.0,0
m3-100,331,1655.62,36.5771,501.709,1008.3921,2,120.61,-91.0,0
m3-100,332,1660.63,36.6125,500.9766,1008.3279,1,117.0,-91.0,0
m3-100,333,1665.63,36.5938,501.9531,1008.3435,1,120.95,-91.0,0
m3-100,334,1670.64,36.6187,501.2207,1008.2905,1,116.93,-91.0,0
m3-100,335,1675.63,36.6,501.9531,1008.2515,1,120.89,-91.0,0
m3-100,336,1680.64,36.5875,501.2207,1008.2168,1,116.89,-91.0,0
m3-100,337,1685.65,36.5917,500.4883,1008.3911,2,120.82,-91.0,0
m3-100,338,1690.64,36.6167,500.7324,1008.2895,1,117.04,-91.0,0
m3-100,339,1695.65,36.5958,500.0,1008.4085,2,120.8,-91.0,0
m3-100,340,1700.65,36.625,498.291,1008.4002,1,116.99,-91.0,0
m3-100,341,1705.66,36.6208,498.0469,1008.3245,1,120.88,-91.0,0
m3-100,342,1710.65,36.5938,498.7793,1008.3213,1,116.69,-91.0,0
m3-100,343,1715.66,36.6021,500.7324,1008.3425,1,121.07,-91.0,0
m3-100,344,1720.67,36.6437,499.5117,1008.2173,2,116.79,-91.0,0
m3-100,345,1725.66,36.5688,499.2676,1008.2561,1,121.01,-91.0,0
m3-100,346,1730.67,36.5938,497.5586,1008.3054,1,116.81,-91.0,0
m3-100,347,1735.68,36.5979,499.0234,1008.2493,1,120.95,-91.0,0
m3-100,348,1740.68,36.575,499.7559,1008.3943,2,116.73,-91.0,0
m3-100,349,1745.68,36.625,501.709,1008.2971,2,121.27,-91.0,0
m3-100,350,1750.68,36.5833,501.2207,1008.2971,1,116.52,-91.0,0
m3-100,351,1755.69,36.6,500.4883,1008.3115,1,121.17,-91.0,0
m3-100,352,1760.68,36.6083,500.7324,1008.3982,1,116.65,-91.0,0
m3-100,353,1765.69,36.6042,500.9766,1008.4321,1,121.15,-91.0,0
m3-100,354,1770.7,36.6333,500.7324,1008.3843,1,116.66,-91.0,0
m3-100,355,1775.71,36.6333,501.2207,1008.3457,1,121.24,-91.0,0
m3-100,356,1780.7,36.6521,499.0234,1008.3462,1,116.34,-91.0,0
m3-100,357,1785.7,36.6292,501.2207,1008.3982,1,121.42,-91.0,0
m3-100,358,1790.71,36.6292,502.1973,1008.417,1,116.42,-91.0,0
m3-100,359,1795.7,36.6458,500.4883,1008.3301,1,121.42,-91.0,0
m3-100,360,1800.71,36.6271,503.6621,1008.3735,1,116.41,-91.0,0
m3-100,361,1805.72,36.6521,503.9062,1008.4104,1,121.27,-91.0,0
m3-100,362,1810.73,36.6542,504.3945,1008.4194,1,116.53,-91.0,0
m3-100,363,1815.72,36.6521,503.418,1008.3552,1,121.28,-91.0,0
m3-100,364,1820.73,36.6208,502.6855,1008.4351,1,116.6,-91.0,0
m3-100,365,1825.73,36.6688,502.6855,1008.4089,0,121.23,-91.0,0
m3-100,366,1830.73,36.6313,501.4648,1008.3606,1,116.49,-91.0,0
m3-100,367,1835.73,36.6292,500.7324,1008.437,1,121.3,-91.0,0
m3-100,368,1840.74,36.6646,500.4883,1008.4375,1,116.52,-91.0,0
m3-100,369,1845.75,36.6667,501.9531,1008.3975,1,121.36,-91.0,0
m3-100,370,1850.74,36.6458,502.1973,1008.3799,1,116.36,-91.0,0
m3-100,371,1855.75,36.65,501.2207,1008.3428,1,121.36,-91.0,0
m3-100,372,1860.76,36.6354,500.4883,1008.4229,1,116.62,-91.0,0
m3-100,373,1865.75,36.6646,500.2441,1008.2937,1,121.17,-91.0,0
m3-100,374,1870.76,36.6229,497.3145,1008.2778,1,116.64,-91.0,0
m3-100,375,1875.76,36.6125,498.291,1008.3364,1,121.11,-91.0,0
m3-100,376,1880.77,36.65,499.5117,1008.3235,1,116.58,-91.0,0
m3-100,377,1885.76,36.6583,498.0469,1008.3618,1,121.29,-91.0,0
m3-100,378,1890.77,36.6583,499.2676,1008.3731,1,116.58,-91.0,0
m3-100,379,1895.78,36.6271,499.7559,1008.2952,1,121.06,-91.0,0
m3-100,380,1900.77,36.6333,499.5117,1008.4446,1,116.59,-91.0,0
m3-100,381,1905.78,36.6917,498.291,1008.3967,1,121.14,-91.0,0
m3-100,382,1910.78,36.65,497.5586,1008.364,1,116.83,-91.0,0
m3-100,383,1915.79,36.6646,498.5352,1008.3762,1,121.02,-91.0,0
m3-100,384,1920.78,36.6542,498.7793,1008.3523,1,116.72,-91.0,0
m3-100,385,1925.79,36.6708,498.0469,1008.3608,1,121.03,-91.0,0
m3-100,386,1930.8,36.6958,496.582,1008.3037,1,116.7,-91.0,0
m3-100,387,1935.81,36.6437,496.582,1008.3892,0,121.02,-91.0,0
m3-100,388,1940.8,36.6583,495.8496,1008.3801,1,117.01,-91.0,0
m3-100,389,1945.81,36.6729,494.3848,1008.3984,1,120.86,-91.0,0
m3-100,390,1950.81,36.6604,496.3379,1008.4629,1,116.93,-91.0,0
m3-100,391,1955.81,36.6854,496.3379,1008.4048,0,120.96,-91.0,0
m3-100,392,1960.81,36.6729,497.0703,1008.4002,1,116.95,-91.0,0
m3-100,393,1965.82,36.6792,496.8262,1008.4795,1,120.95,-91.0,0
m3-100,394,1970.83,36.6875,498.291,1008.3606,2,116.82,-91.0,0
m3-100,395,1975.82,36.6938,499.0234,1008.3831,1,120.95,-91.0,0
m3-100,396,1980.83,36.6792,499.7559,1008.3982,1,117.05,-91.0,0
m3-100,397,1985.84,36.6875,499.7559,1008.3552,0,120.7,-91.0,0
m3-100,398,1990.84,36.6729,500.7324,1008.4766,2,117.07,-91.0,0
m3-100,399,1995.84,36.7,499.7559,1008.4521,1,120.68,-91.0,0
m3-100,400,2000.84,36.6979,499.5117,1008.4785,1,117.05,-91.0,0
m3-100,401,2005.85,36.6979,500.2441,1008.3669,2,120.84,-91.0,0
m3-100,402,2010.86,36.6667,502.1973,1008.4434,1,117.22,-91.0,0
m3-100,403,2015.85,36.7,502.1973,1008.5479,0,120.47,-91.0,0
m3-100,404,2020.86,36.7167,502.6855,1008.4495,1,117.24,-91.0,0
m3-100,405,2025.86,36.7208,501.709,1008.5122,1,120.53,-91.0,0
m3-100,406,2030.86,36.7062,501.9531,1008.5095,1,117.28,-91.0,0
m3-100,407,2035.86,36.6917,501.9531,1008.5041,0,120.63,-91.0,0
m3-100,408,2040.87,36.7104,503.6621,1008.5688,1,117.18,-91.0,0
m3-100,409,2045.88,36.7167,503.6621,1008.4109,0,120.55,-91.0,0
m3-100,410,2050.87,36.6958,503.9062,1008.4792,1,117.21,-91.0,0
m3-100,411,2055.88,36.7083,502.6855,1008.5041,1,120.53,-91.0,0
m3-100,412,2060.89,36.7104,502.9297,1008.5598,1,117.46,-91.0,0
m3-100,413,2065.89,36.6938,503.1738,1008.5501,1,120.33,-91.0,0
m3-100,414,2070.89,36.7188,503.418,1008.5124,1,117.33,-91.0,0
m3-100,415,2075.89,36.7021,504.1504,1008.4268,1,120.54,-91.0,0
m3-100,416,2080.9,36.7083,505.3711,1008.4038,1,117.3,-91.0,0
m3-100,417,2085.89,36.6833,504.6387,1008.5007,2,120.53,-91.0,0
m3-100,418,2090.9,36.6979,505.8594,1008.5293,1,117.23,-91.0,0
m3-100,419,2095.91,36.7271,505.6152,1008.4392,1,120.39,-91.0,0
m3-100,420,2100.92,36.7021,505.8594,1008.3867,1,117.6,-91.0,0
m3-100,421,2105.91,36.7125,505.8594,1008.4509,0,120.34,-91.0,0
m3-100,422,2110.92,36.7125,506.3477,1008.4587,1,117.53,-91.0,0
m3-100,423,2115.92,36.7208,505.8594,1008.4573,1,120.29,-91.0,0
m3-100,424,2120.91,36.7104,505.8594,1008.523,0,117.47,-91.0,0
m3-100,425,2125.92,36.7333,506.5918,1008.4651,1,120.45,-91.0,0
m3-100,426,2130.93,36.725,505.8594,1008.4331,1,117.64,-91.0,0
m3-100,427,2135.94,36.725,505.8594,1008.4919,0,120.07,-91.0,0
m3-100,428,2140.93,36.7188,507.5684,1008.5664,1,117.7,-91.0,0
m3-100,429,2145.94,36.7333,507.8125,1008.5076,1,120.14,-91.0,0
m3-100,430,2150.94,36.7167,508.7891,1008.5054,1,117.69,-91.0,0
m3-100,431,2155.95,36.7437,509.0332,1008.4751,1,120.28,-91.0,0
m3-100,432,2160.94,36.7292,509.0332,1008.4531,0,117.6,-91.0,0
m3-100,433,2165.95,36.7146,509.5215,1008.4329,1,120.24,-91.0,0
m3-100,434,2170.96,36.7229,507.0801,1008.5002,1,117.76,-91.0,0
m3-100,435,2175.95,36.7563,507.8125,1008.4954,1,120.03,-91.0,0
m3-100,436,2180.96,36.7458,508.7891,1008.5134,1,117.91,-91.0,0
m3-100,437,2185.97,36.7437,509.0332,1008.4932,1,119.98,-91.0,0
m3-100,438,2190.97,36.7479,509.7656,1008.3931,2,117.83,-91.0,0
m3-100,439,2195.97,36.7458,510.498,1008.417,1,120.1,-91.0,0
m3-101,1,4.56,35.8021,208.4961,1009.3652,1,115.08,-91.0,0
m3-101,2,9.57,35.7396,208.4961,1009.5344,0,116.98,-91.0,0
m3-101,3,14.56,35.8125,208.9844,1009.4177,2,115.83,-91.0,0
m3-101,4,19.57,35.8,209.2285,1009.4258,1,117.02,-91.0,0
m3-101,5,24.57,35.8333,209.2285,1009.551,0,115.85,-91.0,0
m3-101,6,29.57,35.8896,209.4727,1009.488,1,117.15,-91.0,0
m3-101,7,34.57,35.8708,209.2285,1009.3684,1,115.81,-91.0,0
m3-101,8,39.58,35.8687,209.2285,1009.5554,0,117.11,-91.0,0
m3-101,9,44.59,35.9146,209.2285,1009.4587,0,115.66,-91.0,0
m3-101,10,49.58,35.9646,209.7168,1009.5366,1,117.05,-91.0,0
m3-101,11,54.59,35.9542,209.4727,1009.3418,1,115.8,-91.0,0
m3-101,12,59.6,35.9167,209.4727,1009.4062,0,117.33,-91.0,0
m3-101,13,64.6,35.9521,209.2285,1009.3948,1,115.66,-91.0,0
m3-101,14,69.6,35.9458,209.2285,1009.5859,0,117.14,-91.0,0
m3-101,15,74.6,36.0042,208.4961,1009.4719,2,115.78,-91.0,0
m3-101,16,79.61,36.0125,208.9844,1009.5264,1,117.07,-91.0,0
m3-101,17,84.6,36.0875,208.7402,1009.3789,1,115.71,-91.0,0
m3-101,18,89.61,36.0,208.9844,1009.293,1,117.12,-91.0,0
m3-101,19,94.62,36.05,208.7402,1009.5457,1,115.76,-91.0,0
m3-101,20,99.63,36.0688,209.2285,1009.4075,2,117.24,-91.0,0
m3-101,21,104.62,36.05,208.9844,1009.3721,1,115.7,-91.0,0
m3-101,22,109.63,36.0479,209.2285,1009.3965,1,117.2,-91.0,0
m3-101,23,114.63,36.0792,208.7402,1009.3699,1,115.61,-91.0,0
m3-101,24,119.62,36.0979,208.9844,1009.4561,1,117.21,-91.0,0
m3-101,25,124.63,36.1167,208.9844,1009.3684,0,115.55,-91.0,0
m3-101,26,129.64,36.0917,209.4727,1009.5134,2,117.38,-91.0,0
m3-101,27,134.65,36.1646,208.9844,1009.4673,1,115.53,-91.0,0
m3-101,28,139.64,36.1562,208.9844,1009.3682,0,117.41,-91.0,0
m3-101,29,144.65,36.1208,208.7402,1009.5623,1,115.42,-91.0,0
m3-101,30,149.65,36.1958,208.9844,1009.4619,1,117.42,-91.0,0
m3-101,31,154.65,36.1875,208.9844,1009.3547,0,115.3,-91.0,0
m3-101,32,159.65,36.1625,209.2285,1009.4961,1,117.54,-91.0,0
m3-101,33,164.66,36.2271,209.2285,1009.4954,0,115.35,-91.0,0
m3-101,34,169.67,36.225,209.7168,1009.3975,1,117.63,-91.0,0
m3-101,35,174.66,36.2,209.9609,1009.4834,1,115.3,-91.0,0
m3-101,36,179.67,36.2542,210.4492,1009.3791,2,117.61,-91.0,0
m3-101,37,184.68,36.2146,210.6934,1009.4973,1,115.16,-91.0,0
m3-101,38,189.67,36.2687,210.9375,1009.4805,1,117.64,-91.0,0
m3-101,39,194.68,36.2812,211.1816,1009.4207,1,115.19,-91.0,0
m3-101,40,199.68,36.2125,211.9141,1009.4688,1,117.66,-91.0,0
m3-101,41,204.69,36.2792,211.6699,1009.408,1,115.43,-91.0,0
m3-101,42,209.68,36.2583,211.9141,1009.4092,1,117.65,-91.0,0
m3-101,43,214.69,36.2708,211.9141,1009.3691,0,115.37,-91.0,0
m3-101,44,219.7,36.2458,212.4023,1009.4624,1,117.52,-91.0,0
m3-101,45,224.69,36.3042,212.1582,1009.5342,1,115.3,-91.0,0
m3-101,46,229.7,36.3479,212.4023,1009.4416,1,117.63,-91.0,0
m3-101,47,234.71,36.3104,211.1816,1009.4207,1,115.25,-91.0,0
m3-101,48,239.7,36.3271,211.9141,1009.459,1,117.76,-91.0,0
m3-101,49,244.7,36.3104,212.4023,1009.366,1,115.24,-91.0,0
m3-101,50,249.71,36.3146,212.6465,1009.5459,1,117.71,-91.0,0
m3-101,51,254.72,36.3646,212.4023,1009.3982,1,115.12,-91.0,0
m3-101,52,259.71,36.3375,212.6465,1009.4006,1,117.75,-91.0,0
m3-101,53,264.72,36.3563,212.6465,1009.3001,0,115.1,-91.0,0
m3-101,54,269.73,36.3083,213.1348,1009.477,2,117.9,-91.0,0
m3-101,55,274.72,36.4,212.6465,1009.4016,2,115.13,-91.0,0
m3-101,56,279.73,36.3792,213.1348,1009.4402,1,117.99,-91.0,0
m3-101,57,284.73,36.3729,213.1348,1009.3857,0,114.98,-91.0,0
m3-101,58,289.74,36.4083,213.3789,1009.4605,1,117.97,-91.0,0
m3-101,59,294.73,36.4062,213.1348,1009.3511,1,114.87,-91.0,0
m3-101,60,299.74,36.4021,213.1348,1009.4233,0,118.04,-91.0,0
m3-101,61,304.75,36.3896,212.6465,1009.4182,1,114.91,-91.0,0
m3-101,62,309.74,36.4396,212.8906,1009.3965,1,118.17,-91.0,0
m3-101,63,314.75,36.3854,212.8906,1009.4414,0,114.87,-91.0,0
m3-101,64,319.76,36.4188,213.1348,1009.3906,1,118.19,-91.0,0
m3-101,65,324.76,36.4125,213.1348,1009.3672,0,114.72,-91.0,0
m3-101,66,329.76,36.4167,213.6231,1009.4251,1,118.18,-91.0,0
m3-101,67,334.76,36.4354,213.8672,1009.3794,1,114.78,-91.0,0
m3-101,68,339.77,36.4333,214.3555,1009.4556,1,118.19,-91.0,0
m3-101,69,344.76,36.4833,214.1113,1009.5349,1,114.83,-91.0,0
m3-101,70,349.77,36.4896,214.5996,1009.4392,1,118.1,-91.0,0
m3-101,71,354.78,36.4958,214.3555,1009.3896,1,114.91,-91.0,0
m3-101,72,359.79,36.4667,214.5996,1009.5474,1,118.06,-91.0,0
m3-101,73,364.78,36.5208,214.3555,1009.4192,1,114.8,-91.0,0
m3-101,74,369.79,36.4937,214.5996,1009.4446,1,118.12,-91.0,0
m3-101,75,374.79,36.4708,214.3555,1009.5593,1,114.84,-91.0,0
m3-101,76,379.78,36.5042,214.5996,1009.3992,1,118.23,-91.0,0
m3-101,77,384.79,36.4854,214.3555,1009.3769,1,114.82,-91.0,0
m3-101,78,389.8,36.5042,214.5996,1009.4133,1,118.23,-91.0,0
m3-101,79,394.81,36.5042,214.5996,1009.6108,0,114.66,-91.0,0
m3-101,80,399.8,36.5063,215.0879,1009.4741,2,118.24,-91.0,0
m3-101,81,404.81,36.5271,215.332,1009.5742,1,114.6,-91.0,0
m3-101,82,409.81,36.5562,215.8203,1009.3594,2,118.39,-91.0,0
m3-101,83,414.81,36.5396,216.0644,1009.5352,1,114.65,-91.0,0
m3-101,84,419.81,36.5771,216.3086,1009.4111,1,118.48,-91.0,0
m3-101,85,424.82,36.5667,216.7969,1009.4915,1,114.56,-91.0,0
m3-101,86,429.83,36.5417,217.5293,1009.4617,1,118.47,-91.0,0
m3-101,87,434.82,36.5667,217.5293,1009.6467,0,114.5,-91.0,0
m3-101,88,439.83,36.5958,218.2617,1009.4507,2,118.57,-91.0,0
m3-101,89,444.84,36.5646,218.5059,1009.541,1,114.49,-91.0,0
m3-101,90,449.83,36.5917,219.4824,1009.447,2,118.74,-91.0,0
m3-101,91,454.84,36.575,219.2383,1009.5019,1,114.49,-91.0,0
m3-101,92,459.84,36.5729,219.7266,1009.3923,1,118.78,-91.0,0
m3-101,93,464.85,36.5562,219.7266,1009.4627,0,114.36,-91.0,0
m3-101,94,469.84,36.6,219.7266,1009.4539,0,118.68,-91.0,0
m3-101,95,474.85,36.5896,219.7266,1009.4211,0,114.63,-91.0,0
m3-101,96,479.86,36.5896,220.2148,1009.446,1,118.74,-91.0,0
m3-101,97,484.85,36.5979,220.9473,1009.4194,1,114.44,-91.0,0
m3-101,98,489.86,36.5958,220.9473,1009.4861,0,118.7,-91.0,0
m3-101,99,494.87,36.6271,221.1914,1009.4507,1,114.59,-91.0,0
m3-101,100,499.87,36.6208,221.4356,1009.615,1,118.7,-91.0,0
m3-101,101,504.87,36.6521,221.1914,1009.4954,1,114.47,-91.0,0
m3-101,102,509.87,36.6354,221.1914,1009.4097,0,118.75,-91.0,0
m3-101,103,514.88,36.5938,220.9473,1009.6011,1,114.45,-91.0,0
m3-101,104,519.89,36.6604,221.1914,1009.5046,1,118.85,-91.0,0
m3-101,105,524.88,36.6208,220.9473,1009.5933,1,114.45,-91.0,0
m3-101,106,529.89,36.6833,221.4356,1009.6914,2,118.92,-91.0,0
m3-101,107,534.9,36.7042,221.4356,1009.6804,0,114.34,-91.0,0
m3-101,108,539.9,36.6917,221.1914,1009.6001,1,118.87,-91.0,0
m3-101,109,544.89,36.6688,221.1914,1009.5532,0,114.34,-91.0,0
m3-101,110,549.9,36.6646,221.9238,1009.6121,1,118.77,-91.0,0
m3-101,111,554.91,36.6938,221.6797,1009.4177,1,114.43,-91.0,0
m3-101,112,559.92,36.6417,222.168,1009.4609,1,118.8,-91.0,0
m3-101,113,564.91,36.6417,221.9238,1009.5017,1,114.54,-91.0,0
m3-101,114,569.92,36.6771,221.6797,1009.5273,1,118.73,-91.0,0
m3-101,115,574.93,36.7042,221.6797,1009.6692,0,114.54,-91.0,0
m3-101,116,579.93,36.725,221.6797,1009.5852,0,118.62,-91.0,0
m3-101,117,584.94,36.6917,222.4121,1009.5586,1,114.57,-91.0,0
m3-101,118,589.93,36.725,222.4121,1009.6304,0,118.56,-91.0,0
m3-101,119,594.94,36.7354,222.9004,1009.6851,1,114.69,-91.0,0
m3-101,120,599.95,36.7771,223.1445,1009.6357,1,118.57,-91.0,0
m3-101,121,604.94,36.7521,223.1445,1009.3997,1,114.75,-91.0,0
m3-101,122,609.95,36.7125,223.3887,1009.4836,1,118.56,-91.0,0
m3-101,123,614.95,36.7229,223.3887,1009.4499,0,114.77,-91.0,0
m3-101,124,619.96,36.7062,223.6328,1009.449,1,118.49,-91.0,0
m3-101,125,624.95,36.7,224.3652,1009.5098,1,114.65,-91.0,0
m3-101,126,629.96,36.7583,223.8769,1009.5749,1,118.57,-91.0,0
m3-101,127,634.97,36.7563,224.8535,1009.6526,1,114.92,-91.0,0
m3-101,128,639.98,36.7521,224.8535,1009.5549,0,118.39,-91.0,0
m3-101,129,644.98,36.7458,225.3418,1009.4731,1,114.99,-91.0,0
m3-101,130,649.98,36.7313,225.0977,1009.6194,1,118.48,-91.0,0
m3-101,131,654.98,36.7458,225.3418,1009.4922,1,114.72,-91.0,0
m3-101,132,659.99,36.7583,225.3418,1009.3594,0,118.58,-91.0,0
m3-101,133,665.0,36.7604,225.5859,1009.5522,1,115.03,-91.0,0
m3-101,134,669.99,36.775,225.3418,1009.4307,1,118.43,-91.0,0
m3-101,135,675.0,36.7208,225.8301,1009.5193,2,114.89,-91.0,0
m3-101,136,680.01,36.7792,226.0742,1009.5056,1,118.5,-91.0,0
m3-101,137,685.01,36.7062,226.3184,1009.4526,1,114.89,-91.0,0
m3-101,138,690.02,36.7542,226.0742,1009.606,1,118.37,-91.0,0
m3-101,139,695.01,36.7667,226.5625,1009.6152,1,114.94,-91.0,0
m3-101,140,700.02,36.7896,226.3184,1009.5417,1,118.34,-91.0,0
m3-101,141,705.03,36.7917,226.3184,1009.5813,0,115.05,-91.0,0
m3-101,142,710.04,36.7896,226.3184,1009.5535,0,118.35,-91.0,0
m3-101,143,715.03,36.825,226.5625,1009.5657,1,115.15,-91.0,0
m3-101,144,720.04,36.7917,226.0742,1009.668,2,118.26,-91.0,0
m3-101,145,725.04,36.8333,226.0742,1009.4675,0,115.1,-91.0,0
m3-101,146,730.04,36.7854,225.8301,1009.5066,1,118.14,-91.0,0
m3-101,147,735.04,36.7792,226.3184,1009.6209,2,115.17,-91.0,0
m3-101,148,740.05,36.8146,226.3184,1009.6929,0,118.16,-91.0,0
m3-101,149,745.06,36.8583,227.0508,1009.533,2,115.34,-91.0,0
m3-101,150,750.05,36.8083,227.0508,1009.4785,0,118.12,-91.0,0
m3-101,151,755.06,36.8292,227.5391,1009.5098,1,115.38,-91.0,0
m3-101,152,760.07,36.7896,227.2949,1009.4824,1,118.0,-91.0,0
m3-101,153,765.06,36.7875,227.5391,1009.5349,1,115.33,-91.0,0
m3-101,154,770.07,36.8271,227.5391,1009.4382,0,117.92,-91.0,0
m3-101,155,775.07,36.7896,227.7832,1009.6238,1,115.45,-91.0,0
m3-101,156,780.08,36.8438,227.2949,1009.4524,2,117.96,-91.0,0
m3-101,157,785.07,36.7917,226.8066,1009.4993,1,115.54,-91.0,0
m3-101,158,790.08,36.8229,226.5625,1009.604,1,117.88,-91.0,0
m3-101,159,795.09,36.8583,226.8066,1009.4519,1,115.51,-91.0,0
m3-101,160,800.08,36.7938,226.8066,1009.4788,0,117.89,-91.0,0
m3-101,161,805.09,36.8333,227.7832,1009.5962,2,115.25,-91.0,0
m3-101,162,810.09,36.8604,228.0273,1009.6689,1,118.03,-91.0,0
m3-101,163,815.1,36.8958,228.5156,1009.4763,2,115.37,-91.0,0
m3-101,164,820.09,36.8417,228.2715,1009.5103,1,118.07,-91.0,0
m3-101,165,825.1,36.8167,228.7598,1009.4434,1,115.44,-91.0,0
m3-101,166,830.11,36.8167,228.7598,1009.4356,0,117.97,-91.0,0
m3-101,167,835.12,36.7958,229.0039,1009.4839,1,115.44,-91.0,0
m3-101,168,840.11,36.8333,229.0039,1009.4678,0,117.84,-91.0,0
m3-101,169,845.12,36.8708,229.2481,1009.3457,1,115.51,-91.0,0
m3-101,170,850.12,36.7938,229.0039,1009.5828,1,117.82,-91.0,0
m3-101,171,855.12,36.8604,229.7363,1009.5205,1,115.64,-91.0,0
m3-101,172,860.12,36.8312,229.9805,1009.4902,1,117.8,-91.0,0
m3-101,173,865.13,36.8729,230.2246,1009.4927,1,115.67,-91.0,0
m3-101,174,870.14,36.8583,229.4922,1009.4675,1,117.73,-91.0,0
m3-101,175,875.13,36.8771,230.2246,1009.4495,1,115.67,-91.0,0
m3-101,176,880.14,36.9,230.2246,1009.3804,0,117.63,-91.0,0
m3-101,177,885.15,36.8458,230.7129,1009.4778,2,115.77,-91.0,0
m3-101,178,890.14,36.9125,230.7129,1009.4785,0,117.64,-91.0,0
m3-101,179,895.15,36.8833,230.7129,1009.4331,0,115.86,-91.0,0
m3-101,180,900.15,36.8708,230.4688,1009.6523,1,117.57,-91.0,0
m3-101,181,905.16,36.8792,230.957,1009.4888,2,115.95,-91.0,0
m3-101,182,910.15,36.8979,231.2012,1009.5391,1,117.51,-91.0,0
m3-101,183,915.16,36.9125,231.2012,1009.5757,0,116.0,-91.0,0
m3-101,184,920.17,36.9042,230.957,1009.5178,1,117.43,-91.0,0
m3-101,185,925.18,36.8771,231.4453,1009.6318,2,116.01,-91.0,0
m3-101,186,930.17,36.9271,231.4453,1009.7891,0,117.43,-91.0,0
m3-101,187,935.18,36.9792,231.6894,1009.6182,1,116.13,-91.0,0
m3-101,188,940.18,36.9125,231.6894,1009.6748,0,117.39,-91.0,0
m3-101,189,945.17,36.9458,232.1777,1009.6013,1,116.0,-91.0,0
m3-101,190,950.18,36.9042,231.6894,1009.6511,1,117.6,-91.0,0
m3-101,191,955.19,36.9521,231.9336,1009.5037,1,115.91,-91.0,0
m3-101,192,960.2,36.9333,231.2012,1009.5884,1,117.37,-91.0,0
m3-101,193,965.19,36.9521,231.6894,1009.5413,1,116.06,-91.0,0
m3-101,194,970.2,36.9312,231.6894,1009.4827,0,117.5,-91.0,0
m3-101,195,975.2,36.9125,232.4219,1009.4097,1,116.01,-91.0,0
m3-101,196,980.2,36.9042,232.9102,1009.4893,1,117.49,-91.0,0
m3-101,197,985.2,36.8917,233.1543,1009.5471,1,116.09,-91.0,0
m3-101,198,990.21,36.9333,232.9102,1009.4858,1,117.4,-91.0,0
m3-101,199,995.22,36.9146,232.9102,1009.6545,0,116.14,-91.0,0
m3-101,200,1000.21,36.9708,232.4219,1009.531,2,117.32,-91.0,0
m3-101,201,1005.22,36.9417,232.666,1009.5681,1,116.2,-91.0,0
m3-101,202,1010.23,36.9542,232.9102,1009.5757,1,117.3,-91.0,0
m3-101,203,1015.22,36.9792,233.6426,1009.5308,1,116.32,-91.0,0
m3-101,204,1020.23,36.9083,233.8867,1009.4949,1,117.26,-91.0,0
m3-101,205,1025.23,36.9562,234.375,1009.4612,1,116.33,-91.0,0
m3-101,206,1030.24,36.9583,234.1309,1009.6553,1,117.16,-91.0,0
m3-101,207,1035.23,37.0042,234.375,1009.4851,1,116.38,-91.0,0
m3-101,208,1040.24,36.9583,233.8867,1009.4023,1,117.14,-91.0,0
m3-101,209,1045.25,36.9229,233.6426,1009.5947,1,116.47,-91.0,0
m3-101,210,1050.24,36.9958,233.6426,1009.7505,0,117.11,-91.0,0
m3-101,211,1055.25,37.0333,234.375,1009.52,2,116.55,-91.0,0
m3-101,212,1060.26,36.9792,234.375,1009.3445,0,116.99,-91.0,0
m3-101,213,1065.26,36.9354,234.375,1009.3628,0,116.54,-91.0,0
m3-101,214,1070.25,36.9292,234.1309,1009.4314,1,117.09,-91.0,0
m3-101,215,1075.26,36.9583,234.375,1009.4456,1,116.29,-91.0,0
m3-101,216,1080.27,37.0021,234.1309,1009.4946,1,117.12,-91.0,0
m3-101,217,1085.26,36.9875,234.6191,1009.6963,2,116.55,-91.0,0
m3-101,218,1090.27,36.95,234.6191,1009.5142,0,117.19,-91.0,0
m3-101,219,1095.28,36.9937,235.3516,1009.6392,2,116.45,-91.0,0
m3-101,220,1100.29,36.9854,235.1074,1009.5588,1,117.05,-91.0,0
m3-101,221,1105.28,36.9979,235.5957,1009.4207,2,116.48,-91.0,0
m3-101,222,1110.28,36.9833,235.3516,1009.5415,1,117.02,-91.0,0
m3-101,223,1115.29,36.9958,235.5957,1009.4617,1,116.59,-91.0,0
m3-101,224,1120.28,36.9813,235.1074,1009.4348,1,117.03,-91.0,0
m3-101,225,1125.29,36.9875,235.3516,1009.5151,1,116.65,-91.0,0
m3-101,226,1130.3,37.0021,235.5957,1009.5161,1,116.94,-91.0,0
m3-101,227,1135.31,36.9896,236.084,1009.4204,1,116.65,-91.0,0
m3-101,228,1140.3,36.9833,235.8398,1009.4448,1,116.83,-91.0,0
m3-101,229,1145.31,36.9979,236.084,1009.4966,1,116.76,-91.0,0
m3-101,230,1150.31,37.0042,236.084,1009.5439,0,116.83,-91.0,0
m3-101,231,1155.31,37.0458,236.3281,1009.471,1,116.86,-91.0,0
m3-101,232,1160.31,37.0229,236.3281,1009.6545,0,116.79,-91.0,0
m3-101,233,1165.32,37.0542,236.8164,1009.4524,2,116.86,-91.0,0
m3-101,234,1170.33,36.9937,237.0606,1009.5183,1,116.72,-91.0,0
m3-101,235,1175.32,37.0354,237.5488,1009.4836,1,116.91,-91.0,0
m3-101,236,1180.33,37.0271,237.793,1009.427,1,116.68,-91.0,0
m3-101,237,1185.34,37.0125,238.5254,1009.4695,1,117.0,-91.0,0
m3-101,238,1190.33,37.0125,238.2812,1009.4002,1,116.65,-91.0,0
m3-101,239,1195.34,36.9708,238.7695,1009.5173,2,117.13,-91.0,0
m3-101,240,1200.34,37.05,238.7695,1009.3911,0,116.63,-91.0,0
m3-101,241,1205.35,37.0208,239.2578,1009.3374,1,117.22,-91.0,0
m3-101,242,1210.34,37.0,239.2578,1009.3169,0,116.66,-91.0,0
m3-101,243,1215.35,36.975,239.9902,1009.405,2,116.89,-91.0,0
m3-101,244,1220.36,37.0292,239.7461,1009.3616,1,116.79,-91.0,0
m3-101,245,1225.35,36.9979,240.4785,1009.4832,2,116.95,-91.0,0
m3-101,246,1230.36,37.0292,240.4785,1009.5171,0,116.78,-91.0,0
m3-101,247,1235.36,37.0312,240.9668,1009.4016,2,117.08,-91.0,0
m3-101,248,1240.37,37.0479,240.7227,1009.2971,1,116.74,-91.0,0
m3-101,249,1245.36,36.9896,240.9668,1009.4287,1,117.15,-91.0,0
m3-101,250,1250.37,37.0458,240.9668,1009.3528,0,116.62,-91.0,0
m3-101,251,1255.38,37.0146,241.6992,1009.3757,1,117.13,-91.0,0
m3-101,252,1260.37,37.0667,241.6992,1009.3713,0,116.55,-91.0,0
m3-101,253,1265.38,37.025,242.1875,1009.4651,2,117.24,-91.0,0
m3-101,254,1270.39,37.0729,241.9434,1009.5337,1,116.58,-91.0,0
m3-101,255,1275.38,37.0771,242.1875,1009.3164,1,117.37,-91.0,0
m3-101,256,1280.39,37.0479,241.9434,1009.3972,1,116.54,-91.0,0
m3-101,257,1285.39,37.0521,241.9434,1009.4365,0,117.34,-91.0,0
m3-101,258,1290.4,37.0583,242.1875,1009.3633,1,116.39,-91.0,0
m3-101,259,1295.39,37.0417,242.6758,1009.4321,1,117.37,-91.0,0
m3-101,260,1300.4,37.0396,241.9434,1009.4177,1,116.36,-91.0,0
m3-101,261,1305.41,37.0646,238.2812,1009.3731,1,117.5,-91.0,0
m3-101,262,1310.4,37.0333,242.6758,1009.4829,2,116.38,-91.0,0
m3-101,263,1315.41,37.0771,243.1641,1009.2624,2,117.6,-91.0,0
m3-101,264,1320.42,37.0417,242.4316,1009.4565,2,116.29,-91.0,0
m3-101,265,1325.42,37.0854,242.9199,1009.292,2,117.56,-91.0,0
m3-101,266,1330.41,37.0521,242.6758,1009.4055,1,116.3,-91.0,0
m3-101,267,1335.42,37.0938,242.9199,1009.4734,1,117.32,-91.0,0
m3-101,268,1340.43,37.0875,242.9199,1009.304,0,116.48,-91.0,0
m3-101,269,1345.42,37.0604,243.6523,1009.3638,1,117.44,-91.0,0
m3-101,270,1350.43,37.0667,243.8965,1009.3577,1,116.45,-91.0,0
m3-101,271,1355.44,37.0792,244.1406,1009.4453,1,117.52,-91.0,0
m3-101,272,1360.44,37.1146,244.3848,1009.481,1,116.38,-91.0,0
m3-101,273,1365.44,37.1104,244.8731,1009.4722,1,117.52,-91.0,0
m3-101,274,1370.44,37.1063,245.1172,1009.5232,1,116.32,-91.0,0
m3-101,275,1375.45,37.1167,245.6055,1009.4819,1,117.62,-91.0,0
m3-101,276,1380.44,37.1021,245.1172,1009.4006,1,116.3,-91.0,0
m3-101,277,1385.45,37.1021,245.3613,1009.4495,1,117.73,-91.0,0
m3-101,278,1390.46,37.1125,244.8731,1009.364,1,116.26,-91.0,0
m3-101,279,1395.47,37.1104,244.8731,1009.4583,0,117.78,-91.0,0
m3-101,280,1400.46,37.1208,244.3848,1009.4343,1,116.16,-91.0,0
m3-101,281,1405.47,37.1333,244.1406,1009.3877,1,117.78,-91.0,0
m3-101,282,1410.47,37.1125,244.1406,1009.4907,0,116.03,-91.0,0
m3-101,283,1415.47,37.1458,244.6289,1009.3755,2,117.77,-91.0,0
m3-101,284,1420.47,37.1,244.6289,1009.4617,0,116.0,-91.0,0
m3-101,285,1425.48,37.1125,245.6055,1009.5093,1,117.93,-91.0,0
m3-101,286,1430.49,37.1542,245.1172,1009.3281,2,116.0,-91.0,0
m3-101,287,1435.48,37.1146,245.6055,1009.3438,1,117.99,-91.0,0
m3-101,288,1440.49,37.1187,245.8496,1009.3699,1,115.95,-91.0,0
m3-101,289,1445.5,37.1292,246.0938,1009.4067,1,118.03,-91.0,0
m3-101,290,1450.49,37.1063,246.0938,1009.3325,0,115.83,-91.0,0
m3-101,291,1455.5,37.1229,246.582,1009.2275,2,118.09,-91.0,0
m3-101,292,1460.5,37.0938,246.3379,1009.3967,1,115.99,-91.0,0
m3-101,293,1465.51,37.1125,246.8262,1009.2881,2,118.15,-91.0,0
m3-101,294,1470.5,37.1042,247.0703,1009.3069,1,115.9,-91.0,0
m3-101,295,1475.51,37.15,247.8027,1009.4023,2,117.99,-91.0,0
m3-101,296,1480.52,37.1604,247.5586,1009.333,1,116.04,-91.0,0
m3-101,297,1485.51,37.1292,248.0469,1009.2219,2,117.98,-91.0,0
m3-101,298,1490.52,37.1187,248.0469,1009.3464,0,115.98,-91.0,0
m3-101,299,1495.52,37.1708,248.5352,1009.4033,1,118.1,-91.0,0
m3-101,300,1500.52,37.175,248.291,1009.2437,1,116.04,-91.0,0
m3-101,301,1505.52,37.1208,248.7793,1009.3062,1,118.2,-91.0,0
m3-101,302,1510.53,37.1167,248.5352,1009.4429,1,115.97,-91.0,0
m3-101,303,1515.54,37.1979,249.0234,1009.3203,2,118.19,-91.0,0
m3-101,304,1520.55,37.1417,248.7793,1009.3345,1,115.82,-91.0,0
m3-101,305,1525.54,37.15,249.2676,1009.3804,1,118.23,-91.0,0
m3-101,306,1530.55,37.1938,249.2676,1009.3179,0,115.77,-91.0,0
m3-101,307,1535.55,37.1729,249.5117,1009.5032,1,118.39,-91.0,0
m3-101,308,1540.55,37.2021,249.5117,1009.2607,1,115.78,-91.0,0
m3-101,309,1545.55,37.1646,250.0,1009.2966,1,118.45,-91.0,0
m3-101,310,1550.56,37.1479,250.0,1009.4109,0,115.71,-91.0,0
m3-101,311,1555.57,37.1458,250.7324,1009.2947,2,118.45,-91.0,0
m3-101,312,1560.56,37.15,250.0,1009.2459,1,115.63,-91.0,0
m3-101,313,1565.57,37.2062,250.4883,1009.2481,1,118.53,-91.0,0
m3-101,314,1570.58,37.15,250.2441,1009.25,1,115.6,-91.0,0
m3-101,315,1575.57,37.1562,250.7324,1009.3464,1,118.64,-91.0,0
m3-101,316,1580.58,37.1729,250.4883,1009.5872,1,115.54,-91.0,0
m3-101,317,1585.58,37.2521,250.7324,1009.3528,1,118.66,-91.0,0
m3-101,318,1590.59,37.1979,250.7324,1009.3701,0,115.52,-91.0,0
m3-101,319,1595.58,37.2042,250.7324,1009.2197,0,118.53,-91.0,0
m3-101,320,1600.59,37.1646,250.0,1009.3928,2,115.73,-91.0,0
m3-101,321,1605.6,37.2146,250.4883,1009.3372,1,118.59,-91.0,0
m3-101,322,1610.59,37.1792,250.7324,1009.29,1,115.48,-91.0,0
m3-101,323,1615.6,37.1875,251.2207,1009.3415,1,118.55,-91.0,0
m3-101,324,1620.61,37.2021,250.9766,1009.3411,1,115.65,-91.0,0
m3-101,325,1625.61,37.2313,250.9766,1009.3044,0,118.59,-91.0,0
m3-101,326,1630.6,37.2208,250.4883,1009.3884,1,115.56,-91.0,0
m3-101,327,1635.61,37.1854,251.2207,1009.3035,2,118.61,-91.0,0
m3-101,328,1640.62,37.2208,250.7324,1009.5142,2,115.5,-91.0,0
m3-101,329,1645.61,37.2563,251.2207,1009.3411,2,118.65,-91.0,0
m3-101,330,1650.62,37.2083,251.2207,1009.2292,0,115.47,-91.0,0
m3-101,331,1655.63,37.1958,251.709,1009.4385,2,118.78,-91.0,0
m3-101,332,1660.63,37.1812,250.9766,1009.353,1,115.44,-91.0,0
m3-101,333,1665.63,37.2208,251.709,1009.3113,1,118.84,-91.0,0
m3-101,334,1670.63,37.2146,251.2207,1009.3626,1,115.32,-91.0,0
m3-101,335,1675.64,37.25,251.4648,1009.2349,1,118.83,-91.0,0
m3-101,336,1680.63,37.2146,251.2207,1009.4338,1,115.23,-91.0,0
m3-101,337,1685.64,37.2625,250.7324,1009.2895,2,118.91,-91.0,0
m3-101,338,1690.65,37.1979,250.9766,1009.3491,1,115.23,-91.0,0
m3-101,339,1695.66,37.2667,250.4883,1009.3799,1,119.04,-91.0,0
m3-101,340,1700.65,37.2458,250.2441,1009.3662,1,115.19,-91.0,0
m3-101,341,1705.66,37.2542,250.0,1009.3164,1,119.06,-91.0,0
m3-101,342,1710.66,37.2354,250.2441,1009.4131,1,115.02,-91.0,0
m3-101,343,1715.66,37.2354,251.2207,1009.3171,1,119.01,-91.0,0
m3-101,344,1720.66,37.2375,250.4883,1009.2749,1,115.12,-91.0,0
m3-101,345,1725.67,37.2208,250.7324,1009.4685,1,118.84,-91.0,0
m3-101,346,1730.68,37.2542,250.0,1009.3455,2,115.28,-91.0,0
m3-101,347,1735.67,37.2396,250.4883,1009.2886,1,119.02,-91.0,0
m3-101,348,1740.68,37.2188,250.4883,1009.354,0,115.23,-91.0,0
m3-101,349,1745.69,37.2437,251.2207,1009.4436,2,118.95,-91.0,0
m3-101,350,1750.68,37.2729,250.9766,1009.4678,1,115.12,-91.0,0
m3-101,351,1755.68,37.2625,250.9766,1009.4136,0,118.98,-91.0,0
m3-101,352,1760.69,37.2729,250.9766,1009.3916,0,115.1,-91.0,0
m3-101,353,1765.68,37.2604,251.2207,1009.4885,1,119.07,-91.0,0
m3-101,354,1770.69,37.2979,250.9766,1009.4282,1,115.08,-91.0,0
m3-101,355,1775.7,37.2812,251.4648,1009.4004,1,119.16,-91.0,0
m3-101,356,1780.71,37.2604,250.4883,1009.3181,1,115.01,-91.0,0
m3-101,357,1785.7,37.2542,251.709,1009.2895,1,119.19,-91.0,0
m3-101,358,1790.71,37.2687,251.709,1009.262,0,114.92,-91.0,0
m3-101,359,1795.71,37.2521,251.2207,1009.3032,1,119.23,-91.0,0
m3-101,360,1800.71,37.2563,252.1973,1009.3494,1,114.83,-91.0,0
m3-101,361,1805.71,37.2542,252.4414,1009.4468,1,119.33,-91.0,0
m3-101,362,1810.72,37.2979,252.6856,1009.3018,1,114.87,-91.0,0
m3-101,363,1815.73,37.2667,252.4414,1009.3084,1,119.44,-91.0,0
m3-101,364,1820.72,37.2604,251.9531,1009.283,1,114.86,-91.0,0
m3-101,365,1825.73,37.2604,252.1973,1009.4346,1,119.34,-91.0,0
m3-101,366,1830.74,37.3042,251.709,1009.4136,1,114.83,-91.0,0
m3-101,367,1835.73,37.3104,251.2207,1009.375,1,119.23,-91.0,0
m3-101,368,1840.74,37.2854,250.9766,1009.2383,1,114.9,-91.0,0
m3-101,369,1845.74,37.2625,251.9531,1009.3611,2,119.28,-91.0,0
m3-101,370,1850.75,37.2938,251.9531,1009.4639,0,115.09,-91.0,0
m3-101,371,1855.74,37.2979,251.709,1009.3762,1,119.3,-91.0,0
m3-101,372,1860.75,37.2875,251.2207,1009.5271,2,114.89,-91.0,0
m3-101,373,1865.76,37.3521,250.9766,1009.2615,1,119.33,-91.0,0
m3-101,374,1870.77,37.3083,250.2441,1009.2036,1,114.74,-91.0,0
m3-101,375,1875.76,37.3208,250.4883,1009.3355,1,119.26,-91.0,0
m3-101,376,1880.77,37.2896,250.4883,1009.3042,0,114.82,-91.0,0
m3-101,377,1885.77,37.2729,250.4883,1009.5071,0,119.32,-91.0,0
m3-101,378,1890.76,37.35,250.4883,1009.228,1,114.95,-91.0,0
m3-101,379,1895.77,37.3,250.9766,1009.4895,2,119.26,-91.0,0
m3-101,380,1900.78,37.3417,250.7324,1009.4573,1,114.97,-91.0,0
m3-101,381,1905.79,37.3542,250.2441,1009.3044,2,119.1,-91.0,0
m3-101,382,1910.78,37.3188,250.2441,1009.249,0,114.94,-91.0,0
m3-101,383,1915.79,37.2771,250.2441,1009.3643,0,119.04,-91.0,0
m3-101,384,1920.8,37.2583,250.4883,1009.302,1,115.09,-91.0,0
m3-101,385,1925.79,37.3,250.0,1009.5164,2,119.08,-91.0,0
m3-101,386,1930.79,37.3542,249.5117,1009.449,1,115.12,-91.0,0
m3-101,387,1935.8,37.3479,249.5117,1009.2441,0,118.96,-91.0,0
m3-101,388,1940.81,37.3042,249.5117,1009.4075,0,115.15,-91.0,0
m3-101,389,1945.8,37.3333,248.291,1009.3635,1,118.83,-91.0,0
m3-101,390,1950.81,37.2917,249.2676,1009.4319,1,115.18,-91.0,0
m3-101,391,1955.82,37.3333,249.5117,1009.1999,1,118.8,-91.0,0
m3-101,392,1960.81,37.275,249.5117,1009.4521,1,115.27,-91.0,0
m3-101,393,1965.82,37.3396,249.5117,1009.241,1,118.8,-91.0,0
m3-101,394,1970.82,37.275,250.2441,1009.335,2,115.37,-91.0,0
m3-101,395,1975.83,37.2792,250.7324,1009.4541,2,118.82,-91.0,0
m3-101,396,1980.82,37.3333,250.9766,1009.4763,1,115.2,-91.0,0
m3-101,397,1985.83,37.3563,250.9766,1009.3921,0,118.99,-91.0,0
m3-101,398,1990.84,37.325,251.4648,1009.2639,2,115.16,-91.0,0
m3-101,399,1995.85,37.3,250.7324,1009.4702,2,118.73,-91.0,0
m3-101,400,2000.84,37.3417,250.9766,1009.3726,1,115.34,-91.0,0
m3-101,401,2005.85,37.3438,251.709,1009.3149,1,118.91,-91.0,0
m3-101,402,2010.85,37.3312,252.1973,1009.2954,1,115.31,-91.0,0
m3-101,403,2015.86,37.3188,251.9531,1009.3833,1,118.87,-91.0,0
m3-101,404,2020.85,37.3188,252.4414,1009.3467,1,115.38,-91.0,0
m3-101,405,2025.86,37.3188,252.1973,1009.384,1,118.78,-91.0,0
m3-101,406,2030.87,37.3271,251.9531,1009.4836,1,115.42,-91.0,0
m3-101,407,2035.86,37.3667,251.9531,1009.4009,0,118.69,-91.0,0
m3-101,408,2040.87,37.3354,252.6856,1009.3943,1,115.51,-91.0,0
m3-101,409,2045.88,37.3458,252.4414,1009.4397,1,118.69,-91.0,0
m3-101,410,2050.88,37.35,252.6856,1009.3601,1,115.6,-91.0,0
m3-101,411,2055.88,37.3062,252.1973,1009.2759,1,118.67,-91.0,0
m3-101,412,2060.88,37.35,252.4414,1009.3301,1,115.61,-91.0,0
m3-101,413,2065.89,37.3229,252.1973,1009.4251,1,118.54,-91.0,0
m3-101,414,2070.9,37.3771,252.6856,1009.4414,1,115.63,-91.0,0
m3-101,415,2075.89,37.3625,252.6856,1009.3291,0,118.47,-91.0,0
m3-101,416,2080.9,37.3146,253.1738,1009.3318,1,115.73,-91.0,0
m3-101,417,2085.9,37.3333,253.1738,1009.4358,0,118.5,-91.0,0
m3-101,418,2090.9,37.3833,253.6621,1009.4163,1,115.84,-91.0,0
m3-101,419,2095.9,37.3062,253.418,1009.3047,1,118.46,-91.0,0
m3-101,420,2100.91,37.325,253.6621,1009.4529,1,115.82,-91.0,0
m3-101,421,2105.92,37.3833,253.418,1009.529,1,118.33,-91.0,0
m3-101,422,2110.91,37.3813,253.9062,1009.4199,1,115.69,-91.0,0
m3-101,423,2115.92,37.3667,253.6621,1009.2742,1,118.44,-91.0,0
m3-101,424,2120.93,37.325,253.6621,1009.4058,0,116.0,-91.0,0
m3-101,425,2125.92,37.3667,254.1504,1009.49,1,118.44,-91.0,0
m3-101,426,2130.93,37.4104,253.9062,1009.3838,1,115.77,-91.0,0
m3-101,427,2135.93,37.3583,253.6621,1009.6404,1,118.49,-91.0,0
m3-101,428,2140.94,37.375,254.6387,1009.3311,2,115.74,-91.0,0
m3-101,429,2145.93,37.3375,254.6387,1009.3987,0,118.4,-91.0,0
m3-101,430,2150.94,37.3667,255.3711,1009.5208,2,115.81,-91.0,0
m3-101,431,2155.95,37.3958,255.1269,1009.3149,1,118.4,-91.0,0
m3-101,432,2160.94,37.325,255.3711,1009.5366,1,115.78,-91.0,0
m3-101,433,2165.95,37.4062,255.3711,1009.4126,0,118.14,-91.0,0
m3-101,434,2170.96,37.3813,254.6387,1009.3577,1,115.77,-91.0,0
m3-101,435,2175.96,37.4,254.8828,1009.3735,1,118.02,-91.0,0
m3-101,436,2180.96,37.3521,254.8828,1009.3723,0,115.77,-91.0,0
m3-101,437,2185.96,37.3646,255.1269,1009.3638,1,117.98,-91.0,0
m3-101,438,2190.97,37.3396,255.8594,1009.4123,1,115.88,-91.0,0
m3-101,439,2195.96,37.3771,256.3477,1009.3645,1,118.13,-91.0,0
m3-102,1,4.56,35.2854,134.5215,1008.448,0,117.83,-91.0,0
m3-102,2,9.57,35.2896,134.7656,1008.3577,1,120.12,-91.0,0
m3-102,3,14.56,35.2979,135.0098,1008.4844,1,118.79,-91.0,0
m3-102,4,19.57,35.3687,135.2539,1008.3025,1,120.03,-91.0,0
m3-102,5,24.57,35.3729,135.2539,1008.4153,0,118.88,-91.0,0
m3-102,6,29.57,35.3646,135.4981,1008.4753,1,120.31,-91.0,0
m3-102,7,34.57,35.3896,135.2539,1008.4138,1,118.75,-91.0,0
m3-102,8,39.58,35.4271,135.4981,1008.4717,1,120.13,-91.0,0
m3-102,9,44.59,35.4167,135.2539,1008.3789,1,118.94,-91.0,0
m3-102,10,49.58,35.4438,135.7422,1008.3355,1,120.23,-91.0,0
m3-102,11,54.59,35.4271,135.2539,1008.4688,2,118.94,-91.0,0
m3-102,12,59.6,35.4792,135.4981,1008.4128,1,120.26,-91.0,0
m3-102,13,64.6,35.4729,135.0098,1008.3794,1,118.65,-91.0,0
m3-102,14,69.6,35.4958,135.0098,1008.3411,0,120.41,-91.0,0
m3-102,15,74.6,35.5083,134.5215,1008.2805,1,118.59,-91.0,0
m3-102,16,79.61,35.5,134.5215,1008.4719,0,120.59,-91.0,0
m3-102,17,84.6,35.55,134.7656,1008.4285,1,118.72,-91.0,0
m3-102,18,89.61,35.5646,134.5215,1008.3377,1,120.24,-91.0,0
m3-102,19,94.62,35.5583,134.2773,1008.5019,1,118.83,-91.0,0
m3-102,20,99.63,35.6,134.2773,1008.3635,0,120.55,-91.0,0
m3-102,21,104.62,35.6229,134.0332,1008.4409,1,118.44,-91.0,0
m3-102,22,109.62,35.6229,134.2773,1008.3958,1,120.68,-91.0,0
m3-102,23,114.63,35.6167,133.5449,1008.4248,1,118.58,-91.0,0
m3-102,24,119.62,35.6292,133.7891,1008.3918,1,120.75,-91.0,0
m3-102,25,124.63,35.6417,133.5449,1008.2214,1,118.63,-91.0,0
m3-102,26,129.64,35.6458,134.0332,1008.3442,2,120.89,-91.0,0
m3-102,27,134.65,35.6479,133.5449,1008.3623,1,118.53,-91.0,0
m3-102,28,139.64,35.6688,133.5449,1008.5149,0,120.84,-91.0,0
m3-102,29,144.65,35.7083,133.3008,1008.3838,1,118.56,-91.0,0
m3-102,30,149.65,35.6979,133.3008,1008.4746,0,120.88,-91.0,0
m3-102,31,154.66,35.7188,133.0566,1008.4465,1,118.38,-91.0,0
m3-102,32,159.65,35.725,133.5449,1008.5029,1,120.93,-91.0,0
m3-102,33,164.66,35.7167,133.5449,1008.4656,0,118.53,-91.0,0
m3-102,34,169.67,35.7458,134.2773,1008.3281,2,120.82,-91.0,0
m3-102,35,174.66,35.7208,134.2773,1008.4634,0,118.76,-91.0,0
m3-102,36,179.67,35.7708,135.2539,1008.3599,2,120.77,-91.0,0
m3-102,37,184.67,35.7896,135.0098,1008.4688,1,118.2,-91.0,0
m3-102,38,189.68,35.7917,135.4981,1008.4121,1,121.05,-91.0,0
m3-102,39,194.67,35.7896,135.4981,1008.4578,0,118.23,-91.0,0
m3-102,40,199.68,35.8042,136.2305,1008.5056,1,121.0,-91.0,0
m3-102,41,204.69,35.825,135.7422,1008.4578,1,118.25,-91.0,0
m3-102,42,209.68,35.7979,135.7422,1008.5669,0,121.22,-91.0,0
m3-102,43,214.69,35.8625,135.7422,1008.385,0,118.2,-91.0,0
m3-102,44,219.7,35.8125,135.9863,1008.5081,1,120.91,-91.0,0
m3-102,45,224.7,35.8521,135.7422,1008.4517,1,118.26,-91.0,0
m3-102,46,229.7,35.8271,135.7422,1008.4949,0,120.93,-91.0,0
m3-102,47,234.7,35.8438,134.5215,1008.416,1,118.01,-91.0,0
m3-102,48,239.71,35.8542,135.2539,1008.4194,1,121.23,-91.0,0
m3-102,49,244.7,35.8646,135.9863,1008.4597,1,118.14,-91.0,0
m3-102,50,249.71,35.8937,136.2305,1008.4656,1,120.89,-91.0,0
m3-102,51,254.72,35.8792,135.7422,1008.5676,1,118.36,-91.0,0
m3-102,52,259.72,35.9229,135.9863,1008.5713,1,121.08,-91.0,0
m3-102,53,264.72,35.9,135.7422,1008.3572,1,118.42,-91.0,0
m3-102,54,269.72,35.8813,135.9863,1008.4734,1,121.07,-91.0,0
m3-102,55,274.73,35.9042,135.7422,1008.4123,1,118.27,-91.0,0
m3-102,56,279.72,35.8979,135.9863,1008.4438,1,121.1,-91.0,0
m3-102,57,284.73,35.9188,135.7422,1008.4248,1,118.07,-91.0,0
m3-102,58,289.74,35.9146,135.9863,1008.4338,1,121.45,-91.0,0
m3-102,59,294.75,35.9375,136.2305,1008.4138,1,117.98,-91.0,0
m3-102,60,299.74,35.9208,135.9863,1008.4546,1,121.59,-91.0,0
m3-102,61,304.75,35.95,135.2539,1008.5337,1,117.98,-91.0,0
m3-102,62,309.75,35.95,135.4981,1008.4829,1,121.4,-91.0,0
m3-102,63,314.74,35.9833,135.4981,1008.4465,0,118.09,-91.0,0
m3-102,64,319.75,35.9458,135.7422,1008.5554,1,121.6,-91.0,0
m3-102,65,324.76,35.9854,135.4981,1008.4429,1,117.95,-91.0,0
m3-102,66,329.77,35.9708,136.4746,1008.5444,2,121.74,-91.0,0
m3-102,67,334.76,36.0042,136.4746,1008.4678,0,117.66,-91.0,0
m3-102,68,339.77,36.0021,136.9629,1008.3232,2,121.72,-91.0,0
m3-102,69,344.77,35.9937,136.4746,1008.4087,1,117.71,-91.0,0
m3-102,70,349.77,35.9875,137.6953,1008.4949,1,121.61,-91.0,0
m3-102,71,354.77,36.0021,137.4512,1008.4729,1,117.97,-91.0,0
m3-102,72,359.78,36.0125,137.207,1008.4458,1,121.63,-91.0,0
m3-102,73,364.79,36.0125,136.9629,1008.4307,1,117.75,-91.0,0
m3-102,74,369.78,35.9917,137.207,1008.3774,1,121.69,-91.0,0
m3-102,75,374.79,36.0063,136.4746,1008.4988,2,117.78,-91.0,0
m3-102,76,379.8,36.0521,136.7188,1008.4519,1,121.63,-91.0,0
m3-102,77,384.8,36.0312,136.2305,1008.5122,1,117.91,-91.0,0
m3-102,78,389.8,36.0354,136.4746,1008.6096,1,121.73,-91.0,0
m3-102,79,394.8,36.1,136.2305,1008.5552,1,117.83,-91.0,0
m3-102,80,399.81,36.0854,136.7188,1008.5701,1,121.81,-91.0,0
m3-102,81,404.8,36.0646,136.7188,1008.4583,0,117.7,-91.0,0
m3-102,82,409.81,36.0854,137.4512,1008.5781,2,121.79,-91.0,0
m3-102,83,414.82,36.0896,137.4512,1008.4719,0,117.63,-91.0,0
m3-102,84,419.82,36.0812,137.9394,1008.6042,2,121.96,-91.0,0
m3-102,85,424.82,36.0812,137.9394,1008.5388,0,117.49,-91.0,0
m3-102,86,429.82,36.0979,138.4277,1008.4714,1,121.84,-91.0,0
m3-102,87,434.83,36.0833,138.916,1008.4004,1,117.6,-91.0,0
m3-102,88,439.82,36.0917,139.4043,1008.4387,1,121.87,-91.0,0
m3-102,89,444.83,36.1042,140.3809,1008.4917,1,117.56,-91.0,0
m3-102,90,449.84,36.1104,140.8691,1008.5486,1,121.82,-91.0,0
m3-102,91,454.85,36.1208,140.1367,1008.5972,1,117.33,-91.0,0
m3-102,92,459.84,36.1375,140.625,1008.521,1,121.88,-91.0,0
m3-102,93,464.85,36.1313,140.1367,1008.5378,1,117.33,-91.0,0
m3-102,94,469.85,36.1437,140.3809,1008.5327,1,122.04,-91.0,0
m3-102,95,474.84,36.1396,140.1367,1008.4785,1,117.28,-91.0,0
m3-102,96,479.85,36.1417,141.1133,1008.4836,1,121.74,-91.0,0
m3-102,97,484.86,36.1292,140.8691,1008.4934,1,117.46,-91.0,0
m3-102,98,489.87,36.1667,141.3574,1008.4873,1,121.79,-91.0,0
m3-102,99,494.86,36.15,141.3574,1008.5342,0,117.12,-91.0,0
m3-102,100,499.87,36.1562,141.6016,1008.6072,1,122.04,-91.0,0
m3-102,101,504.87,36.1646,141.6016,1008.4123,0,117.19,-91.0,0
m3-102,102,509.88,36.1542,141.3574,1008.4307,1,121.88,-91.0,0
m3-102,103,514.87,36.1646,140.8691,1008.554,2,117.29,-91.0,0
m3-102,104,519.88,36.1938,141.1133,1008.4619,1,121.91,-91.0,0
m3-102,105,524.89,36.1646,141.1133,1008.5264,0,117.46,-91.0,0
m3-102,106,529.9,36.1708,141.3574,1008.522,1,121.89,-91.0,0
m3-102,107,534.89,36.2021,141.1133,1008.3779,1,117.43,-91.0,0
m3-102,108,539.9,36.1938,140.8691,1008.5276,1,121.79,-91.0,0
m3-102,109,544.9,36.1917,141.1133,1008.5073,1,117.3,-91.0,0
m3-102,110,549.91,36.1854,141.6016,1008.5154,1,122.0,-91.0,0
m3-102,111,554.9,36.1771,141.1133,1008.5286,1,117.37,-91.0,0
m3-102,112,559.91,36.2229,141.3574,1008.4868,1,121.87,-91.0,0
m3-102,113,564.92,36.2104,141.3574,1008.5649,0,117.56,-91.0,0
m3-102,114,569.92,36.2333,140.8691,1008.6355,1,121.7,-91.0,0
m3-102,115,574.92,36.2208,140.3809,1008.5933,1,117.42,-91.0,0
m3-102,116,579.92,36.2229,140.625,1008.6016,1,122.04,-91.0,0
m3-102,117,584.93,36.2542,141.1133,1008.4797,2,117.41,-91.0,0
m3-102,118,589.94,36.2333,141.3574,1008.553,1,121.63,-91.0,0
m3-102,119,594.95,36.2437,141.6016,1008.5754,1,117.67,-91.0,0
m3-102,120,599.94,36.2,141.6016,1008.5354,0,121.65,-91.0,0
m3-102,121,604.95,36.2396,142.0898,1008.5134,1,117.46,-91.0,0
m3-102,122,609.95,36.2208,141.6016,1008.5217,1,121.65,-91.0,0
m3-102,123,614.96,36.2396,142.0898,1008.4753,1,117.71,-91.0,0
m3-102,124,619.95,36.2479,142.334,1008.5266,1,121.69,-91.0,0
m3-102,125,624.96,36.2479,142.8223,1008.5591,1,117.74,-91.0,0
m3-102,126,629.97,36.2646,142.5781,1008.5872,1,121.35,-91.0,0
m3-102,127,634.98,36.2708,143.3106,1008.5337,1,117.96,-91.0,0
m3-102,128,639.97,36.2687,143.5547,1008.4038,1,121.23,-91.0,0
m3-102,129,644.98,36.2521,143.3106,1008.6746,1,117.91,-91.0,0
m3-102,130,649.98,36.3021,143.0664,1008.5234,1,121.48,-91.0,0
m3-102,131,654.99,36.2396,143.7988,1008.52,1,117.88,-91.0,0
m3-102,132,660.0,36.2604,143.7988,1008.5413,0,121.36,-91.0,0
m3-102,133,664.99,36.2812,144.043,1008.5129,1,117.85,-91.0,0
m3-102,134,670.0,36.2875,144.043,1008.6086,0,121.2,-91.0,0
m3-102,135,675.01,36.3083,144.7754,1008.5776,1,117.77,-91.0,0
m3-102,136,680.01,36.2687,144.2871,1008.6628,1,121.35,-91.0,0
m3-102,137,685.0,36.3292,144.2871,1008.4438,1,117.94,-91.0,0
m3-102,138,690.01,36.2896,143.7988,1008.583,2,121.22,-91.0,0
m3-102,139,695.02,36.2875,144.2871,1008.5732,1,118.15,-91.0,0
m3-102,140,700.03,36.3125,144.043,1008.5166,1,121.08,-91.0,0
m3-102,141,705.03,36.3062,143.5547,1008.5674,1,117.92,-91.0,0
m3-102,142,710.03,36.3125,143.3106,1008.5598,1,121.1,-91.0,0
m3-102,143,715.03,36.2938,143.7988,1008.4949,1,118.25,-91.0,0
m3-102,144,720.04,36.2833,143.0664,1008.6013,2,121.01,-91.0,0
m3-102,145,725.03,36.3146,143.0664,1008.5915,0,118.14,-91.0,0
m3-102,146,730.04,36.3188,142.8223,1008.532,1,121.06,-91.0,0
m3-102,147,735.05,36.2938,143.0664,1008.5759,1,118.22,-91.0,0
m3-102,148,740.06,36.3438,143.5547,1008.4627,2,121.02,-91.0,0
m3-102,149,745.05,36.3042,144.043,1008.4968,1,118.35,-91.0,0
m3-102,150,750.06,36.3208,144.043,1008.6245,0,121.03,-91.0,0
m3-102,151,755.06,36.3375,144.2871,1008.4631,1,118.17,-91.0,0
m3-102,152,760.05,36.3479,144.043,1008.5469,1,121.03,-91.0,0
m3-102,153,765.06,36.3271,144.2871,1008.5869,1,118.19,-91.0,0
m3-102,154,770.07,36.3583,144.043,1008.5996,1,120.77,-91.0,0
m3-102,155,775.08,36.3396,144.043,1008.5732,0,118.49,-91.0,0
m3-102,156,780.07,36.3604,143.3106,1008.552,1,120.94,-91.0,0
m3-102,157,785.08,36.3646,142.8223,1008.7085,2,118.26,-91.0,0
m3-102,158,790.08,36.3625,142.0898,1008.5217,2,120.99,-91.0,0
m3-102,159,795.09,36.3542,142.8223,1008.4731,1,118.31,-91.0,0
m3-102,160,800.08,36.3875,142.8223,1008.5256,0,121.01,-91.0,0
m3-102,161,805.09,36.3687,143.7988,1008.4956,1,118.44,-91.0,0
m3-102,162,810.1,36.3458,144.043,1008.5356,1,120.81,-91.0,0
m3-102,163,815.09,36.3563,143.7988,1008.4993,1,118.38,-91.0,0
m3-102,164,820.1,36.3521,143.5547,1008.5818,1,120.89,-91.0,0
m3-102,165,825.11,36.3438,144.2871,1008.4949,1,118.45,-91.0,0
m3-102,166,830.11,36.3458,144.043,1008.4416,1,120.79,-91.0,0
m3-102,167,835.1,36.3146,144.2871,1008.5178,1,118.52,-91.0,0
m3-102,168,840.11,36.3542,144.043,1008.3857,1,120.92,-91.0,0
m3-102,169,845.12,36.3458,144.2871,1008.4927,1,118.54,-91.0,0
m3-102,170,850.11,36.3583,144.2871,1008.4229,0,120.5,-91.0,0
m3-102,171,855.12,36.3563,144.7754,1008.5339,2,118.72,-91.0,0
m3-102,172,860.13,36.3667,144.7754,1008.3999,0,120.43,-91.0,0
m3-102,173,865.13,36.3438,145.0195,1008.3872,1,118.6,-91.0,0
m3-102,174,870.13,36.3854,144.5312,1008.3638,1,120.75,-91.0,0
m3-102,175,875.13,36.3333,144.7754,1008.5518,1,118.49,-91.0,0
m3-102,176,880.14,36.4,145.0195,1008.4062,1,120.64,-91.0,0
m3-102,177,885.15,36.3542,145.2637,1008.436,1,118.7,-91.0,0
m3-102,178,890.14,36.3813,145.0195,1008.4546,1,120.69,-91.0,0
m3-102,179,895.15,36.3646,145.0195,1008.4834,0,118.7,-91.0,0
m3-102,180,900.16,36.3583,144.7754,1008.5112,1,120.35,-91.0,0
m3-102,181,905.15,36.3563,145.5078,1008.3374,2,118.59,-91.0,0
m3-102,182,910.16,36.3354,145.2637,1008.4778,1,120.63,-91.0,0
m3-102,183,915.16,36.3708,145.5078,1008.5295,1,118.68,-91.0,0
m3-102,184,920.17,36.3979,144.7754,1008.4365,2,120.56,-91.0,0
m3-102,185,925.16,36.3792,145.2637,1008.5376,1,118.83,-91.0,0
m3-102,186,930.17,36.3833,145.2637,1008.5359,0,120.37,-91.0,0
m3-102,187,935.18,36.4,145.7519,1008.6289,1,119.03,-91.0,0
m3-102,188,940.18,36.4188,145.5078,1008.6157,1,120.16,-91.0,0
m3-102,189,945.18,36.425,145.7519,1008.5039,1,118.83,-91.0,0
m3-102,190,950.18,36.4125,145.2637,1008.6248,2,120.55,-91.0,0
m3-102,191,955.19,36.45,145.5078,1008.5503,1,118.83,-91.0,0
m3-102,192,960.2,36.45,145.0195,1008.5691,1,120.47,-91.0,0
m3-102,193,965.19,36.4458,145.2637,1008.5493,1,118.79,-91.0,0
m3-102,194,970.2,36.4333,145.7519,1008.6169,1,120.46,-91.0,0
m3-102,195,975.21,36.4458,146.2402,1008.5801,1,118.97,-91.0,0
m3-102,196,980.2,36.4562,146.2402,1008.6179,0,120.12,-91.0,0
m3-102,197,985.21,36.4604,147.2168,1008.4905,2,119.26,-91.0,0
m3-102,198,990.21,36.4312,146.7285,1008.6172,2,120.1,-91.0,0
m3-102,199,995.22,36.4396,146.9727,1008.593,1,119.3,-91.0,0
m3-102,200,1000.21,36.4417,145.9961,1008.583,1,119.94,-91.0,0
m3-102,201,1005.22,36.4292,146.2402,1008.5454,1,119.23,-91.0,0
m3-102,202,1010.23,36.4208,145.9961,1008.5679,1,119.84,-91.0,0
m3-102,203,1015.22,36.4479,146.7285,1008.6072,1,119.33,-91.0,0
m3-102,204,1020.23,36.4604,147.2168,1008.6201,1,120.06,-91.0,0
m3-102,205,1025.23,36.4479,147.4609,1008.4585,1,119.22,-91.0,0
m3-102,206,1030.24,36.4479,146.9727,1008.5784,2,119.9,-91.0,0
m3-102,207,1035.23,36.4917,147.2168,1008.6165,1,119.31,-91.0,0
m3-102,208,1040.24,36.4625,146.4844,1008.5562,1,119.95,-91.0,0
m3-102,209,1045.25,36.45,145.9961,1008.4458,2,119.31,-91.0,0
m3-102,210,1050.24,36.4375,145.5078,1008.5198,1,120.07,-91.0,0
m3-102,211,1055.25,36.4438,146.7285,1008.5488,1,119.32,-91.0,0
m3-102,212,1060.26,36.4646,146.7285,1008.6084,0,119.73,-91.0,0
m3-102,213,1065.26,36.4813,146.9727,1008.5872,1,119.22,-91.0,0
m3-102,214,1070.26,36.4813,146.4844,1008.5205,1,120.0,-91.0,0
m3-102,215,1075.26,36.4688,146.7285,1008.5188,1,119.29,-91.0,0
m3-102,216,1080.27,36.4854,146.4844,1008.5049,1,119.9,-91.0,0
m3-102,217,1085.26,36.5042,146.9727,1008.5723,1,119.34,-91.0,0
m3-102,218,1090.27,36.475,146.4844,1008.5767,1,119.85,-91.0,0
m3-102,219,1095.28,36.5021,147.2168,1008.5212,1,119.47,-91.0,0
m3-102,220,1100.28,36.4771,146.9727,1008.5015,1,119.8,-91.0,0
m3-102,221,1105.28,36.4854,147.2168,1008.5012,1,119.57,-91.0,0
m3-102,222,1110.28,36.4646,146.4844,1008.5476,1,119.81,-91.0,0
m3-102,223,1115.29,36.5021,146.7285,1008.4697,1,119.6,-91.0,0
m3-102,224,1120.28,36.4854,145.9961,1008.4668,1,119.62,-91.0,0
m3-102,225,1125.29,36.4667,146.4844,1008.6614,2,119.46,-91.0,0
m3-102,226,1130.3,36.5333,146.7285,1008.6228,1,119.77,-91.0,0
m3-102,227,1135.31,36.4917,147.2168,1008.5151,2,119.68,-91.0,0
m3-102,228,1140.3,36.4813,147.4609,1008.5046,1,119.7,-91.0,0
m3-102,229,1145.3,36.4896,147.2168,1008.5603,1,119.49,-91.0,0
m3-102,230,1150.31,36.5187,146.9727,1008.6399,1,119.85,-91.0,0
m3-102,231,1155.3,36.5312,146.9727,1008.5703,0,119.56,-91.0,0
m3-102,232,1160.31,36.5083,146.7285,1008.512,1,119.84,-91.0,0
m3-102,233,1165.32,36.5042,147.7051,1008.4568,1,119.6,-91.0,0
m3-102,234,1170.33,36.5021,147.7051,1008.5356,0,119.64,-91.0,0
m3-102,235,1175.32,36.5104,148.4375,1008.4915,1,119.65,-91.0,0
m3-102,236,1180.33,36.4958,148.1934,1008.4905,1,119.6,-91.0,0
m3-102,237,1185.33,36.5063,148.6816,1008.6072,2,119.72,-91.0,0
m3-102,238,1190.33,36.5271,148.4375,1008.5156,1,119.39,-91.0,0
m3-102,239,1195.33,36.525,149.1699,1008.5454,1,119.86,-91.0,0
m3-102,240,1200.34,36.5312,148.9258,1008.4849,1,119.35,-91.0,0
m3-102,241,1205.35,36.5063,149.6582,1008.4871,1,119.72,-91.0,0
m3-102,242,1210.34,36.5146,149.4141,1008.5784,1,119.34,-91.0,0
m3-102,243,1215.35,36.5333,149.9023,1008.5115,1,119.78,-91.0,0
m3-102,244,1220.36,36.525,150.1465,1008.5493,1,119.16,-91.0,0
m3-102,245,1225.36,36.5333,150.3906,1008.5454,1,120.08,-91.0,0
m3-102,246,1230.35,36.5292,150.3906,1008.4385,0,119.11,-91.0,0
m3-102,247,1235.36,36.5229,150.6348,1008.648,1,119.88,-91.0,0
m3-102,248,1240.37,36.5187,150.1465,1008.5576,1,119.19,-91.0,0
m3-102,249,1245.36,36.5354,150.3906,1008.6416,1,119.99,-91.0,0
m3-102,250,1250.37,36.5354,150.3906,1008.6411,0,119.2,-91.0,0
m3-102,251,1255.38,36.575,151.1231,1008.5925,1,119.76,-91.0,0
m3-102,252,1260.37,36.5396,151.1231,1008.5164,0,119.18,-91.0,0
m3-102,253,1265.38,36.5396,151.6113,1008.5432,1,119.82,-91.0,0
m3-102,254,1270.38,36.5583,151.1231,1008.3396,2,118.9,-91.0,0
m3-102,255,1275.39,36.5104,151.3672,1008.5029,1,120.01,-91.0,0
m3-102,256,1280.38,36.5375,151.1231,1008.5283,1,119.11,-91.0,0
m3-102,257,1285.39,36.5479,151.3672,1008.5457,1,119.99,-91.0,0
m3-102,258,1290.4,36.5583,151.3672,1008.5828,0,119.07,-91.0,0
m3-102,259,1295.41,36.5292,152.0996,1008.5217,1,120.08,-91.0,0
m3-102,260,1300.4,36.5479,151.3672,1008.5344,1,118.8,-91.0,0
m3-102,261,1305.4,36.5812,146.7285,1008.5742,1,120.15,-91.0,0
m3-102,262,1310.41,36.5583,151.6113,1008.509,1,119.08,-91.0,0
m3-102,263,1315.4,36.5604,151.6113,1008.5054,0,120.13,-91.0,0
m3-102,264,1320.41,36.5479,151.1231,1008.542,1,118.74,-91.0,0
m3-102,265,1325.42,36.5562,151.3672,1008.5847,1,120.25,-91.0,0
m3-102,266,1330.43,36.5562,150.8789,1008.541,1,118.77,-91.0,0
m3-102,267,1335.42,36.55,151.3672,1008.5066,1,120.18,-91.0,0
m3-102,268,1340.43,36.5625,151.1231,1008.5085,1,119.04,-91.0,0
m3-102,269,1345.43,36.5562,151.8555,1008.448,1,120.11,-91.0,0
m3-102,270,1350.43,36.5292,151.8555,1008.5193,0,118.57,-91.0,0
m3-102,271,1355.43,36.5333,152.3438,1008.4597,1,120.25,-91.0,0
m3-102,272,1360.44,36.55,152.3438,1008.4714,0,118.65,-91.0,0
m3-102,273,1365.45,36.55,153.0762,1008.3013,2,120.36,-91.0,0
m3-102,274,1370.44,36.5042,153.0762,1008.3369,0,118.68,-91.0,0
m3-102,275,1375.45,36.525,153.3203,1008.3264,1,120.31,-91.0,0
m3-102,276,1380.46,36.5333,153.0762,1008.4251,1,118.6,-91.0,0
m3-102,277,1385.45,36.5562,153.0762,1008.5247,0,120.15,-91.0,0
m3-102,278,1390.45,36.5708,152.3438,1008.5117,1,118.72,-91.0,0
m3-102,279,1395.46,36.5708,152.3438,1008.4631,0,120.24,-91.0,0
m3-102,280,1400.47,36.5729,151.8555,1008.5027,1,118.55,-91.0,0
m3-102,281,1405.46,36.5771,151.8555,1008.4453,0,120.51,-91.0,0
m3-102,282,1410.47,36.5542,151.6113,1008.5078,1,118.45,-91.0,0
m3-102,283,1415.48,36.5771,152.3438,1008.4959,1,120.58,-91.0,0
m3-102,284,1420.47,36.6063,152.0996,1008.5027,1,118.41,-91.0,0
m3-102,285,1425.48,36.5833,152.5879,1008.5151,1,120.74,-91.0,0
m3-102,286,1430.48,36.5792,152.0996,1008.5007,1,118.3,-91.0,0
m3-102,287,1435.49,36.5625,152.832,1008.4326,1,120.29,-91.0,0
m3-102,288,1440.48,36.55,152.832,1008.4695,0,118.52,-91.0,0
m3-102,289,1445.49,36.5896,153.0762,1008.4434,1,120.38,-91.0,0
m3-102,290,1450.5,36.5625,153.0762,1008.4756,0,118.21,-91.0,0
m3-102,291,1455.49,36.5667,153.0762,1008.2949,0,120.72,-91.0,0
m3-102,292,1460.5,36.5396,153.0762,1008.5508,1,118.34,-91.0,0
m3-102,293,1465.5,36.5812,154.541,1008.4744,1,120.52,-91.0,0
m3-102,294,1470.51,36.5792,153.8086,1008.4888,1,118.28,-91.0,0
m3-102,295,1475.5,36.5854,154.541,1008.4753,1,120.56,-91.0,0
m3-102,296,1480.51,36.5958,154.0527,1008.4419,1,118.16,-91.0,0
m3-102,297,1485.52,36.5938,154.2969,1008.3413,1,120.78,-91.0,0
m3-102,298,1490.53,36.575,154.2969,1008.4241,0,118.22,-91.0,0
m3-102,299,1495.52,36.5771,154.7852,1008.4731,1,120.57,-91.0,0
m3-102,300,1500.53,36.5833,154.541,1008.4688,1,118.17,-91.0,0
m3-102,301,1505.53,36.5729,154.7852,1008.4941,1,120.69,-91.0,0
m3-102,302,1510.52,36.5771,154.7852,1008.3506,0,118.26,-91.0,0
m3-102,303,1515.53,36.5854,155.0293,1008.3406,1,120.65,-91.0,0
m3-102,304,1520.54,36.5646,155.0293,1008.4448,0,118.13,-91.0,0
m3-102,305,1525.55,36.6104,155.2734,1008.3433,1,120.73,-91.0,0
m3-102,306,1530.54,36.5542,155.0293,1008.4019,1,117.9,-91.0,0
m3-102,307,1535.55,36.5979,155.2734,1008.408,1,120.83,-91.0,0
m3-102,308,1540.55,36.5875,155.2734,1008.4482,0,117.95,-91.0,0
m3-102,309,1545.56,36.5854,155.7617,1008.3555,1,120.83,-91.0,0
m3-102,310,1550.55,36.6021,155.7617,1008.2976,0,118.07,-91.0,0
m3-102,311,1555.56,36.5625,156.25,1008.3281,1,120.79,-91.0,0
m3-102,312,1560.57,36.5708,155.7617,1008.3904,1,117.75,-91.0,0
m3-102,313,1565.56,36.6104,156.0059,1008.2835,1,121.03,-91.0,0
m3-102,314,1570.57,36.5708,155.7617,1008.2993,1,117.76,-91.0,0
m3-102,315,1575.58,36.5833,156.25,1008.3892,1,121.08,-91.0,0
m3-102,316,1580.58,36.5833,155.7617,1008.3557,1,117.85,-91.0,0
m3-102,317,1585.58,36.6187,156.25,1008.5054,2,120.86,-91.0,0
m3-102,318,1590.58,36.6271,156.25,1008.3931,0,117.84,-91.0,0
m3-102,319,1595.59,36.5833,156.25,1008.4456,0,120.91,-91.0,0
m3-102,320,1600.6,36.5896,155.2734,1008.4824,1,117.83,-91.0,0
m3-102,321,1605.59,36.6271,155.5176,1008.3662,1,121.13,-91.0,0
m3-102,322,1610.6,36.6021,155.7617,1008.3921,1,117.6,-91.0,0
m3-102,323,1615.6,36.6021,156.4941,1008.3926,1,121.22,-91.0,0
m3-102,324,1620.6,36.625,156.0059,1008.436,1,117.52,-91.0,0
m3-102,325,1625.6,36.6333,156.25,1008.3762,1,120.98,-91.0,0
m3-102,326,1630.61,36.6083,155.7617,1008.3516,1,117.65,-91.0,0
m3-102,327,1635.62,36.6146,156.25,1008.2964,1,121.23,-91.0,0
m3-102,328,1640.61,36.6208,156.0059,1008.4128,1,117.47,-91.0,0
m3-102,329,1645.62,36.6146,156.4941,1008.3977,1,121.27,-91.0,0
m3-102,330,1650.63,36.5979,156.0059,1008.3025,1,117.47,-91.0,0
m3-102,331,1655.62,36.6063,156.4941,1008.3174,1,121.25,-91.0,0
m3-102,332,1660.63,36.5896,156.25,1008.2485,1,117.47,-91.0,0
m3-102,333,1665.63,36.6146,156.9824,1008.387,2,121.43,-91.0,0
m3-102,334,1670.64,36.625,156.7383,1008.3853,1,117.55,-91.0,0
m3-102,335,1675.63,36.6313,156.9824,1008.2715,1,121.07,-91.0,0
m3-102,336,1680.64,36.6125,156.4941,1008.3674,1,117.65,-91.0,0
m3-102,337,1685.65,36.6167,156.0059,1008.5205,2,121.28,-91.0,0
m3-102,338,1690.64,36.65,155.5176,1008.3415,2,117.55,-91.0,0
m3-102,339,1695.65,36.6208,155.5176,1008.3784,0,121.43,-91.0,0
m3-102,340,1700.66,36.6333,154.541,1008.3962,1,117.41,-91.0,0
m3-102,341,1705.66,36.6271,154.541,1008.471,0,121.61,-91.0,0
m3-102,342,1710.65,36.6646,154.541,1008.54,0,117.23,-91.0,0
m3-102,343,1715.66,36.6562,156.0059,1008.4441,2,121.62,-91.0,0
m3-102,344,1720.67,36.6771,155.7617,1008.353,1,117.28,-91.0,0
m3-102,345,1725.66,36.6187,155.0293,1008.2576,2,121.72,-91.0,0
m3-102,346,1730.67,36.6229,154.541,1008.5112,2,117.33,-91.0,0
m3-102,347,1735.68,36.6688,154.7852,1008.3245,1,121.71,-91.0,0
m3-102,348,1740.68,36.625,155.0293,1008.3855,1,117.08,-91.0,0
m3-102,349,1745.68,36.6271,155.7617,1008.4736,1,121.74,-91.0,0
m3-102,350,1750.68,36.6292,155.5176,1008.3882,1,117.28,-91.0,0
m3-102,351,1755.69,36.6396,155.0293,1008.4329,1,121.47,-91.0,0
m3-102,352,1760.68,36.6396,155.0293,1008.4351,0,117.33,-91.0,0
m3-102,353,1765.69,36.6604,155.0293,1008.3879,0,121.51,-91.0,0
m3-102,354,1770.7,36.6396,154.7852,1008.2876,1,117.18,-91.0,0
m3-102,355,1775.7,36.6208,155.2734,1008.3362,1,121.78,-91.0,0
m3-102,356,1780.7,36.6375,154.2969,1008.3413,1,117.17,-91.0,0
m3-102,357,1785.7,36.625,155.2734,1008.4646,2,121.85,-91.0,0
m3-102,358,1790.71,36.6708,156.0059,1008.4077,1,117.08,-91.0,0
m3-102,359,1795.7,36.6667,155.2734,1008.3677,1,121.75,-91.0,0
m3-102,360,1800.71,36.6479,156.25,1008.1975,2,117.12,-91.0,0
m3-102,361,1805.72,36.6604,156.4941,1008.4148,1,121.67,-91.0,0
m3-102,362,1810.73,36.6479,156.25,1008.3572,1,117.27,-91.0,0
m3-102,363,1815.72,36.6437,156.25,1008.269,0,121.61,-91.0,0
m3-102,364,1820.73,36.6521,155.7617,1008.3528,1,116.97,-91.0,0
m3-102,365,1825.73,36.6479,155.7617,1008.4402,0,121.65,-91.0,0
m3-102,366,1830.72,36.6542,155.2734,1008.332,1,117.29,-91.0,0
m3-102,367,1835.73,36.6458,154.7852,1008.3967,1,121.57,-91.0,0
m3-102,368,1840.74,36.6625,154.7852,1008.4551,0,117.29,-91.0,0
m3-102,369,1845.75,36.6604,155.5176,1008.4309,1,121.66,-91.0,0
m3-102,370,1850.74,36.6625,155.5176,1008.417,0,117.18,-91.0,0
m3-102,371,1855.75,36.6646,155.2734,1008.4419,1,121.61,-91.0,0
m3-102,372,1860.75,36.6646,154.7852,1008.4695,1,117.43,-91.0,0
m3-102,373,1865.76,36.6792,154.7852,1008.4426,0,121.59,-91.0,0
m3-102,374,1870.75,36.6792,154.0527,1008.3262,2,117.3,-91.0,0
m3-102,375,1875.76,36.65,154.2969,1008.4304,1,121.63,-91.0,0
m3-102,376,1880.77,36.6938,154.541,1008.5193,1,117.4,-91.0,0
m3-102,377,1885.76,36.6854,153.8086,1008.3757,2,121.77,-91.0,0
m3-102,378,1890.77,36.6604,154.0527,1008.3362,1,117.37,-91.0,0
m3-102,379,1895.78,36.6771,154.541,1008.5361,2,121.58,-91.0,0
m3-102,380,1900.78,36.6979,154.7852,1008.5461,1,117.39,-91.0,0
m3-102,381,1905.78,36.6938,153.8086,1008.3845,2,121.57,-91.0,0
m3-102,382,1910.78,36.6917,153.8086,1008.491,0,117.38,-91.0,0
m3-102,383,1915.79,36.6833,154.0527,1008.4622,1,121.39,-91.0,0
m3-102,384,1920.8,36.6979,154.0527,1008.5239,0,117.72,-91.0,0
m3-102,385,1925.79,36.7437,153.3203,1008.4705,1,121.43,-91.0,0
m3-102,386,1930.8,36.6938,152.832,1008.4863,1,117.48,-91.0,0
m3-102,387,1935.8,36.7021,152.5879,1008.6353,1,121.39,-91.0,0
m3-102,388,1940.8,36.7104,152.0996,1008.4116,2,117.67,-91.0,0
m3-102,389,1945.8,36.6917,151.3672,1008.4526,1,121.65,-91.0,0
m3-102,390,1950.81,36.6792,152.3438,1008.4658,1,117.53,-91.0,0
m3-102,391,1955.82,36.6896,152.5879,1008.4949,1,121.55,-91.0,0
m3-102,392,1960.81,36.7104,152.5879,1008.428,0,117.55,-91.0,0
m3-102,393,1965.82,36.6917,152.3438,1008.4553,1,121.55,-91.0,0
m3-102,394,1970.83,36.6854,153.0762,1008.613,2,117.68,-91.0,0
m3-102,395,1975.82,36.7104,153.0762,1008.439,0,121.51,-91.0,0
m3-102,396,1980.83,36.6896,153.8086,1008.4612,1,117.47,-91.0,0
m3-102,397,1985.83,36.6854,153.3203,1008.4304,1,121.42,-91.0,0
m3-102,398,1990.84,36.6938,153.8086,1008.3494,1,117.78,-91.0,0
m3-102,399,1995.85,36.7,153.3203,1008.387,1,121.29,-91.0,0
m3-102,400,2000.84,36.6833,153.5644,1008.3584,1,117.7,-91.0,0
m3-102,401,2005.85,36.6875,153.8086,1008.4312,1,121.26,-91.0,0
m3-102,402,2010.85,36.6979,154.541,1008.3769,1,117.92,-91.0,0
m3-102,403,2015.85,36.6917,154.2969,1008.488,1,120.93,-91.0,0
m3-102,404,2020.85,36.7125,154.7852,1008.4858,1,117.88,-91.0,0
m3-102,405,2025.86,36.725,154.0527,1008.4797,1,121.09,-91.0,0
m3-102,406,2030.87,36.6979,154.0527,1008.4665,0,117.94,-91.0,0
m3-102,407,2035.86,36.7146,154.0527,1008.4807,0,121.21,-91.0,0
m3-102,408,2040.87,36.7146,154.7852,1008.4202,1,117.93,-91.0,0
m3-102,409,2045.88,36.7,154.7852,1008.533,0,120.76,-91.0,0
m3-102,410,2050.88,36.7021,154.7852,1008.4473,0,118.1,-91.0,0
m3-102,411,2055.88,36.7104,154.2969,1008.4194,1,120.78,-91.0,0
m3-102,412,2060.88,36.7104,154.541,1008.4878,1,118.01,-91.0,0
m3-102,413,2065.89,36.725,154.0527,1008.5283,1,120.94,-91.0,0
m3-102,414,2070.9,36.7521,154.541,1008.4448,1,118.09,-91.0,0
m3-102,415,2075.89,36.725,154.541,1008.5132,0,120.97,-91.0,0
m3-102,416,2080.9,36.7396,155.2734,1008.4365,1,118.08,-91.0,0
m3-102,417,2085.91,36.7292,154.7852,1008.6152,2,120.78,-91.0,0
m3-102,418,2090.9,36.7542,155.2734,1008.529,1,118.01,-91.0,0
m3-102,419,2095.9,36.7375,155.0293,1008.5373,1,121.02,-91.0,0
m3-102,420,2100.91,36.7354,155.2734,1008.5574,1,118.09,-91.0,0
m3-102,421,2105.92,36.7375,155.0293,1008.5261,1,120.74,-91.0,0
m3-102,422,2110.91,36.7396,155.2734,1008.4788,1,117.98,-91.0,0
m3-102,423,2115.92,36.7292,154.7852,1008.5103,1,120.85,-91.0,0
m3-102,424,2120.93,36.7458,155.0293,1008.5684,1,118.16,-91.0,0
m3-102,425,2125.92,36.7458,155.2734,1008.4416,1,120.77,-91.0,0
m3-102,426,2130.93,36.7437,155.2734,1008.5242,0,118.24,-91.0,0
m3-102,427,2135.93,36.7417,155.0293,1008.5625,1,120.69,-91.0,0
m3-102,428,2140.94,36.75,155.7617,1008.5686,1,118.32,-91.0,0
m3-102,429,2145.93,36.7479,155.7617,1008.5068,0,120.46,-91.0,0
m3-102,430,2150.94,36.7542,156.25,1008.5852,1,118.4,-91.0,0
m3-102,431,2155.95,36.7479,156.25,1008.4968,0,120.5,-91.0,0
m3-102,432,2160.96,36.7417,156.4941,1008.4763,1,118.37,-91.0,0
m3-102,433,2165.95,36.7625,156.0059,1008.5,1,120.55,-91.0,0
m3-102,434,2170.95,36.725,155.2734,1008.4695,1,118.28,-91.0,0
m3-102,435,2175.96,36.7292,155.5176,1008.5098,1,120.52,-91.0,0
m3-102,436,2180.95,36.725,155.7617,1008.4956,1,118.44,-91.0,0
m3-102,437,2185.96,36.7479,155.7617,1008.5566,0,120.57,-91.0,0
m3-102,438,2190.97,36.75,156.25,1008.5085,1,118.46,-91.0,0
m3-102,439,2195.98,36.775,156.25,1008.4834,0,120.58,-91.0,0
m3-103,1,4.56,35.9604,100.5859,1008.8411,1,115.35,-91.0,0
m3-103,2,9.57,35.9521,101.0742,1008.8711,1,117.07,-91.0,0
m3-103,3,14.56,35.9979,101.0742,1008.9106,0,116.04,-91.0,0
m3-103,4,19.57,36.0146,101.3184,1008.8154,1,117.12,-91.0,0
m3-103,5,24.58,35.9937,101.0742,1008.9441,1,116.12,-91.0,0
m3-103,6,29.57,36.0688,101.5625,1008.8418,2,117.18,-91.0,0
m3-103,7,34.57,36.0375,101.0742,1008.9824,2,116.13,-91.0,0
m3-103,8,39.58,36.1021,101.3184,1009.064,1,117.31,-91.0,0
m3-103,9,44.59,36.1562,101.0742,1008.8989,1,115.79,-91.0,0
m3-103,10,49.58,36.1125,101.5625,1008.9419,1,117.43,-91.0,0
m3-103,11,54.59,36.1313,101.3184,1008.9683,1,115.76,-91.0,0
m3-103,12,59.6,36.1771,101.3184,1008.9627,0,117.41,-91.0,0
m3-103,13,64.59,36.1667,101.0742,1008.8731,1,115.85,-91.0,0
m3-103,14,69.6,36.1771,101.0742,1009.0046,0,117.48,-91.0,0
m3-103,15,74.6,36.225,100.5859,1008.926,1,115.94,-91.0,0
m3-103,16,79.61,36.2375,100.8301,1008.9021,1,117.36,-91.0,0
m3-103,17,84.6,36.225,100.5859,1008.9153,1,115.74,-91.0,0
m3-103,18,89.61,36.2687,100.8301,1009.0388,1,117.71,-91.0,0
m3-103,19,94.62,36.2833,100.3418,1008.9605,1,115.57,-91.0,0
m3-103,20,99.63,36.2812,100.5859,1008.9526,1,117.6,-91.0,0
m3-103,21,104.62,36.2896,100.3418,1008.9639,1,115.69,-91.0,0
m3-103,22,109.63,36.3,100.8301,1008.9763,1,117.68,-91.0,0
m3-103,23,114.63,36.3188,100.3418,1008.8662,2,115.8,-91.0,0
m3-103,24,119.62,36.2938,100.5859,1008.8796,1,117.56,-91.0,0
m3-103,25,124.63,36.3354,100.0977,1008.9011,1,115.65,-91.0,0
m3-103,26,129.64,36.3271,100.5859,1008.8403,1,117.76,-91.0,0
m3-103,27,134.65,36.3479,100.0977,1008.9277,1,115.56,-91.0,0
m3-103,28,139.64,36.3625,100.0977,1008.9561,0,117.65,-91.0,0
m3-103,29,144.65,36.3854,100.0977,1008.9478,0,115.59,-91.0,0
m3-103,30,149.65,36.3708,100.3418,1008.8716,1,117.98,-91.0,0
m3-103,31,154.65,36.3979,99.8535,1008.9282,1,115.65,-91.0,0
m3-103,32,159.65,36.3979,100.3418,1008.958,1,117.75,-91.0,0
m3-103,33,164.66,36.4271,100.0977,1008.9458,1,115.52,-91.0,0
m3-103,34,169.67,36.4271,100.8301,1008.9863,1,117.96,-91.0,0
m3-103,35,174.66,36.4354,100.8301,1008.8938,0,115.4,-91.0,0
m3-103,36,179.67,36.4375,101.3184,1008.8687,1,118.01,-91.0,0
m3-103,37,184.68,36.4292,101.3184,1008.9334,0,115.54,-91.0,0
m3-103,38,189.67,36.45,101.5625,1008.8791,1,118.12,-91.0,0
m3-103,39,194.68,36.4375,101.3184,1008.8745,1,115.32,-91.0,0
m3-103,40,199.68,36.4521,102.0508,1008.9265,1,118.04,-91.0,0
m3-103,41,204.69,36.5063,101.5625,1009.0034,1,115.37,-91.0,0
m3-103,42,209.68,36.4958,101.5625,1008.9568,0,117.94,-91.0,0
m3-103,43,214.69,36.5438,101.8066,1008.9092,1,115.37,-91.0,0
m3-103,44,219.7,36.5104,102.0508,1009.0269,1,118.16,-91.0,0
m3-103,45,224.69,36.5375,101.8066,1008.9207,1,115.32,-91.0,0
m3-103,46,229.7,36.5208,101.8066,1008.9089,0,118.11,-91.0,0
m3-103,47,234.7,36.5312,101.0742,1008.8962,1,115.4,-91.0,0
m3-103,48,239.71,36.5146,101.5625,1008.9326,1,118.18,-91.0,0
m3-103,49,244.7,36.5479,101.8066,1008.8743,1,115.2,-91.0,0
m3-103,50,249.71,36.5479,102.2949,1008.9939,2,118.21,-91.0,0
m3-103,51,254.72,36.5646,101.8066,1008.8579,2,115.12,-91.0,0
m3-103,52,259.71,36.5396,102.0508,1008.9661,1,118.41,-91.0,0
m3-103,53,264.72,36.5562,101.8066,1008.9148,1,115.13,-91.0,0
m3-103,54,269.73,36.6,102.0508,1008.8569,1,118.31,-91.0,0
m3-103,55,274.73,36.5458,101.5625,1008.8962,1,114.96,-91.0,0
m3-103,56,279.73,36.5771,102.0508,1008.8606,1,118.38,-91.0,0
m3-103,57,284.73,36.5792,102.0508,1008.8345,0,115.19,-91.0,0
m3-103,58,289.74,36.5875,102.2949,1008.9321,1,118.28,-91.0,0
m3-103,59,294.73,36.6021,102.0508,1008.9451,1,115.21,-91.0,0
m3-103,60,299.74,36.6229,102.0508,1008.875,0,118.29,-91.0,0
m3-103,61,304.75,36.5979,101.8066,1008.7913,1,115.09,-91.0,0
m3-103,62,309.76,36.5896,101.8066,1008.9895,0,118.38,-91.0,0
m3-103,63,314.75,36.6375,101.8066,1008.9165,0,114.99,-91.0,0
m3-103,64,319.75,36.6271,101.8066,1009.0144,0,118.36,-91.0,0
m3-103,65,324.76,36.6917,101.8066,1008.814,1,115.02,-91.0,0
m3-103,66,329.75,36.6187,102.2949,1008.9861,2,118.47,-91.0,0
m3-103,67,334.76,36.675,102.2949,1008.9763,0,115.22,-91.0,0
m3-103,68,339.77,36.6875,102.7832,1009.0041,1,118.42,-91.0,0
m3-103,69,344.78,36.6667,102.5391,1008.9075,1,114.93,-91.0,0
m3-103,70,349.77,36.6458,103.2715,1008.9199,1,118.38,-91.0,0
m3-103,71,354.78,36.6792,103.0273,1008.9907,1,114.99,-91.0,0
m3-103,72,359.78,36.6896,103.0273,1008.9802,0,118.56,-91.0,0
m3-103,73,364.78,36.6958,102.7832,1009.012,1,114.96,-91.0,0
m3-103,74,369.78,36.7104,103.0273,1009.029,1,118.49,-91.0,0
m3-103,75,374.79,36.7021,102.5391,1008.9126,2,114.86,-91.0,0
m3-103,76,379.8,36.6917,102.5391,1008.937,0,118.76,-91.0,0
m3-103,77,384.79,36.725,102.2949,1008.9055,1,114.62,-91.0,0
m3-103,78,389.8,36.6896,102.5391,1008.9414,1,118.77,-91.0,0
m3-103,79,394.81,36.7437,102.2949,1009.0386,1,114.73,-91.0,0
m3-103,80,399.8,36.7812,102.7832,1008.9111,2,118.83,-91.0,0
m3-103,81,404.8,36.7104,102.7832,1008.9856,0,114.7,-91.0,0
m3-103,82,409.81,36.7354,103.2715,1008.8457,2,118.78,-91.0,0
m3-103,83,414.82,36.7313,103.0273,1008.7922,1,114.76,-91.0,0
m3-103,84,419.81,36.7375,103.7598,1008.7964,1,118.62,-91.0,0
m3-103,85,424.82,36.7354,103.5156,1008.9514,1,114.76,-91.0,0
m3-103,86,429.83,36.7521,104.0039,1008.9521,1,118.91,-91.0,0
m3-103,87,434.82,36.7604,104.0039,1008.967,0,114.65,-91.0,0
m3-103,88,439.83,36.75,104.7363,1008.8936,1,118.82,-91.0,0
m3-103,89,444.83,36.7646,105.2246,1008.916,1,114.63,-91.0,0
m3-103,90,449.84,36.7812,105.4688,1008.897,1,118.86,-91.0,0
m3-103,91,454.83,36.7917,104.9805,1009.0327,2,114.48,-91.0,0
m3-103,92,459.84,36.8,105.2246,1008.905,1,118.9,-91.0,0
m3-103,93,464.85,36.7812,104.9805,1009.0955,1,114.47,-91.0,0
m3-103,94,469.84,36.8604,105.4688,1008.9131,2,119.09,-91.0,0
m3-103,95,474.85,36.8,104.9805,1008.8596,1,114.57,-91.0,0
m3-103,96,479.86,36.7979,105.7129,1008.8713,1,118.98,-91.0,0
m3-103,97,484.86,36.7875,105.7129,1008.9529,0,114.32,-91.0,0
m3-103,98,489.85,36.8104,105.957,1008.99,1,119.02,-91.0,0
m3-103,99,494.86,36.7917,105.957,1008.8933,0,114.48,-91.0,0
m3-103,100,499.87,36.8042,106.2012,1008.8281,1,118.97,-91.0,0
m3-103,101,504.88,36.7896,105.957,1008.9341,1,114.59,-91.0,0
m3-103,102,509.87,36.8146,105.957,1008.9812,0,119.03,-91.0,0
m3-103,103,514.88,36.8583,105.4688,1008.948,1,114.28,-91.0,0
m3-103,104,519.88,36.8333,105.957,1008.937,1,119.03,-91.0,0
m3-103,105,524.89,36.8417,105.7129,1008.9839,1,114.42,-91.0,0
m3-103,106,529.88,36.8417,106.2012,1008.9971,1,119.05,-91.0,0
m3-103,107,534.89,36.85,105.7129,1008.9097,1,114.38,-91.0,0
m3-103,108,539.9,36.8396,105.957,1008.8672,1,119.05,-91.0,0
m3-103,109,544.91,36.8312,105.957,1008.9653,0,114.64,-91.0,0
m3-103,110,549.9,36.8771,105.957,1008.8728,0,118.7,-91.0,0
m3-103,111,554.91,36.8417,105.957,1008.9766,0,114.6,-91.0,0
m3-103,112,559.91,36.8458,105.957,1008.9002,0,118.94,-91.0,0
m3-103,113,564.92,36.8563,105.957,1008.9292,0,114.54,-91.0,0
m3-103,114,569.91,36.8542,105.7129,1008.8538,1,118.92,-91.0,0
m3-103,115,574.92,36.8708,105.7129,1008.884,0,114.75,-91.0,0
m3-103,116,579.93,36.8646,105.4688,1008.8691,1,118.75,-91.0,0
m3-103,117,584.94,36.8375,105.957,1009.0098,2,114.77,-91.0,0
m3-103,118,589.93,36.9146,105.957,1008.7566,1,118.7,-91.0,0
m3-103,119,594.94,36.8354,106.4453,1008.906,2,114.7,-91.0,0
m3-103,120,599.94,36.8708,106.2012,1008.9678,1,118.72,-91.0,0
m3-103,121,604.95,36.8896,106.6894,1008.8564,2,114.73,-91.0,0
m3-103,122,609.94,36.9042,106.2012,1008.969,2,118.82,-91.0,0
m3-103,123,614.95,36.9,106.9336,1008.8731,1,114.75,-91.0,0
m3-103,124,619.96,36.9146,106.4453,1008.9619,1,118.65,-91.0,0
m3-103,125,624.97,36.9062,107.1777,1009.0112,1,114.82,-91.0,0
m3-103,126,629.97,36.925,106.6894,1009.0505,1,118.69,-91.0,0
m3-103,127,634.96,36.9208,107.4219,1008.9553,1,114.81,-91.0,0
m3-103,128,639.97,36.9062,107.4219,1009.012,0,118.5,-91.0,0
m3-103,129,644.98,36.95,107.4219,1008.9712,0,114.88,-91.0,0
m3-103,130,649.99,36.9333,107.1777,1008.9839,1,118.67,-91.0,0
m3-103,131,654.98,36.9312,107.666,1008.9517,1,115.01,-91.0,0
m3-103,132,659.99,36.9458,107.666,1008.8984,0,118.31,-91.0,0
m3-103,133,664.99,36.9167,107.9102,1008.905,1,114.99,-91.0,0
m3-103,134,670.0,36.9208,107.666,1009.0344,1,118.52,-91.0,0
m3-103,135,675.01,36.95,108.3984,1008.9058,2,114.98,-91.0,0
m3-103,136,680.0,36.9271,107.666,1008.8972,1,118.31,-91.0,0
m3-103,137,685.01,36.9167,107.9102,1008.8076,1,115.2,-91.0,0
m3-103,138,690.02,36.925,107.666,1008.8606,1,118.47,-91.0,0
m3-103,139,695.02,36.9354,107.9102,1008.9421,1,114.98,-91.0,0
m3-103,140,700.02,36.9521,107.666,1008.9021,1,118.37,-91.0,0
m3-103,141,705.02,36.9458,107.666,1008.8862,0,115.2,-91.0,0
m3-103,142,710.03,36.9375,107.4219,1008.9263,1,118.32,-91.0,0
m3-103,143,715.04,36.9458,107.666,1008.9443,1,115.07,-91.0,0
m3-103,144,720.03,36.9667,107.4219,1008.9592,1,118.47,-91.0,0
m3-103,145,725.04,36.9833,107.4219,1009.0627,0,115.15,-91.0,0
m3-103,146,730.05,37.0063,107.1777,1008.9854,1,118.22,-91.0,0
m3-103,147,735.04,36.9896,107.666,1008.9795,1,115.34,-91.0,0
m3-103,148,740.05,36.9646,107.4219,1008.9665,1,118.11,-91.0,0
m3-103,149,745.05,36.9875,107.9102,1008.9988,1,115.29,-91.0,0
m3-103,150,750.06,36.9688,107.9102,1008.8767,0,118.0,-91.0,0
m3-103,151,755.05,36.9688,108.1543,1008.8782,1,115.52,-91.0,0
m3-103,152,760.06,36.9646,107.9102,1008.8972,1,118.11,-91.0,0
m3-103,153,765.07,36.9583,108.3984,1008.9556,1,115.4,-91.0,0
m3-103,154,770.08,37.0229,107.9102,1008.8914,1,118.06,-91.0,0
m3-103,155,775.07,36.9875,108.1543,1008.8989,1,115.49,-91.0,0
m3-103,156,780.07,37.0042,107.666,1008.9922,1,117.97,-91.0,0
m3-103,157,785.08,37.0167,107.4219,1008.907,1,115.5,-91.0,0
m3-103,158,790.07,36.9958,106.6894,1008.96,1,118.07,-91.0,0
m3-103,159,795.08,37.0042,107.1777,1008.9102,1,115.56,-91.0,0
m3-103,160,800.09,36.9875,107.1777,1008.8249,0,118.04,-91.0,0
m3-103,161,805.1,36.9854,107.9102,1008.9592,2,115.48,-91.0,0
m3-103,162,810.09,37.0125,107.9102,1008.9983,0,118.0,-91.0,0
m3-103,163,815.1,37.0292,108.1543,1008.9631,1,115.47,-91.0,0
m3-103,164,820.1,36.9937,107.9102,1009.0754,1,117.92,-91.0,0
m3-103,165,825.1,37.0021,108.1543,1008.9392,1,115.55,-91.0,0
m3-103,166,830.1,37.0063,108.1543,1009.0312,0,118.07,-91.0,0
m3-103,167,835.11,37.0562,108.3984,1009.041,1,115.67,-91.0,0
m3-103,168,840.12,37.0479,108.1543,1009.0481,1,117.7,-91.0,0
m3-103,169,845.11,37.0229,108.1543,1008.9163,0,115.85,-91.0,0
m3-103,170,850.12,36.9979,108.1543,1008.8545,0,117.76,-91.0,0
m3-103,171,855.13,37.0229,108.6426,1008.9849,2,115.59,-91.0,0
m3-103,172,860.12,37.0292,108.3984,1008.948,1,117.73,-91.0,0
m3-103,173,865.12,37.0083,108.6426,1009.0005,1,115.94,-91.0,0
m3-103,174,870.13,37.0354,108.3984,1008.9934,1,117.71,-91.0,0
m3-103,175,875.14,37.0771,108.6426,1008.9519,1,115.83,-91.0,0
m3-103,176,880.13,37.0417,108.8867,1008.9028,1,117.6,-91.0,0
m3-103,177,885.14,37.0354,108.8867,1008.9602,0,115.82,-91.0,0
m3-103,178,890.15,37.0458,108.6426,1009.0713,1,117.64,-91.0,0
m3-103,179,895.15,37.0833,108.6426,1009.0608,0,115.87,-91.0,0
m3-103,180,900.15,37.0729,108.6426,1009.0264,0,117.66,-91.0,0
m3-103,181,905.15,37.075,109.1309,1009.0222,1,116.07,-91.0,0
m3-103,182,910.16,37.0646,108.8867,1009.0771,1,117.48,-91.0,0
m3-103,183,915.15,37.0625,109.1309,1009.0354,1,115.99,-91.0,0
m3-103,184,920.16,37.075,108.6426,1009.0498,1,117.44,-91.0,0
m3-103,185,925.17,37.0438,109.1309,1008.9966,1,115.98,-91.0,0
m3-103,186,930.18,37.0833,108.8867,1009.0252,1,117.52,-91.0,0
m3-103,187,935.17,37.0542,109.375,1008.9673,1,116.0,-91.0,0
m3-103,188,940.18,37.025,109.1309,1009.0933,1,117.48,-91.0,0
m3-103,189,945.18,37.05,109.1309,1008.9141,0,116.19,-91.0,0
m3-103,190,950.19,37.0625,108.8867,1009.0046,1,117.29,-91.0,0
m3-103,191,955.18,37.0833,109.1309,1008.9644,1,116.1,-91.0,0
m3-103,192,960.19,37.0896,108.8867,1008.929,1,117.35,-91.0,0
m3-103,193,965.2,37.075,109.1309,1009.0266,1,116.17,-91.0,0
m3-103,194,970.21,37.0917,109.1309,1008.9543,0,117.23,-91.0,0
m3-103,195,975.2,37.0812,109.6191,1008.8928,1,116.36,-91.0,0
m3-103,196,980.2,37.05,109.6191,1008.9534,0,117.38,-91.0,0
m3-103,197,985.21,37.0917,110.3516,1009.0566,2,116.1,-91.0,0
m3-103,198,990.2,37.0771,109.8633,1008.9077,2,117.35,-91.0,0
m3-103,199,995.21,37.0917,110.1074,1008.977,1,116.08,-91.0,0
m3-103,200,1000.22,37.0688,109.375,1008.9761,1,117.3,-91.0,0
m3-103,201,1005.21,37.1083,109.6191,1009.0105,1,116.2,-91.0,0
m3-103,202,1010.22,37.1,109.1309,1008.9741,1,117.36,-91.0,0
m3-103,203,1015.23,37.0938,109.8633,1008.8582,2,116.36,-91.0,0
m3-103,204,1020.23,37.0604,110.1074,1008.9597,1,117.19,-91.0,0
m3-103,205,1025.23,37.1104,110.3516,1008.8535,1,116.39,-91.0,0
m3-103,206,1030.23,37.0979,110.1074,1008.9446,1,117.07,-91.0,0
m3-103,207,1035.24,37.0979,110.3516,1008.9812,1,116.27,-91.0,0
m3-103,208,1040.23,37.1083,109.6191,1008.9939,1,117.1,-91.0,0
m3-103,209,1045.24,37.0979,109.6191,1009.0222,0,116.59,-91.0,0
m3-103,210,1050.25,37.1333,109.375,1008.9106,1,117.03,-91.0,0
m3-103,211,1055.26,37.1083,110.1074,1009.0554,2,116.51,-91.0,0
m3-103,212,1060.25,37.0958,110.1074,1009.0383,0,117.05,-91.0,0
m3-103,213,1065.25,37.1437,110.1074,1008.9517,0,116.47,-91.0,0
m3-103,214,1070.26,37.1271,109.8633,1008.9758,1,116.96,-91.0,0
m3-103,215,1075.25,37.1292,110.1074,1009.0151,1,116.68,-91.0,0
m3-103,216,1080.26,37.125,109.8633,1008.989,1,117.04,-91.0,0
m3-103,217,1085.27,37.1583,110.1074,1008.9688,1,116.54,-91.0,0
m3-103,218,1090.28,37.1396,109.6191,1008.8757,1,116.9,-91.0,0
m3-103,219,1095.27,37.1146,110.5957,1008.9202,1,116.63,-91.0,0
m3-103,220,1100.28,37.1229,110.1074,1008.9792,1,116.78,-91.0,0
m3-103,221,1105.28,37.1313,110.1074,1009.032,0,116.66,-91.0,0
m3-103,222,1110.29,37.1688,109.8633,1008.9753,1,116.89,-91.0,0
m3-103,223,1115.28,37.1604,110.1074,1009.0442,1,116.65,-91.0,0
m3-103,224,1120.29,37.1792,109.6191,1008.9397,2,116.97,-91.0,0
m3-103,225,1125.3,37.1688,110.1074,1008.9665,1,116.76,-91.0,0
m3-103,226,1130.29,37.1354,109.8633,1008.9236,1,116.66,-91.0,0
m3-103,227,1135.3,37.1375,110.3516,1008.9028,1,116.88,-91.0,0
m3-103,228,1140.31,37.1625,110.5957,1008.9187,1,116.72,-91.0,0
m3-103,229,1145.31,37.1187,110.3516,1008.9817,1,116.7,-91.0,0
m3-103,230,1150.31,37.1375,110.3516,1008.9377,0,116.71,-91.0,0
m3-103,231,1155.31,37.1604,110.3516,1008.9529,0,116.82,-91.0,0
m3-103,232,1160.32,37.1354,110.1074,1009.0303,1,116.81,-91.0,0
m3-103,233,1165.31,37.1792,110.5957,1008.863,2,116.74,-91.0,0
m3-103,234,1170.32,37.1583,110.8398,1008.9902,1,116.65,-91.0,0
m3-103,235,1175.33,37.1646,111.3281,1008.8208,2,116.91,-91.0,0
m3-103,236,1180.33,37.1333,111.084,1008.8369,1,116.54,-91.0,0
m3-103,237,1185.33,37.1229,111.5723,1009.0127,2,116.97,-91.0,0
m3-103,238,1190.33,37.175,111.084,1008.959,1,116.7,-91.0,0
m3-103,239,1195.34,37.1708,111.8164,1008.8884,1,116.88,-91.0,0
m3-103,240,1200.33,37.1646,111.5723,1008.8938,1,116.55,-91.0,0
m3-103,241,1205.34,37.1646,112.0606,1008.8643,1,117.07,-91.0,0
m3-103,242,1210.35,37.1417,111.8164,1008.8518,1,116.32,-91.0,0
m3-103,243,1215.36,37.1729,112.3047,1008.9917,2,117.07,-91.0,0
m3-103,244,1220.35,37.1917,112.3047,1008.8635,0,116.41,-91.0,0
m3-103,245,1225.36,37.175,112.5488,1008.9099,1,117.09,-91.0,0
m3-103,246,1230.36,37.1688,112.3047,1008.9595,1,116.55,-91.0,0
m3-103,247,1235.36,37.1792,112.793,1008.9031,1,116.99,-91.0,0
m3-103,248,1240.36,37.1708,112.3047,1008.9854,1,116.37,-91.0,0
m3-103,249,1245.37,37.1896,112.5488,1008.9036,1,116.98,-91.0,0
m3-103,250,1250.38,37.1688,112.5488,1008.8408,0,116.46,-91.0,0
m3-103,251,1255.37,37.1833,113.0371,1008.9963,2,117.17,-91.0,0
m3-103,252,1260.38,37.2042,112.793,1008.9675,1,116.2,-91.0,0
m3-103,253,1265.39,37.2062,113.2812,1008.8992,1,117.37,-91.0,0
m3-103,254,1270.38,37.1771,113.0371,1008.9233,1,116.28,-91.0,0
m3-103,255,1275.38,37.1792,113.2812,1008.9419,1,117.08,-91.0,0
m3-103,256,1280.39,37.2208,112.793,1008.9897,1,116.28,-91.0,0
m3-103,257,1285.38,37.2167,113.5254,1008.9487,1,117.29,-91.0,0
m3-103,258,1290.39,37.2313,113.2812,1008.9883,1,116.09,-91.0,0
m3-103,259,1295.4,37.2104,113.5254,1009.0232,1,117.36,-91.0,0
m3-103,260,1300.41,37.2333,113.0371,1009.0479,1,116.06,-91.0,0
m3-103,261,1305.4,37.2208,110.3516,1008.9409,2,117.49,-91.0,0
m3-103,262,1310.41,37.2458,113.0371,1009.0166,1,116.01,-91.0,0
m3-103,263,1315.41,37.2083,113.5254,1008.9866,1,117.34,-91.0,0
m3-103,264,1320.42,37.1979,113.0371,1009.033,1,116.25,-91.0,0
m3-103,265,1325.41,37.2354,113.2812,1008.9451,1,117.27,-91.0,0
m3-103,266,1330.42,37.225,112.793,1008.8682,1,116.06,-91.0,0
m3-103,267,1335.43,37.2,113.2812,1009.0398,2,117.63,-91.0,0
m3-103,268,1340.42,37.2521,113.0371,1009.0186,1,115.93,-91.0,0
m3-103,269,1345.43,37.2458,113.5254,1008.8906,2,117.51,-91.0,0
m3-103,270,1350.44,37.2167,113.5254,1008.8704,0,116.07,-91.0,0
m3-103,271,1355.43,37.2375,113.7695,1008.9819,1,117.44,-91.0,0
m3-103,272,1360.43,37.2354,113.7695,1008.9973,0,115.95,-91.0,0
m3-103,273,1365.44,37.2417,114.2578,1008.9377,1,117.51,-91.0,0
m3-103,274,1370.45,37.1896,114.2578,1009.021,0,115.98,-91.0,0
m3-103,275,1375.44,37.2396,114.7461,1008.9363,1,117.52,-91.0,0
m3-103,276,1380.45,37.2271,114.0137,1008.9209,1,115.79,-91.0,0
m3-103,277,1385.46,37.2042,114.5019,1008.9661,1,117.72,-91.0,0
m3-103,278,1390.46,37.2458,114.0137,1008.9736,1,115.64,-91.0,0
m3-103,279,1395.46,37.2542,114.0137,1008.9141,0,117.68,-91.0,0
m3-103,280,1400.46,37.2167,113.5254,1008.9302,1,115.91,-91.0,0
m3-103,281,1405.47,37.2271,113.5254,1008.9453,0,117.7,-91.0,0
m3-103,282,1410.46,37.2313,113.2812,1008.9707,1,115.91,-91.0,0
m3-103,283,1415.47,37.2479,114.0137,1008.967,1,117.59,-91.0,0
m3-103,284,1420.48,37.2625,113.7695,1009.0098,1,115.69,-91.0,0
m3-103,285,1425.49,37.2542,114.2578,1008.9429,1,117.84,-91.0,0
m3-103,286,1430.48,37.2313,113.7695,1008.9592,1,115.66,-91.0,0
m3-103,287,1435.49,37.2521,114.2578,1008.9377,1,117.98,-91.0,0
m3-103,288,1440.49,37.2458,114.2578,1008.9163,0,115.67,-91.0,0
m3-103,289,1445.48,37.2437,114.5019,1008.9407,1,117.88,-91.0,0
m3-103,290,1450.49,37.2646,114.2578,1008.8989,1,115.7,-91.0,0
m3-103,291,1455.5,37.2104,114.5019,1008.9133,1,117.83,-91.0,0
m3-103,292,1460.51,37.2313,114.5019,1008.8791,0,115.51,-91.0,0
m3-103,293,1465.5,37.225,115.2344,1008.8467,1,117.95,-91.0,0
m3-103,294,1470.51,37.2542,114.9902,1008.8535,1,115.4,-91.0,0
m3-103,295,1475.51,37.2375,115.4785,1008.855,1,118.05,-91.0,0
m3-103,296,1480.51,37.2458,115.2344,1008.8501,1,115.65,-91.0,0
m3-103,297,1485.51,37.2521,115.2344,1008.9194,0,117.8,-91.0,0
m3-103,298,1490.52,37.2833,115.2344,1008.832,0,115.43,-91.0,0
m3-103,299,1495.53,37.2271,115.7227,1008.9512,2,117.99,-91.0,0
m3-103,300,1500.52,37.2667,115.4785,1008.9226,1,115.41,-91.0,0
m3-103,301,1505.53,37.2875,115.7227,1008.9351,1,118.04,-91.0,0
m3-103,302,1510.54,37.2687,115.2344,1008.8689,1,115.28,-91.0,0
m3-103,303,1515.54,37.2375,115.9668,1008.9387,1,118.23,-91.0,0
m3-103,304,1520.54,37.2625,115.7227,1008.8081,1,115.25,-91.0,0
m3-103,305,1525.54,37.2521,115.9668,1009.0027,1,118.11,-91.0,0
m3-103,306,1530.55,37.2833,115.7227,1008.854,1,115.31,-91.0,0
m3-103,307,1535.54,37.2687,115.9668,1008.7207,1,118.04,-91.0,0
m3-103,308,1540.55,37.2625,115.7227,1008.8049,1,115.27,-91.0,0
m3-103,309,1545.56,37.275,116.2109,1008.8494,1,118.27,-91.0,0
m3-103,310,1550.57,37.2687,115.9668,1008.8665,1,115.15,-91.0,0
m3-103,311,1555.56,37.2917,116.6992,1008.9426,1,118.32,-91.0,0
m3-103,312,1560.56,37.2938,116.2109,1008.7869,2,115.18,-91.0,0
m3-103,313,1565.57,37.2396,116.4551,1008.7939,1,118.1,-91.0,0
m3-103,314,1570.56,37.2625,116.2109,1008.9165,1,115.32,-91.0,0
m3-103,315,1575.57,37.2917,116.6992,1008.822,1,118.1,-91.0,0
m3-103,316,1580.58,37.2708,116.2109,1008.8501,1,115.14,-91.0,0
m3-103,317,1585.59,37.2729,116.4551,1008.832,1,118.48,-91.0,0
m3-103,318,1590.58,37.2708,116.4551,1008.886,0,115.0,-91.0,0
m3-103,319,1595.59,37.2708,116.6992,1008.8687,1,118.35,-91.0,0
m3-103,320,1600.59,37.2771,115.9668,1008.7773,1,114.93,-91.0,0
m3-103,321,1605.59,37.2875,116.2109,1008.9082,1,118.44,-91.0,0
m3-103,322,1610.59,37.3083,116.2109,1008.9895,0,115.02,-91.0,0
m3-103,323,1615.6,37.2875,116.6992,1008.8545,2,118.36,-91.0,0
m3-103,324,1620.61,37.2896,116.4551,1008.9587,1,115.02,-91.0,0
m3-103,325,1625.6,37.3146,116.6992,1008.8186,1,118.6,-91.0,0
m3-103,326,1630.61,37.2896,115.9668,1008.9175,2,114.82,-91.0,0
m3-103,327,1635.62,37.3062,116.6992,1008.699,2,118.61,-91.0,0
m3-103,328,1640.61,37.2667,116.2109,1008.8838,2,114.83,-91.0,0
m3-103,329,1645.61,37.3042,116.9434,1008.9729,2,118.38,-91.0,0
m3-103,330,1650.62,37.3271,116.4551,1008.8799,1,114.86,-91.0,0
m3-103,331,1655.63,37.3146,116.6992,1008.9778,1,118.61,-91.0,0
m3-103,332,1660.62,37.3271,116.4551,1008.8655,1,114.9,-91.0,0
m3-103,333,1665.63,37.3104,116.9434,1008.8579,1,118.49,-91.0,0
m3-103,334,1670.64,37.3062,116.4551,1008.7229,2,114.75,-91.0,0
m3-103,335,1675.63,37.2812,117.1875,1008.8271,2,118.69,-91.0,0
m3-103,336,1680.64,37.3042,116.6992,1008.7439,1,114.66,-91.0,0
m3-103,337,1685.64,37.2687,116.4551,1008.8152,1,118.74,-91.0,0
m3-103,338,1690.65,37.3042,115.9668,1008.947,2,114.95,-91.0,0
m3-103,339,1695.64,37.3333,115.9668,1008.9236,0,118.57,-91.0,0
m3-103,340,1700.65,37.3312,115.4785,1008.9866,1,114.7,-91.0,0
m3-103,341,1705.66,37.3146,115.4785,1008.8191,0,118.72,-91.0,0
m3-103,342,1710.67,37.2833,115.4785,1008.9592,0,114.66,-91.0,0
m3-103,343,1715.66,37.3083,116.4551,1008.9287,1,118.63,-91.0,0
m3-103,344,1720.67,37.3208,116.2109,1008.8667,1,114.69,-91.0,0
m3-103,345,1725.67,37.3042,115.9668,1008.9465,1,118.82,-91.0,0
m3-103,346,1730.67,37.3417,115.4785,1008.8408,2,114.73,-91.0,0
m3-103,347,1735.67,37.3104,115.7227,1008.8003,1,118.7,-91.0,0
m3-103,348,1740.68,37.2917,115.7227,1008.9224,0,114.59,-91.0,0
m3-103,349,1745.69,37.3292,116.2109,1008.8306,1,118.94,-91.0,0
m3-103,350,1750.68,37.3167,115.9668,1008.897,1,114.39,-91.0,0
m3-103,351,1755.69,37.3312,115.9668,1008.7922,0,119.01,-91.0,0
m3-103,352,1760.7,37.2958,115.7227,1008.9175,1,114.44,-91.0,0
m3-103,353,1765.69,37.2917,115.9668,1008.929,1,119.12,-91.0,0
m3-103,354,1770.69,37.325,115.7227,1008.856,1,114.48,-91.0,0
m3-103,355,1775.7,37.2938,115.9668,1008.8477,1,118.92,-91.0,0
m3-103,356,1780.69,37.3146,115.2344,1008.802,1,114.45,-91.0,0
m3-103,357,1785.7,37.3083,116.2109,1008.9341,2,118.96,-91.0,0
m3-103,358,1790.71,37.3229,116.2109,1008.9531,0,114.64,-91.0,0
m3-103,359,1795.72,37.3396,115.9668,1008.8391,1,118.97,-91.0,0
m3-103,360,1800.71,37.3229,116.4551,1008.9143,1,114.5,-91.0,0
m3-103,361,1805.72,37.3458,116.6992,1008.9121,1,118.99,-91.0,0
m3-103,362,1810.72,37.3333,116.4551,1008.9216,1,114.27,-91.0,0
m3-103,363,1815.73,37.3438,116.6992,1008.8611,1,119.12,-91.0,0
m3-103,364,1820.72,37.3333,116.2109,1008.7952,1,114.54,-91.0,0
m3-103,365,1825.73,37.325,116.2109,1008.9734,0,118.95,-91.0,0
m3-103,366,1830.74,37.3896,115.7227,1008.8535,2,114.55,-91.0,0
m3-103,367,1835.73,37.3396,115.7227,1009.0088,0,118.98,-91.0,0
m3-103,368,1840.74,37.3729,115.4785,1008.8696,1,114.37,-91.0,0
m3-103,369,1845.75,37.3229,115.9668,1008.917,1,118.94,-91.0,0
m3-103,370,1850.75,37.3625,115.9668,1008.7649,0,114.5,-91.0,0
m3-103,371,1855.74,37.3271,115.9668,1008.9194,0,119.04,-91.0,0
m3-103,372,1860.75,37.3229,115.4785,1008.8225,1,114.48,-91.0,0
m3-103,373,1865.76,37.3271,115.4785,1008.9158,0,118.86,-91.0,0
m3-103,374,1870.75,37.3521,114.9902,1008.8213,1,114.49,-91.0,0
m3-103,375,1875.76,37.3687,115.2344,1008.9858,1,118.93,-91.0,0
m3-103,376,1880.77,37.3792,115.2344,1008.9145,0,114.54,-91.0,0
m3-103,377,1885.77,37.3583,114.9902,1008.8845,1,119.0,-91.0,0
m3-103,378,1890.77,37.3417,115.2344,1008.9158,1,114.64,-91.0,0
m3-103,379,1895.77,37.3687,115.2344,1008.8555,0,118.87,-91.0,0
m3-103,380,1900.78,37.35,115.4785,1008.9136,1,114.79,-91.0,0
m3-103,381,1905.77,37.3708,114.9902,1008.7805,2,118.62,-91.0,0
m3-103,382,1910.78,37.325,114.9902,1008.8215,0,114.76,-91.0,0
m3-103,383,1915.79,37.3271,114.7461,1008.7873,1,118.85,-91.0,0
m3-103,384,1920.8,37.3208,114.9902,1008.7617,1,114.77,-91.0,0
m3-103,385,1925.79,37.3854,114.5019,1008.9397,2,118.86,-91.0,0
m3-103,386,1930.8,37.3458,114.2578,1008.9021,1,114.84,-91.0,0
m3-103,387,1935.8,37.3521,114.0137,1008.8926,1,118.67,-91.0,0
m3-103,388,1940.81,37.3708,114.2578,1008.844,1,114.75,-91.0,0
m3-103,389,1945.8,37.3479,113.5254,1008.8745,1,118.72,-91.0,0
m3-103,390,1950.81,37.3312,114.0137,1008.9167,1,114.95,-91.0,0
m3-103,391,1955.82,37.3479,114.0137,1009.0303,0,118.47,-91.0,0
m3-103,392,1960.81,37.3958,114.2578,1008.8972,1,115.1,-91.0,0
m3-103,393,1965.82,37.3687,114.0137,1008.8594,1,118.47,-91.0,0
m3-103,394,1970.82,37.3625,114.7461,1008.8972,1,114.87,-91.0,0
m3-103,395,1975.83,37.3708,114.7461,1008.9048,0,118.54,-91.0,0
m3-103,396,1980.82,37.375,115.2344,1008.9302,1,115.15,-91.0,0
m3-103,397,1985.83,37.3917,114.7461,1008.8496,1,118.37,-91.0,0
m3-103,398,1990.84,37.3833,114.9902,1008.9226,1,115.1,-91.0,0
m3-103,399,1995.85,37.3917,114.7461,1008.8518,1,118.31,-91.0,0
m3-103,400,2000.84,37.3687,114.9902,1008.9126,1,115.2,-91.0,0
m3-103,401,2005.85,37.3729,114.9902,1008.9736,0,118.31,-91.0,0
m3-103,402,2010.85,37.3771,115.4785,1008.8831,1,115.06,-91.0,0
m3-103,403,2015.86,37.3854,115.2344,1008.9414,1,118.53,-91.0,0
m3-103,404,2020.85,37.3937,115.7227,1008.9043,1,114.99,-91.0,0
m3-103,405,2025.86,37.3792,115.2344,1008.8242,1,118.33,-91.0,0
m3-103,406,2030.87,37.4,115.4785,1008.9746,1,115.19,-91.0,0
m3-103,407,2035.86,37.4104,115.2344,1008.8816,1,118.37,-91.0,0
m3-103,408,2040.87,37.3854,115.7227,1008.8801,1,115.13,-91.0,0
m3-103,409,2045.88,37.3813,115.7227,1008.9478,0,118.4,-91.0,0
m3-103,410,2050.88,37.3875,115.9668,1008.8972,1,115.17,-91.0,0
m3-103,411,2055.87,37.4042,115.2344,1008.9917,2,118.21,-91.0,0
m3-103,412,2060.88,37.4125,115.4785,1008.9189,1,115.29,-91.0,0
m3-103,413,2065.89,37.3896,115.2344,1008.9705,1,118.44,-91.0,0
m3-103,414,2070.9,37.4167,115.7227,1009.1057,2,115.35,-91.0,0
m3-103,415,2075.89,37.4438,115.7227,1008.9316,0,118.0,-91.0,0
m3-103,416,2080.9,37.4292,115.9668,1008.8552,1,115.52,-91.0,0
m3-103,417,2085.9,37.4396,115.7227,1008.9385,1,118.03,-91.0,0
m3-103,418,2090.9,37.3958,116.2109,1008.8159,2,115.3,-91.0,0
m3-103,419,2095.9,37.4125,115.7227,1008.8738,1,118.29,-91.0,0
m3-103,420,2100.91,37.4104,116.2109,1008.9524,1,115.28,-91.0,0
m3-103,421,2105.92,37.4125,115.7227,1008.8547,1,118.17,-91.0,0
m3-103,422,2110.91,37.4,116.2109,1008.9253,1,115.33,-91.0,0
m3-103,423,2115.92,37.3958,115.9668,1008.7815,1,118.04,-91.0,0
m3-103,424,2120.93,37.3771,115.9668,1008.9421,0,115.39,-91.0,0
m3-103,425,2125.92,37.4375,116.2109,1008.8647,1,118.08,-91.0,0
m3-103,426,2130.93,37.3979,116.2109,1008.9641,0,115.47,-91.0,0
m3-103,427,2135.93,37.4479,115.7227,1008.8975,1,118.05,-91.0,0
m3-103,428,2140.94,37.4083,116.4551,1008.8882,1,115.5,-91.0,0
m3-103,429,2145.93,37.4229,116.2109,1009.0466,1,117.88,-91.0,0
m3-103,430,2150.94,37.4396,116.6992,1008.9114,2,115.59,-91.0,0
m3-103,431,2155.95,37.4083,116.6992,1008.8337,0,117.86,-91.0,0
m3-103,432,2160.96,37.4146,116.9434,1008.9382,1,115.62,-91.0,0
m3-103,433,2165.95,37.4083,116.6992,1008.7942,1,117.66,-91.0,0
m3-103,434,2170.96,37.4167,116.4551,1008.8455,1,115.83,-91.0,0
m3-103,435,2175.96,37.4417,116.2109,1008.7363,1,117.91,-91.0,0
m3-103,436,2180.95,37.3937,116.4551,1008.8855,1,115.55,-91.0,0
m3-103,437,2185.96,37.4188,116.4551,1008.9346,0,117.79,-91.0,0
m3-103,438,2190.97,37.4083,116.6992,1008.9353,1,115.6,-91.0,0
m3-103,439,2195.98,37.425,117.1875,1008.9285,1,117.93,-91.0,0
m3-104,1,4.56,36.2792,74.2188,1009.2097,0,121.32,-91.0,0
m3-104,2,9.57,36.3146,74.4629,1009.1602,1,118.27,-91.0,0
m3-104,3,14.56,36.3312,74.2188,1009.1272,1,122.33,-91.0,0
m3-104,4,19.57,36.3333,74.707,1009.0867,1,118.3,-91.0,0
m3-104,5,24.58,36.3354,74.4629,1009.1658,1,122.34,-91.0,0
m3-104,6,29.57,36.3896,74.9512,1009.1438,1,118.43,-91.0,0
m3-104,7,34.58,36.3979,74.4629,1009.2097,1,122.38,-91.0,0
m3-104,8,39.58,36.4229,74.4629,1009.156,0,118.56,-91.0,0
m3-104,9,44.59,36.425,74.4629,1009.2551,0,122.1,-91.0,0
m3-104,10,49.58,36.4583,74.707,1009.1997,1,118.66,-91.0,0
m3-104,11,54.59,36.4646,74.4629,1009.1379,1,122.08,-91.0,0
m3-104,12,59.6,36.4646,74.707,1009.1936,1,118.63,-91.0,0
m3-104,13,64.59,36.4854,74.2188,1009.1167,1,122.08,-91.0,0
m3-104,14,69.6,36.4917,74.4629,1009.1631,1,118.59,-91.0,0
m3-104,15,74.6,36.5458,73.9746,1009.1116,1,122.18,-91.0,0
m3-104,16,79.61,36.5146,74.2188,1009.2983,1,118.75,-91.0,0
m3-104,17,84.6,36.5604,73.9746,1009.0945,1,122.07,-91.0,0
m3-104,18,89.61,36.5646,73.9746,1009.1626,0,118.87,-91.0,0
m3-104,19,94.62,36.5854,73.7305,1009.1975,1,121.91,-91.0,0
m3-104,20,99.61,36.5938,73.9746,1009.2146,1,119.01,-91.0,0
m3-104,21,104.62,36.5979,73.9746,1009.0972,0,121.88,-91.0,0
m3-104,22,109.63,36.5938,74.2188,1009.1931,1,119.03,-91.0,0
m3-104,23,114.63,36.6313,73.7305,1009.1414,1,121.85,-91.0,0
m3-104,24,119.63,36.625,73.9746,1009.1445,1,119.19,-91.0,0
m3-104,25,124.63,36.6479,73.7305,1009.1863,1,121.99,-91.0,0
m3-104,26,129.64,36.6437,73.9746,1009.0457,1,119.09,-91.0,0
m3-104,27,134.65,36.6542,73.4863,1009.0859,1,121.84,-91.0,0
m3-104,28,139.64,36.6562,73.7305,1009.1477,1,119.13,-91.0,0
m3-104,29,144.65,36.6792,73.2422,1009.0559,1,121.84,-91.0,0
m3-104,30,149.66,36.675,73.4863,1009.2109,1,119.25,-91.0,0
m3-104,31,154.65,36.7021,73.2422,1009.0754,1,121.8,-91.0,0
m3-104,32,159.65,36.6917,73.9746,1009.2485,2,119.14,-91.0,0
m3-104,33,164.66,36.7333,73.4863,1009.2136,1,121.8,-91.0,0
m3-104,34,169.67,36.7437,73.9746,1009.1826,1,119.25,-91.0,0
m3-104,35,174.66,36.725,73.9746,1009.1755,0,121.71,-91.0,0
m3-104,36,179.67,36.7646,74.4629,1009.0754,2,119.26,-91.0,0
m3-104,37,184.68,36.7479,74.2188,1009.0698,1,121.78,-91.0,0
m3-104,38,189.67,36.7458,74.707,1009.1345,1,119.37,-91.0,0
m3-104,39,194.68,36.7812,74.2188,1009.0986,1,121.62,-91.0,0
m3-104,40,199.68,36.7771,74.9512,1009.2019,2,119.37,-91.0,0
m3-104,41,204.69,36.7979,74.4629,1009.084,2,121.53,-91.0,0
m3-104,42,209.68,36.7708,74.707,1009.1765,1,119.33,-91.0,0
m3-104,43,214.69,36.8292,74.4629,1009.148,1,121.67,-91.0,0
m3-104,44,219.7,36.825,74.9512,1009.2898,2,119.45,-91.0,0
m3-104,45,224.69,36.8333,74.707,1009.2229,1,121.57,-91.0,0
m3-104,46,229.7,36.8229,74.9512,1009.2371,1,119.39,-91.0,0
m3-104,47,234.7,36.8458,74.2188,1009.1585,1,121.63,-91.0,0
m3-104,48,239.71,36.8833,74.707,1009.2202,1,119.42,-91.0,0
m3-104,49,244.7,36.8646,74.9512,1009.1567,1,121.56,-91.0,0
m3-104,50,249.71,36.8583,75.1953,1009.2466,1,119.43,-91.0,0
m3-104,51,254.72,36.8708,74.707,1009.1621,1,121.44,-91.0,0
m3-104,52,259.71,36.8583,74.9512,1009.2456,1,119.62,-91.0,0
m3-104,53,264.72,36.8917,74.707,1009.1055,1,121.53,-91.0,0
m3-104,54,269.73,36.8854,74.9512,1009.073,1,119.48,-91.0,0
m3-104,55,274.73,36.8708,74.707,1009.2744,1,121.45,-91.0,0
m3-104,56,279.73,36.9125,75.1953,1009.114,2,119.62,-91.0,0
m3-104,57,284.73,36.9104,75.1953,1009.053,0,121.41,-91.0,0
m3-104,58,289.74,36.8854,75.1953,1009.1799,0,119.58,-91.0,0
m3-104,59,294.73,36.8958,74.707,1009.1374,1,121.32,-91.0,0
m3-104,60,299.74,36.9146,75.1953,1009.1521,1,119.65,-91.0,0
m3-104,61,304.75,36.9312,74.707,1009.1531,1,121.33,-91.0,0
m3-104,62,309.75,36.9333,74.707,1009.1514,0,119.72,-91.0,0
m3-104,63,314.75,36.9312,74.707,1009.1721,0,121.25,-91.0,0
m3-104,64,319.75,36.9521,74.9512,1009.1365,1,119.78,-91.0,0
m3-104,65,324.76,36.9396,74.707,1009.1367,1,121.3,-91.0,0
m3-104,66,329.77,36.9604,75.1953,1009.1269,1,119.88,-91.0,0
m3-104,67,334.76,36.9521,75.1953,1009.103,0,121.32,-91.0,0
m3-104,68,339.77,36.9688,75.4394,1009.2957,1,119.72,-91.0,0
m3-104,69,344.78,37.0,75.1953,1009.1736,1,121.27,-91.0,0
m3-104,70,349.77,36.9875,75.4394,1009.1589,1,119.85,-91.0,0
m3-104,71,354.78,36.9917,75.4394,1009.2378,0,121.26,-91.0,0
m3-104,72,359.78,37.0125,75.4394,1009.2339,0,119.8,-91.0,0
m3-104,73,364.79,37.0125,75.1953,1009.2122,1,121.11,-91.0,0
m3-104,74,369.78,37.0,75.4394,1009.1997,1,119.88,-91.0,0
m3-104,75,374.79,37.0083,74.9512,1009.1309,1,121.15,-91.0,0
m3-104,76,379.8,36.9896,75.1953,1009.2273,1,120.12,-91.0,0
m3-104,77,384.79,37.0375,74.9512,1009.2551,1,120.91,-91.0,0
m3-104,78,389.8,37.0312,75.1953,1009.145,1,120.11,-91.0,0
m3-104,79,394.8,37.0271,74.9512,1009.0769,1,120.99,-91.0,0
m3-104,80,399.81,36.9979,75.4394,1009.0288,1,120.27,-91.0,0
m3-104,81,404.8,37.0187,75.1953,1009.1948,1,120.9,-91.0,0
m3-104,82,409.81,37.0083,75.9277,1009.1982,1,120.23,-91.0,0
m3-104,83,414.82,37.0312,75.6836,1009.2061,1,120.81,-91.0,0
m3-104,84,419.81,37.0396,76.1719,1009.2617,1,120.34,-91.0,0
m3-104,85,424.82,37.0542,75.9277,1009.2256,1,120.81,-91.0,0
m3-104,86,429.83,37.0708,76.6602,1009.2559,1,120.27,-91.0,0
m3-104,87,434.83,37.0479,76.416,1009.197,1,120.64,-91.0,0
m3-104,88,439.83,37.0625,76.9043,1009.1443,1,120.31,-91.0,0
m3-104,89,444.83,37.0583,76.9043,1009.0925,0,120.8,-91.0,0
m3-104,90,449.84,37.0458,77.6367,1009.1982,2,120.29,-91.0,0
m3-104,91,454.83,37.0854,77.1484,1009.1331,1,120.63,-91.0,0
m3-104,92,459.84,37.0688,77.6367,1009.1643,1,120.23,-91.0,0
m3-104,93,464.85,37.075,77.3926,1009.1409,1,120.68,-91.0,0
m3-104,94,469.85,37.0854,77.6367,1009.1843,1,120.41,-91.0,0
m3-104,95,474.85,37.1167,77.3926,1009.1648,1,120.63,-91.0,0
m3-104,96,479.85,37.0958,77.8809,1009.1919,1,120.36,-91.0,0
m3-104,97,484.86,37.1292,78.125,1009.3127,1,120.51,-91.0,0
m3-104,98,489.87,37.1313,78.125,1009.2932,0,120.47,-91.0,0
m3-104,99,494.86,37.1417,78.125,1009.3582,0,120.58,-91.0,0
m3-104,100,499.87,37.1292,78.3691,1009.2947,1,120.52,-91.0,0
m3-104,101,504.88,37.1562,78.125,1009.2117,1,120.4,-91.0,0
m3-104,102,509.87,37.125,78.125,1009.2043,0,120.45,-91.0,0
m3-104,103,514.88,37.125,77.6367,1009.2576,1,120.43,-91.0,0
m3-104,104,519.88,37.1479,77.8809,1009.2539,1,120.62,-91.0,0
m3-104,105,524.89,37.1396,77.6367,1009.3306,1,120.43,-91.0,0
m3-104,106,529.88,37.1708,78.125,1009.3069,1,120.43,-91.0,0
m3-104,107,534.89,37.15,77.6367,1009.2756,1,120.61,-91.0,0
m3-104,108,539.9,37.1646,77.8809,1009.3835,1,120.57,-91.0,0
m3-104,109,544.91,37.1604,77.3926,1009.2129,2,120.26,-91.0,0
m3-104,110,549.91,37.1458,77.8809,1009.2434,1,120.74,-91.0,0
m3-104,111,554.9,37.1854,77.6367,1009.3611,1,120.32,-91.0,0
m3-104,112,559.91,37.1583,77.8809,1009.231,1,120.48,-91.0,0
m3-104,113,564.92,37.1625,77.6367,1009.2844,1,120.35,-91.0,0
m3-104,114,569.93,37.1854,77.8809,1009.2246,1,120.88,-91.0,0
m3-104,115,574.92,37.1875,77.3926,1009.2461,1,120.21,-91.0,0
m3-104,116,579.93,37.1729,77.6367,1009.3425,1,120.53,-91.0,0
m3-104,117,584.93,37.1979,77.6367,1009.1824,0,120.45,-91.0,0
m3-104,118,589.94,37.1854,78.125,1009.2114,1,121.01,-91.0,0
m3-104,119,594.93,37.1875,78.125,1009.2595,0,120.05,-91.0,0
m3-104,120,599.94,37.1875,78.3691,1009.3357,1,120.76,-91.0,0
m3-104,121,604.95,37.2229,78.125,1009.3074,1,120.14,-91.0,0
m3-104,122,609.96,37.2396,78.3691,1009.2583,1,121.09,-91.0,0
m3-104,123,614.95,37.1938,78.125,1009.1528,1,119.99,-91.0,0
m3-104,124,619.96,37.1875,78.8574,1009.2283,1,120.9,-91.0,0
m3-104,125,624.96,37.2125,78.6133,1009.2036,1,120.05,-91.0,0
m3-104,126,629.97,37.1875,78.6133,1009.1436,0,120.94,-91.0,0
m3-104,127,634.98,37.1979,78.6133,1009.1209,0,120.01,-91.0,0
m3-104,128,639.97,37.1812,79.3457,1009.1848,1,121.17,-91.0,0
m3-104,129,644.98,37.2021,78.6133,1009.1406,1,119.99,-91.0,0
m3-104,130,649.99,37.1938,79.1016,1009.1313,1,121.06,-91.0,0
m3-104,131,654.99,37.2021,79.1016,1009.1658,0,120.08,-91.0,0
m3-104,132,659.98,37.2083,79.3457,1009.1028,1,121.03,-91.0,0
m3-104,133,664.99,37.2125,79.1016,1009.2097,1,120.1,-91.0,0
m3-104,134,670.0,37.2333,79.1016,1009.1504,0,121.04,-91.0,0
m3-104,135,675.01,37.2208,79.3457,1009.137,1,119.93,-91.0,0
m3-104,136,680.0,37.2188,79.5898,1009.1614,1,121.12,-91.0,0
m3-104,137,685.01,37.2062,79.1016,1009.1726,1,119.97,-91.0,0
m3-104,138,690.01,37.2104,79.3457,1009.196,1,121.16,-91.0,0
m3-104,139,695.02,37.2583,79.1016,1009.2332,1,119.81,-91.0,0
m3-104,140,700.03,37.2417,79.5898,1009.1284,2,121.11,-91.0,0
m3-104,141,705.02,37.2458,79.1016,1009.3142,2,119.86,-91.0,0
m3-104,142,710.03,37.2375,79.3457,1009.2603,1,121.4,-91.0,0
m3-104,143,715.04,37.2458,79.1016,1009.2581,1,119.66,-91.0,0
m3-104,144,720.03,37.275,79.1016,1009.2666,0,121.39,-91.0,0
m3-104,145,725.04,37.2437,78.8574,1009.2036,1,119.55,-91.0,0
m3-104,146,730.04,37.2437,78.8574,1009.2441,0,121.55,-91.0,0
m3-104,147,735.05,37.2625,78.8574,1009.1868,0,119.56,-91.0,0
m3-104,148,740.04,37.2375,79.3457,1009.158,1,121.49,-91.0,0
m3-104,149,745.05,37.225,79.1016,1009.2056,1,119.46,-91.0,0
m3-104,150,750.06,37.2563,79.5898,1009.0913,2,121.53,-91.0,0
m3-104,151,755.07,37.2062,79.3457,1009.1763,1,119.46,-91.0,0
m3-104,152,760.06,37.2771,79.5898,1009.2661,1,121.65,-91.0,0
m3-104,153,765.06,37.275,79.3457,1009.2493,1,119.39,-91.0,0
m3-104,154,770.07,37.2854,79.3457,1009.2151,0,121.65,-91.0,0
m3-104,155,775.06,37.2812,79.1016,1009.2263,1,119.32,-91.0,0
m3-104,156,780.07,37.2833,79.1016,1009.1758,0,121.72,-91.0,0
m3-104,157,785.08,37.2583,78.3691,1009.259,1,119.43,-91.0,0
m3-104,158,790.09,37.2917,78.6133,1009.2556,1,121.61,-91.0,0
m3-104,159,795.08,37.3125,78.125,1009.2588,1,119.36,-91.0,0
m3-104,160,800.09,37.2958,78.8574,1009.2097,1,121.72,-91.0,0
m3-104,161,805.09,37.2812,78.8574,1009.0547,0,119.37,-91.0,0
m3-104,162,810.1,37.2646,79.3457,1009.3103,2,121.89,-91.0,0
m3-104,163,815.09,37.2938,79.1016,1009.1877,1,119.16,-91.0,0
m3-104,164,820.1,37.3125,79.3457,1009.1687,1,121.85,-91.0,0
m3-104,165,825.11,37.3146,79.3457,1009.0845,0,119.2,-91.0,0
m3-104,166,830.1,37.3188,79.834,1009.2561,2,121.98,-91.0,0
m3-104,167,835.11,37.3167,79.3457,1009.1384,2,119.1,-91.0,0
m3-104,168,840.12,37.3021,79.5898,1009.2363,1,121.95,-91.0,0
m3-104,169,845.12,37.3146,79.3457,1009.2744,1,119.04,-91.0,0
m3-104,170,850.11,37.3167,79.5898,1009.1992,1,122.04,-91.0,0
m3-104,171,855.12,37.3229,79.3457,1009.1692,1,119.03,-91.0,0
m3-104,172,860.13,37.3083,79.834,1009.3286,2,122.15,-91.0,0
m3-104,173,865.12,37.3354,79.5898,1009.2329,1,118.98,-91.0,0
m3-104,174,870.13,37.3208,79.834,1009.2981,1,122.06,-91.0,0
m3-104,175,875.14,37.3542,79.3457,1009.2722,1,118.99,-91.0,0
m3-104,176,880.14,37.3312,80.0781,1009.4521,2,122.1,-91.0,0
m3-104,177,885.14,37.3792,79.834,1009.2312,1,118.86,-91.0,0
m3-104,178,890.14,37.3396,80.0781,1009.2634,1,122.13,-91.0,0
m3-104,179,895.15,37.3458,79.5898,1009.2351,1,118.92,-91.0,0
m3-104,180,900.16,37.3563,80.0781,1009.2441,1,122.23,-91.0,0
m3-104,181,905.15,37.35,79.834,1009.344,1,118.84,-91.0,0
m3-104,182,910.16,37.3771,80.3223,1009.251,1,122.24,-91.0,0
m3-104,183,915.17,37.35,79.834,1009.2334,1,118.8,-91.0,0
m3-104,184,920.16,37.3563,80.0781,1009.3066,1,122.35,-91.0,0
m3-104,185,925.17,37.3646,79.834,1009.3313,1,118.77,-91.0,0
m3-104,186,930.17,37.3896,80.0781,1009.3245,1,122.38,-91.0,0
m3-104,187,935.18,37.3646,80.0781,1009.2505,0,118.68,-91.0,0
m3-104,188,940.17,37.3542,80.3223,1009.3413,1,122.21,-91.0,0
m3-104,189,945.18,37.3563,80.0781,1009.2136,1,118.83,-91.0,0
m3-104,190,950.19,37.3542,80.0781,1009.2849,0,122.44,-91.0,0
m3-104,191,955.19,37.3771,79.834,1009.1665,1,118.56,-91.0,0
m3-104,192,960.19,37.3667,79.834,1009.2297,0,122.32,-91.0,0
m3-104,193,965.19,37.3667,79.5898,1009.1958,1,118.86,-91.0,0
m3-104,194,970.2,37.3667,80.0781,1009.1904,1,122.24,-91.0,0
m3-104,195,975.19,37.3667,80.0781,1009.1851,0,118.88,-91.0,0
m3-104,196,980.2,37.3792,80.5664,1009.2029,1,122.26,-91.0,0
m3-104,197,985.21,37.3729,80.5664,1009.1638,0,118.8,-91.0,0
m3-104,198,990.22,37.3708,80.8106,1009.2078,1,122.53,-91.0,0
m3-104,199,995.21,37.3813,80.0781,1009.1226,1,118.54,-91.0,0
m3-104,200,1000.22,37.3563,80.3223,1009.3677,1,122.39,-91.0,0
m3-104,201,1005.22,37.3792,80.0781,1009.1516,1,118.65,-91.0,0
m3-104,202,1010.21,37.3667,80.3223,1009.2512,1,122.51,-91.0,0
m3-104,203,1015.22,37.4188,80.3223,1009.2366,0,118.51,-91.0,0
m3-104,204,1020.23,37.4188,80.8106,1009.2515,1,122.58,-91.0,0
m3-104,205,1025.24,37.3917,80.8106,1009.2112,0,118.48,-91.0,0
m3-104,206,1030.23,37.3937,81.0547,1009.2307,1,122.57,-91.0,0
m3-104,207,1035.24,37.4021,80.5664,1009.2463,1,118.41,-91.0,0
m3-104,208,1040.24,37.4042,80.5664,1009.2754,0,122.75,-91.0,0
m3-104,209,1045.24,37.4167,79.834,1009.2258,1,118.54,-91.0,0
m3-104,210,1050.24,37.3979,80.5664,1009.2112,1,122.62,-91.0,0
m3-104,211,1055.25,37.3917,80.5664,1009.2141,0,118.45,-91.0,0
m3-104,212,1060.26,37.4062,81.0547,1009.1062,2,122.79,-91.0,0
m3-104,213,1065.25,37.4062,80.5664,1009.1367,1,118.42,-91.0,0
m3-104,214,1070.26,37.4021,80.5664,1009.1748,0,122.76,-91.0,0
m3-104,215,1075.27,37.4042,80.0781,1009.0806,1,118.28,-91.0,0
m3-104,216,1080.26,37.4146,80.5664,1009.2451,2,122.72,-91.0,0
m3-104,217,1085.27,37.4333,80.3223,1009.1992,1,118.29,-91.0,0
m3-104,218,1090.27,37.4125,80.8106,1009.2817,1,122.83,-91.0,0
m3-104,219,1095.28,37.4292,80.5664,1009.2871,1,118.28,-91.0,0
m3-104,220,1100.27,37.4562,81.0547,1009.2942,1,122.81,-91.0,0
m3-104,221,1105.28,37.4479,80.8106,1009.2295,1,118.17,-91.0,0
m3-104,222,1110.29,37.4312,80.8106,1009.2273,0,122.96,-91.0,0
m3-104,223,1115.29,37.4521,80.3223,1009.1575,1,118.2,-91.0,0
m3-104,224,1120.29,37.4438,80.5664,1009.2554,1,123.03,-91.0,0
m3-104,225,1125.29,37.4583,80.5664,1009.3057,0,118.08,-91.0,0
m3-104,226,1130.3,37.4417,80.8106,1009.2532,1,123.01,-91.0,0
m3-104,227,1135.29,37.4271,80.8106,1009.2256,0,118.14,-91.0,0
m3-104,228,1140.3,37.4562,81.0547,1009.2598,1,123.09,-91.0,0
m3-104,229,1145.31,37.4625,80.8106,1009.1355,1,117.99,-91.0,0
m3-104,230,1150.32,37.4333,81.0547,1009.302,1,122.97,-91.0,0
m3-104,231,1155.31,37.4625,81.0547,1009.1233,0,118.02,-91.0,0
m3-104,232,1160.32,37.45,81.0547,1009.1003,0,122.99,-91.0,0
m3-104,233,1165.32,37.4208,80.8106,1009.24,1,118.14,-91.0,0
m3-104,234,1170.31,37.4521,81.2988,1009.2637,1,122.93,-91.0,0
m3-104,235,1175.32,37.4542,81.2988,1009.2151,0,118.15,-91.0,0
m3-104,236,1180.33,37.4479,81.543,1009.1299,1,122.85,-91.0,0
m3-104,237,1185.34,37.4438,81.543,1009.0964,0,118.27,-91.0,0
m3-104,238,1190.33,37.4729,81.7871,1009.1841,1,122.86,-91.0,0
m3-104,239,1195.34,37.4542,81.7871,1009.2524,0,118.23,-91.0,0
m3-104,240,1200.34,37.4792,81.7871,1009.0508,0,122.76,-91.0,0
m3-104,241,1205.34,37.4479,82.0312,1009.1562,1,118.42,-91.0,0
m3-104,242,1210.34,37.45,82.2754,1009.1746,1,122.76,-91.0,0
m3-104,243,1215.35,37.4833,82.5195,1009.2043,1,118.34,-91.0,0
m3-104,244,1220.36,37.4771,82.5195,1009.1587,0,122.44,-91.0,0
m3-104,245,1225.35,37.4667,82.5195,1009.1494,0,118.25,-91.0,0
m3-104,246,1230.36,37.45,82.5195,1009.1687,0,122.78,-91.0,0
m3-104,247,1235.37,37.4792,83.0078,1009.1523,1,118.46,-91.0,0
m3-104,248,1240.36,37.4625,82.7637,1009.2881,1,122.58,-91.0,0
m3-104,249,1245.37,37.475,82.7637,1009.1448,0,118.23,-91.0,0
m3-104,250,1250.37,37.4833,82.7637,1009.221,0,122.67,-91.0,0
m3-104,251,1255.38,37.4604,83.0078,1009.0896,1,118.39,-91.0,0
m3-104,252,1260.37,37.475,83.0078,1009.1482,0,122.71,-91.0,0
m3-104,253,1265.38,37.4813,83.4961,1009.0715,1,118.41,-91.0,0
m3-104,254,1270.39,37.4625,83.2519,1009.157,1,122.5,-91.0,0
m3-104,255,1275.38,37.4792,83.2519,1009.1592,0,118.48,-91.0,0
m3-104,256,1280.39,37.4896,83.0078,1009.1316,1,122.62,-91.0,0
m3-104,257,1285.39,37.4854,83.2519,1009.2275,1,118.52,-91.0,0
m3-104,258,1290.4,37.5021,83.0078,1009.1287,1,122.48,-91.0,0
m3-104,259,1295.39,37.4562,83.4961,1009.1641,1,118.45,-91.0,0
m3-104,260,1300.4,37.4958,83.0078,1009.0908,1,122.42,-91.0,0
m3-104,261,1305.41,37.4958,80.5664,1009.114,1,118.65,-91.0,0
m3-104,262,1310.4,37.4833,83.2519,1009.124,1,122.41,-91.0,0
m3-104,263,1315.41,37.4771,83.4961,1009.1318,1,118.54,-91.0,0
m3-104,264,1320.42,37.4917,83.0078,1009.0723,1,122.4,-91.0,0
m3-104,265,1325.42,37.4792,83.2519,1009.1528,1,118.49,-91.0,0
m3-104,266,1330.42,37.5021,83.0078,1009.2231,1,122.48,-91.0,0
m3-104,267,1335.42,37.5187,83.2519,1009.197,1,118.57,-91.0,0
m3-104,268,1340.43,37.5146,83.2519,1009.1626,0,122.29,-91.0,0
m3-104,269,1345.42,37.5271,83.7402,1009.0964,1,118.54,-91.0,0
m3-104,270,1350.43,37.4979,83.4961,1009.1396,1,122.39,-91.0,0
m3-104,271,1355.44,37.5187,83.7402,1009.1755,1,118.69,-91.0,0
m3-104,272,1360.45,37.5063,83.7402,1009.1523,0,122.25,-91.0,0
m3-104,273,1365.44,37.5,84.2285,1009.0894,1,118.62,-91.0,0
m3-104,274,1370.44,37.5063,83.9844,1009.1145,1,122.15,-91.0,0
m3-104,275,1375.45,37.5,84.4727,1009.1472,1,118.78,-91.0,0
m3-104,276,1380.44,37.525,84.2285,1009.0623,1,122.19,-91.0,0
m3-104,277,1385.45,37.5021,84.2285,1009.1623,0,118.81,-91.0,0
m3-104,278,1390.46,37.5354,83.9844,1009.2708,1,122.04,-91.0,0
m3-104,279,1395.47,37.5646,83.9844,1009.0933,0,118.89,-91.0,0
m3-104,280,1400.46,37.5292,83.4961,1009.1521,1,122.2,-91.0,0
m3-104,281,1405.47,37.5063,83.4961,1009.1716,0,118.97,-91.0,0
m3-104,282,1410.47,37.5292,83.2519,1009.1423,1,122.01,-91.0,0
m3-104,283,1415.46,37.5229,83.4961,1009.03,1,118.97,-91.0,0
m3-104,284,1420.47,37.5292,83.4961,1009.0666,0,121.93,-91.0,0
m3-104,285,1425.48,37.5229,83.9844,1009.2202,2,119.03,-91.0,0
m3-104,286,1430.49,37.5438,83.7402,1009.1069,1,121.93,-91.0,0
m3-104,287,1435.48,37.5271,83.9844,1009.0986,1,119.35,-91.0,0
m3-104,288,1440.49,37.55,83.9844,1009.1416,0,121.66,-91.0,0
m3-104,289,1445.49,37.55,84.2285,1009.1011,1,119.22,-91.0,0
m3-104,290,1450.49,37.5354,83.9844,1009.0371,1,121.83,-91.0,0
m3-104,291,1455.49,37.5271,84.2285,1009.155,1,119.09,-91.0,0
m3-104,292,1460.5,37.5562,84.2285,1009.0584,0,121.85,-91.0,0
m3-104,293,1465.51,37.5292,84.7168,1009.0732,1,119.21,-91.0,0
m3-104,294,1470.5,37.5104,84.4727,1009.1416,1,121.73,-91.0,0
m3-104,295,1475.51,37.5479,84.9609,1009.0107,2,119.14,-91.0,0
m3-104,296,1480.52,37.5583,84.7168,1009.1426,1,121.64,-91.0,0
m3-104,297,1485.51,37.55,84.9609,1009.0479,1,119.08,-91.0,0
m3-104,298,1490.52,37.5396,84.7168,1009.061,1,121.86,-91.0,0
m3-104,299,1495.52,37.5375,85.2051,1009.2444,2,118.99,-91.0,0
m3-104,300,1500.53,37.6,84.9609,1009.019,1,121.92,-91.0,0
m3-104,301,1505.52,37.5438,85.4492,1009.1716,2,119.11,-91.0,0
m3-104,302,1510.53,37.5708,84.9609,1009.1235,1,121.78,-91.0,0
m3-104,303,1515.54,37.5708,85.4492,1009.0833,1,119.11,-91.0,0
m3-104,304,1520.54,37.5542,84.9609,1009.1187,1,121.8,-91.0,0
m3-104,305,1525.54,37.5729,85.6934,1009.1475,1,119.22,-91.0,0
m3-104,306,1530.54,37.5792,85.2051,1009.0273,2,121.76,-91.0,0
m3-104,307,1535.55,37.5729,85.6934,1009.1018,1,119.22,-91.0,0
m3-104,308,1540.56,37.5708,85.4492,1009.0798,1,121.63,-91.0,0
m3-104,309,1545.55,37.5688,85.9375,1009.1072,1,119.26,-91.0,0
m3-104,310,1550.56,37.5729,85.6934,1009.0979,1,121.61,-91.0,0
m3-104,311,1555.57,37.5812,85.9375,1009.1184,1,119.28,-91.0,0
m3-104,312,1560.56,37.5604,85.6934,1009.1379,1,121.47,-91.0,0
m3-104,313,1565.57,37.5812,86.1816,1009.186,1,119.28,-91.0,0
m3-104,314,1570.57,37.5708,85.6934,1009.0762,2,121.53,-91.0,0
m3-104,315,1575.58,37.5812,86.1816,1009.1321,1,119.39,-91.0,0
m3-104,316,1580.57,37.5625,85.6934,1009.0156,2,121.45,-91.0,0
m3-104,317,1585.58,37.5812,86.1816,1009.0657,1,119.55,-91.0,0
m3-104,318,1590.59,37.5604,86.1816,1009.0769,0,121.19,-91.0,0
m3-104,319,1595.58,37.5812,86.1816,1009.1418,0,119.65,-91.0,0
m3-104,320,1600.59,37.6083,85.4492,1009.1235,1,121.24,-91.0,0
m3-104,321,1605.59,37.6021,85.6934,1009.1528,1,119.72,-91.0,0
m3-104,322,1610.6,37.6229,85.6934,1009.0769,0,121.22,-91.0,0
m3-104,323,1615.59,37.5833,86.1816,1009.0103,1,119.5,-91.0,0
m3-104,324,1620.6,37.575,85.9375,1009.0588,1,121.26,-91.0,0
m3-104,325,1625.61,37.5875,85.9375,1008.9795,0,119.82,-91.0,0
m3-104,326,1630.6,37.5708,85.6934,1008.9575,1,121.05,-91.0,0
m3-104,327,1635.61,37.5875,85.9375,1009.0078,1,119.77,-91.0,0
m3-104,328,1640.62,37.6021,85.9375,1009.001,0,121.08,-91.0,0
m3-104,329,1645.62,37.5771,86.1816,1008.978,1,119.82,-91.0,0
m3-104,330,1650.62,37.5771,85.6934,1009.0906,2,121.14,-91.0,0
m3-104,331,1655.62,37.5917,86.1816,1009.1514,1,119.85,-91.0,0
m3-104,332,1660.63,37.6104,85.9375,1009.0923,1,121.03,-91.0,0
m3-104,333,1665.64,37.6042,86.1816,1008.9148,1,119.89,-91.0,0
m3-104,334,1670.63,37.5708,85.9375,1009.0488,1,120.99,-91.0,0
m3-104,335,1675.64,37.5979,86.1816,1008.98,1,120.09,-91.0,0
m3-104,336,1680.65,37.5854,85.9375,1009.0081,1,120.77,-91.0,0
m3-104,337,1685.64,37.5729,85.4492,1009.0703,1,120.06,-91.0,0
m3-104,338,1690.64,37.6021,85.4492,1009.2388,0,120.73,-91.0,0
m3-104,339,1695.65,37.625,85.4492,1009.0708,0,120.13,-91.0,0
m3-104,340,1700.66,37.6125,84.9609,1009.0442,1,120.73,-91.0,0
m3-104,341,1705.65,37.6063,85.2051,1009.0627,1,120.22,-91.0,0
m3-104,342,1710.66,37.5917,84.9609,1009.0706,1,120.66,-91.0,0
m3-104,343,1715.67,37.5958,85.6934,1009.1145,1,120.31,-91.0,0
m3-104,344,1720.66,37.6104,84.9609,1009.1682,1,120.63,-91.0,0
m3-104,345,1725.67,37.6396,85.2051,1009.1052,1,120.33,-91.0,0
m3-104,346,1730.67,37.6313,84.9609,1009.0867,1,120.59,-91.0,0
m3-104,347,1735.68,37.6167,85.2051,1009.0466,1,120.37,-91.0,0
m3-104,348,1740.67,37.6187,84.9609,1009.1494,1,120.78,-91.0,0
m3-104,349,1745.68,37.6313,85.6934,1009.0779,1,120.28,-91.0,0
m3-104,350,1750.69,37.6292,85.2051,1009.0813,1,120.48,-91.0,0
m3-104,351,1755.68,37.6396,85.4492,1009.0647,1,120.25,-91.0,0
m3-104,352,1760.69,37.6167,84.9609,1009.1489,1,120.71,-91.0,0
m3-104,353,1765.69,37.6479,85.4492,1009.1238,1,120.23,-91.0,0
m3-104,354,1770.7,37.6313,85.2051,1009.1064,1,120.84,-91.0,0
m3-104,355,1775.69,37.6396,85.2051,1009.0659,0,120.08,-91.0,0
m3-104,356,1780.7,37.6333,84.7168,1009.0603,1,120.78,-91.0,0
m3-104,357,1785.71,37.6146,85.4492,1009.1096,1,120.14,-91.0,0
m3-104,358,1790.7,37.6292,85.4492,1009.0901,0,120.75,-91.0,0
m3-104,359,1795.71,37.6208,85.2051,1009.0671,1,120.22,-91.0,0
m3-104,360,1800.72,37.6542,85.6934,1009.155,1,120.65,-91.0,0
m3-104,361,1805.72,37.6542,85.9375,1009.0896,1,120.18,-91.0,0
m3-104,362,1810.72,37.6729,85.6934,1009.0447,1,120.6,-91.0,0
m3-104,363,1815.72,37.6375,85.9375,1009.1013,1,120.29,-91.0,0
m3-104,364,1820.73,37.6583,85.4492,1009.0073,1,120.53,-91.0,0
m3-104,365,1825.72,37.6396,85.6934,1008.946,1,120.42,-91.0,0
m3-104,366,1830.73,37.6271,85.2051,1009.1265,2,120.37,-91.0,0
m3-104,367,1835.74,37.6542,84.9609,1009.1958,1,120.56,-91.0,0
m3-104,368,1840.75,37.6688,84.9609,1008.9697,1,120.44,-91.0,0
m3-104,369,1845.74,37.6208,85.4492,1009.1052,2,120.67,-91.0,0
m3-104,370,1850.74,37.6417,85.4492,1009.0942,0,120.27,-91.0,0
m3-104,371,1855.75,37.675,85.4492,1009.0989,0,120.65,-91.0,0
m3-104,372,1860.76,37.6375,84.7168,1009.0808,1,120.32,-91.0,0
m3-104,373,1865.75,37.6354,84.9609,1009.029,1,120.79,-91.0,0
m3-104,374,1870.76,37.6437,84.2285,1009.1018,1,120.26,-91.0,0
m3-104,375,1875.77,37.6396,84.7168,1008.8931,2,120.72,-91.0,0
m3-104,376,1880.76,37.6417,84.4727,1009.0957,1,120.16,-91.0,0
m3-104,377,1885.77,37.6688,84.4727,1009.1753,0,120.88,-91.0,0
m3-104,378,1890.77,37.6771,84.2285,1009.0479,1,120.18,-91.0,0
m3-104,379,1895.78,37.6583,84.9609,1009.1033,1,120.86,-91.0,0
m3-104,380,1900.77,37.6646,84.4727,1008.9692,2,120.19,-91.0,0
m3-104,381,1905.78,37.6437,84.7168,1009.0764,1,120.82,-91.0,0
m3-104,382,1910.79,37.6792,84.2285,1009.0872,1,120.25,-91.0,0
m3-104,383,1915.78,37.6792,84.4727,1009.0117,1,121.07,-91.0,0
m3-104,384,1920.79,37.6479,84.2285,1009.062,1,120.02,-91.0,0
m3-104,385,1925.79,37.6729,84.2285,1009.0532,0,121.04,-91.0,0
m3-104,386,1930.8,37.6562,83.7402,1009.1062,1,119.98,-91.0,0
m3-104,387,1935.79,37.6958,83.7402,1009.1777,0,121.15,-91.0,0
m3-104,388,1940.8,37.6771,83.4961,1009.0496,1,119.95,-91.0,0
m3-104,389,1945.81,37.6458,83.4961,1009.1355,0,121.12,-91.0,0
m3-104,390,1950.8,37.6812,83.2519,1009.1636,1,119.84,-91.0,0
m3-104,391,1955.81,37.6917,83.9844,1009.0078,2,121.18,-91.0,0
m3-104,392,1960.82,37.6521,83.4961,1009.054,1,119.86,-91.0,0
m3-104,393,1965.82,37.6938,83.7402,1009.1199,1,121.26,-91.0,0
m3-104,394,1970.82,37.6729,83.7402,1009.0469,0,119.75,-91.0,0
m3-104,395,1975.82,37.6583,84.4727,1009.095,1,121.26,-91.0,0
m3-104,396,1980.83,37.6833,83.9844,1009.0896,1,119.72,-91.0,0
m3-104,397,1985.84,37.6792,84.4727,1009.187,1,121.4,-91.0,0
m3-104,398,1990.83,37.7042,84.4727,1009.1023,0,119.69,-91.0,0
m3-104,399,1995.84,37.6979,84.4727,1009.0124,0,121.35,-91.0,0
m3-104,400,2000.85,37.6521,83.9844,1009.096,1,119.6,-91.0,0
m3-104,401,2005.85,37.7021,84.7168,1009.0508,1,121.47,-91.0,0
m3-104,402,2010.84,37.6771,84.7168,1009.1379,0,119.81,-91.0,0
m3-104,403,2015.85,37.6854,85.2051,1009.0818,1,121.25,-91.0,0
m3-104,404,2020.86,37.6979,84.7168,1008.9985,1,119.61,-91.0,0
m3-104,405,2025.87,37.6542,84.9609,1009.1372,1,121.46,-91.0,0
m3-104,406,2030.86,37.6854,84.2285,1009.1763,1,119.58,-91.0,0
m3-104,407,2035.87,37.6917,84.7168,1009.1477,1,121.44,-91.0,0
m3-104,408,2040.87,37.7167,84.7168,1009.1694,0,119.52,-91.0,0
m3-104,409,2045.87,37.7125,85.2051,1009.1726,1,121.36,-91.0,0
m3-104,410,2050.87,37.7292,84.7168,1009.1531,1,119.64,-91.0,0
m3-104,411,2055.88,37.6812,84.9609,1009.0466,1,121.35,-91.0,0
m3-104,412,2060.89,37.7125,84.4727,1009.1511,2,119.65,-91.0,0
m3-104,413,2065.88,37.6979,84.7168,1009.0813,1,121.43,-91.0,0
m3-104,414,2070.89,37.6917,84.4727,1009.0735,1,119.66,-91.0,0
m3-104,415,2075.9,37.6854,84.9609,1009.054,1,121.31,-91.0,0
m3-104,416,2080.9,37.7042,84.7168,1009.0642,1,119.69,-91.0,0
m3-104,417,2085.89,37.6958,85.2051,1009.1101,1,121.48,-91.0,0
m3-104,418,2090.9,37.7,85.2051,1009.082,0,119.57,-91.0,0
m3-104,419,2095.91,37.6917,85.2051,1009.0771,0,121.39,-91.0,0
m3-104,420,2100.9,37.7125,84.9609,1009.1707,1,119.41,-91.0,0
m3-104,421,2105.91,37.7396,85.4492,1009.0933,1,121.5,-91.0,0
m3-104,422,2110.92,37.7292,84.9609,1009.0481,1,119.46,-91.0,0
m3-104,423,2115.92,37.7396,85.2051,1009.114,1,121.54,-91.0,0
m3-104,424,2120.92,37.7146,84.9609,1009.0852,1,119.29,-91.0,0
m3-104,425,2125.92,37.7188,85.6934,1009.0537,1,121.55,-91.0,0
m3-104,426,2130.93,37.7188,84.9609,1009.063,1,119.35,-91.0,0
m3-104,427,2135.94,37.7104,85.2051,1009.1265,1,121.72,-91.0,0
m3-104,428,2140.93,37.725,85.2051,1009.1323,0,119.27,-91.0,0
m3-104,429,2145.94,37.7479,85.6934,1009.207,1,121.7,-91.0,0
m3-104,430,2150.95,37.7354,85.9375,1009.2273,1,119.2,-91.0,0
m3-104,431,2155.94,37.7583,85.9375,1009.1394,0,121.81,-91.0,0
m3-104,432,2160.95,37.7292,85.6934,1009.1189,1,119.35,-91.0,0
m3-104,433,2165.95,37.7167,85.9375,1009.1555,1,121.76,-91.0,0
m3-104,434,2170.96,37.7437,85.2051,1009.0591,2,119.15,-91.0,0
m3-104,435,2175.95,37.7333,85.6934,1009.1589,1,121.77,-91.0,0
m3-104,436,2180.96,37.7563,85.2051,1009.1904,1,119.19,-91.0,0
m3-104,437,2185.97,37.7437,85.6934,1009.2039,1,121.86,-91.0,0
m3-104,438,2190.96,37.7521,85.4492,1009.2075,1,119.04,-91.0,0
m3-104,439,2195.97,37.7396,86.6699,1009.0117,2,121.68,-91.0,0
m3-105,1,4.56,37.175,32.959,1009.0869,0,116.9,-91.0,0
m3-105,2,9.55,37.1938,33.2031,1009.144,1,118.95,-91.0,0
m3-105,3,14.56,37.2208,32.959,1009.0644,1,117.28,-91.0,0
m3-105,4,19.57,37.2021,33.4473,1009.1082,1,119.16,-91.0,0
m3-105,5,24.58,37.2021,32.959,1008.9568,2,117.48,-91.0,0
m3-105,6,29.57,37.2208,33.4473,1009.0752,2,118.9,-91.0,0
m3-105,7,34.58,37.2771,32.959,1009.0657,1,117.5,-91.0,0
m3-105,8,39.58,37.2875,33.2031,1009.0815,1,118.97,-91.0,0
m3-105,9,44.58,37.3,33.2031,1009.2051,0,117.53,-91.0,0
m3-105,10,49.58,37.3312,33.4473,1009.03,1,119.14,-91.0,0
m3-105,11,54.59,37.3292,32.959,1009.1138,1,117.21,-91.0,0
m3-105,12,59.6,37.3542,33.2031,1009.0825,1,119.2,-91.0,0
m3-105,13,64.59,37.3729,32.959,1009.0913,1,117.54,-91.0,0
m3-105,14,69.6,37.3708,33.2031,1009.0981,1,119.06,-91.0,0
m3-105,15,74.61,37.3771,32.7148,1009.0869,1,117.5,-91.0,0
m3-105,16,79.61,37.4208,32.959,1009.1184,1,119.0,-91.0,0
m3-105,17,84.6,37.425,32.7148,1009.1467,1,117.42,-91.0,0
m3-105,18,89.61,37.4354,32.959,1009.0569,1,119.46,-91.0,0
m3-105,19,94.62,37.4396,32.7148,1009.0298,1,117.21,-91.0,0
m3-105,20,99.61,37.4438,32.959,1008.9832,1,119.21,-91.0,0
m3-105,21,104.62,37.4396,32.4707,1009.0793,1,117.5,-91.0,0
m3-105,22,109.63,37.475,32.959,1008.9653,2,119.24,-91.0,0
m3-105,23,114.63,37.4937,32.4707,1009.1152,2,117.44,-91.0,0
m3-105,24,119.63,37.4813,32.7148,1009.0747,1,119.23,-91.0,0
m3-105,25,124.63,37.5021,32.4707,1009.0078,1,117.26,-91.0,0
m3-105,26,129.64,37.525,32.7148,1009.0308,1,119.41,-91.0,0
m3-105,27,134.63,37.5312,32.4707,1009.0615,1,117.43,-91.0,0
m3-105,28,139.64,37.5417,32.7148,1009.0278,1,119.17,-91.0,0
m3-105,29,144.65,37.5271,32.2266,1009.0588,1,117.36,-91.0,0
m3-105,30,149.66,37.5438,32.4707,1008.9944,1,119.48,-91.0,0
m3-105,31,154.65,37.5479,32.2266,1009.1443,1,117.4,-91.0,0
m3-105,32,159.66,37.5729,32.7148,1009.166,1,119.44,-91.0,0
m3-105,33,164.66,37.5812,32.4707,1009.0654,1,117.16,-91.0,0
m3-105,34,169.65,37.575,32.7148,1009.0635,1,119.67,-91.0,0
m3-105,35,174.66,37.6021,32.4707,1009.0488,1,117.01,-91.0,0
m3-105,36,179.67,37.5958,32.959,1009.0034,1,119.65,-91.0,0
m3-105,37,184.68,37.6,32.7148,1009.0996,1,117.25,-91.0,0
m3-105,38,189.67,37.6521,32.959,1009.1748,1,119.53,-91.0,0
m3-105,39,194.68,37.6625,32.959,1009.0718,0,117.1,-91.0,0
m3-105,40,199.68,37.6354,33.2031,1009.0818,1,119.69,-91.0,0
m3-105,41,204.68,37.6625,32.959,1009.0896,1,117.01,-91.0,0
m3-105,42,209.68,37.6833,32.959,1009.1133,0,119.66,-91.0,0
m3-105,43,214.69,37.6583,32.959,1009.0508,0,116.97,-91.0,0
m3-105,44,219.7,37.6958,33.2031,1009.0693,1,119.96,-91.0,0
m3-105,45,224.69,37.6771,32.959,1009.1482,1,116.77,-91.0,0
m3-105,46,229.7,37.7042,33.2031,1009.1553,1,119.73,-91.0,0
m3-105,47,234.71,37.7167,32.4707,1009.1938,1,117.15,-91.0,0
m3-105,48,239.7,37.7396,32.959,1009.1521,1,119.75,-91.0,0
m3-105,49,244.71,37.7479,32.959,1009.1741,0,116.91,-91.0,0
m3-105,50,249.71,37.7313,33.2031,1009.0835,1,120.0,-91.0,0
m3-105,51,254.72,37.7125,32.959,1009.0877,1,116.7,-91.0,0
m3-105,52,259.71,37.7396,33.2031,1008.9436,1,119.98,-91.0,0
m3-105,53,264.72,37.7313,32.959,1009.0574,1,116.86,-91.0,0
m3-105,54,269.73,37.7646,33.2031,1009.1072,1,119.85,-91.0,0
m3-105,55,274.72,37.7583,32.7148,1009.1326,1,116.78,-91.0,0
m3-105,56,279.73,37.7896,33.2031,1009.03,2,120.06,-91.0,0
m3-105,57,284.73,37.7479,32.959,1009.0908,1,116.76,-91.0,0
m3-105,58,289.74,37.7687,33.2031,1009.0254,1,119.95,-91.0,0
m3-105,59,294.73,37.7729,32.959,1008.9993,1,116.79,-91.0,0
m3-105,60,299.74,37.7771,32.959,1008.9565,0,119.98,-91.0,0
m3-105,61,304.75,37.7875,32.7148,1009.0415,1,116.73,-91.0,0
m3-105,62,309.76,37.7687,32.959,1009.1101,1,120.0,-91.0,0
m3-105,63,314.75,37.8125,32.7148,1009.0918,1,116.61,-91.0,0
m3-105,64,319.76,37.8104,32.959,1009.0225,1,120.26,-91.0,0
m3-105,65,324.76,37.8125,32.7148,1009.1418,1,116.54,-91.0,0
m3-105,66,329.76,37.8479,33.2031,1009.0486,1,120.23,-91.0,0
m3-105,67,334.76,37.8188,32.959,1009.0906,1,116.77,-91.0,0
m3-105,68,339.77,37.8667,33.4473,1009.1111,1,120.02,-91.0,0
m3-105,69,344.78,37.8604,32.959,1009.1001,1,116.77,-91.0,0
m3-105,70,349.77,37.8833,33.2031,1009.0437,1,120.01,-91.0,0
m3-105,71,354.78,37.875,33.2031,1009.1982,0,116.54,-91.0,0
m3-105,72,359.79,37.9,33.4473,1009.0898,1,120.24,-91.0,0
m3-105,73,364.78,37.8833,33.2031,1009.1995,1,116.59,-91.0,0
m3-105,74,369.78,37.8875,33.2031,1009.1453,0,120.27,-91.0,0
m3-105,75,374.79,37.8854,32.959,1009.0437,1,116.3,-91.0,0
m3-105,76,379.8,37.8687,32.959,1009.1653,0,120.46,-91.0,0
m3-105,77,384.79,37.9021,32.7148,1009.106,1,116.56,-91.0,0
m3-105,78,389.8,37.8896,33.2031,1009.1399,1,120.36,-91.0,0
m3-105,79,394.81,37.9125,32.959,1009.1538,1,116.25,-91.0,0
m3-105,80,399.8,37.9104,33.2031,1009.2122,1,120.49,-91.0,0
m3-105,81,404.81,37.9062,32.959,1009.2078,1,116.31,-91.0,0
m3-105,82,409.81,37.9479,33.4473,1009.0786,2,120.65,-91.0,0
m3-105,83,414.82,37.8875,33.2031,1009.2144,1,116.17,-91.0,0
m3-105,84,419.81,37.95,33.4473,1009.1721,1,120.36,-91.0,0
m3-105,85,424.82,37.9438,33.2031,1009.1245,1,116.48,-91.0,0
m3-105,86,429.83,37.9333,33.6914,1009.2078,1,120.63,-91.0,0
m3-105,87,434.82,37.9646,33.4473,1009.1104,1,116.07,-91.0,0
m3-105,88,439.83,37.9375,33.9355,1009.0901,1,120.56,-91.0,0
m3-105,89,444.83,37.9229,33.9355,1009.0886,0,116.21,-91.0,0
m3-105,90,449.84,37.9333,34.1797,1009.1406,1,120.72,-91.0,0
m3-105,91,454.83,37.9438,33.9355,1009.1877,1,116.11,-91.0,0
m3-105,92,459.84,37.9562,34.1797,1009.0913,1,120.41,-91.0,0
m3-105,93,464.85,37.95,33.9355,1009.1443,1,116.12,-91.0,0
m3-105,94,469.84,37.9604,34.1797,1009.0532,1,120.73,-91.0,0
m3-105,95,474.85,37.9562,33.9355,1009.1118,1,116.16,-91.0,0
m3-105,96,479.86,37.9604,34.1797,1009.0811,1,120.67,-91.0,0
m3-105,97,484.86,37.9583,34.1797,1009.1248,0,115.88,-91.0,0
m3-105,98,489.86,37.9688,34.4238,1009.1042,1,120.85,-91.0,0
m3-105,99,494.86,37.9708,34.1797,1009.2483,1,116.15,-91.0,0
m3-105,100,499.87,38.0083,34.4238,1009.1428,1,120.44,-91.0,0
m3-105,101,504.88,37.9917,34.1797,1009.1396,1,116.0,-91.0,0
m3-105,102,509.87,38.0167,34.4238,1009.2493,1,120.88,-91.0,0
m3-105,103,514.88,38.0271,33.9355,1009.2131,1,116.0,-91.0,0
m3-105,104,519.89,38.0187,34.1797,1009.2083,1,120.65,-91.0,0
m3-105,105,524.89,38.0167,34.1797,1009.0662,0,115.99,-91.0,0
m3-105,106,529.88,37.9875,34.1797,1009.0869,0,120.74,-91.0,0
m3-105,107,534.89,38.0063,34.1797,1009.1362,0,116.03,-91.0,0
m3-105,108,539.9,37.9979,34.1797,1009.1663,0,120.76,-91.0,0
m3-105,109,544.91,38.0021,33.9355,1009.1233,1,116.06,-91.0,0
m3-105,110,549.9,38.0292,34.1797,1009.0977,1,120.52,-91.0,0
m3-105,111,554.91,38.0167,34.1797,1009.2322,0,116.36,-91.0,0
m3-105,112,559.91,38.0562,34.1797,1009.1218,0,120.57,-91.0,0
m3-105,113,564.92,38.0375,34.1797,1009.085,0,116.14,-91.0,0
m3-105,114,569.91,38.0146,33.9355,1009.1953,1,120.41,-91.0,0
m3-105,115,574.92,38.0375,33.9355,1009.1606,0,116.39,-91.0,0
m3-105,116,579.93,38.0375,33.9355,1009.1675,0,120.54,-91.0,0
m3-105,117,584.94,38.0354,34.1797,1009.0117,1,116.35,-91.0,0
m3-105,118,589.93,38.0063,33.9355,1009.0796,1,120.49,-91.0,0
m3-105,119,594.94,38.0229,34.4238,1009.1172,1,116.33,-91.0,0
m3-105,120,599.94,38.0187,33.9355,1009.0474,1,120.43,-91.0,0
m3-105,121,604.95,38.0083,34.4238,1009.1687,2,116.38,-91.0,0
m3-105,122,609.94,38.0271,34.1797,1009.0867,1,120.22,-91.0,0
m3-105,123,614.95,38.0562,34.4238,1009.0928,1,116.56,-91.0,0
m3-105,124,619.96,38.0604,34.4238,1009.0281,0,120.34,-91.0,0
m3-105,125,624.97,38.025,34.668,1009.0525,1,116.58,-91.0,0
m3-105,126,629.97,38.0458,34.1797,1009.0305,1,120.16,-91.0,0
m3-105,127,634.97,38.0396,34.668,1009.0212,1,116.42,-91.0,0
m3-105,128,639.97,38.0354,34.4238,1008.9959,1,120.31,-91.0,0
m3-105,129,644.98,38.0042,34.668,1009.0544,1,116.47,-91.0,0
m3-105,130,649.99,38.075,34.4238,1008.9827,1,120.15,-91.0,0
m3-105,131,654.98,38.0438,34.668,1009.0776,1,116.76,-91.0,0
m3-105,132,659.99,38.0771,34.4238,1009.1155,1,119.95,-91.0,0
m3-105,133,665.0,38.0708,34.9121,1009.1133,1,116.85,-91.0,0
m3-105,134,670.0,38.0854,34.668,1008.9292,1,119.97,-91.0,0
m3-105,135,675.01,38.0333,34.9121,1009.1348,1,116.73,-91.0,0
m3-105,136,680.0,38.0854,34.668,1009.1279,1,120.01,-91.0,0
m3-105,137,685.01,38.0833,34.9121,1009.1116,1,116.8,-91.0,0
m3-105,138,690.02,38.0917,34.668,1009.0679,1,119.93,-91.0,0
m3-105,139,695.03,38.0708,34.9121,1009.0637,1,116.81,-91.0,0
m3-105,140,700.02,38.0771,34.668,1009.0764,1,119.91,-91.0,0
m3-105,141,705.02,38.0542,34.668,1009.1853,0,116.71,-91.0,0
m3-105,142,710.03,38.0958,34.4238,1009.0798,1,120.11,-91.0,0
m3-105,143,715.04,38.1187,34.668,1009.0476,1,116.75,-91.0,0
m3-105,144,720.03,38.0875,34.1797,1009.0427,1,120.0,-91.0,0
m3-105,145,725.04,38.075,34.4238,1009.0991,1,116.82,-91.0,0
m3-105,146,730.05,38.0917,34.1797,1009.1724,1,119.81,-91.0,0
m3-105,147,735.04,38.1208,34.668,1009.1047,1,117.07,-91.0,0
m3-105,148,740.05,38.1146,34.4238,1009.061,1,119.68,-91.0,0
m3-105,149,745.05,38.1167,34.668,1009.1565,1,117.16,-91.0,0
m3-105,150,750.06,38.1354,34.668,1009.1548,0,119.64,-91.0,0
m3-105,151,755.05,38.1208,34.9121,1009.0715,1,117.0,-91.0,0
m3-105,152,760.06,38.1396,34.4238,1009.1418,1,119.73,-91.0,0
m3-105,153,765.07,38.1271,34.668,1009.0723,1,117.14,-91.0,0
m3-105,154,770.08,38.1292,34.4238,1009.02,1,119.63,-91.0,0
m3-105,155,775.07,38.1063,34.668,1009.1374,1,117.09,-91.0,0
m3-105,156,780.08,38.1292,34.1797,1009.0867,1,119.67,-91.0,0
m3-105,157,785.08,38.125,34.1797,1009.0994,0,117.42,-91.0,0
m3-105,158,790.07,38.1354,33.9355,1009.0835,1,119.47,-91.0,0
m3-105,159,795.08,38.1354,34.1797,1009.0383,1,117.15,-91.0,0
m3-105,160,800.09,38.1333,34.1797,1009.0928,0,119.73,-91.0,0
m3-105,161,805.1,38.1271,34.4238,1009.0549,1,117.23,-91.0,0
m3-105,162,810.09,38.1708,34.4238,1009.1628,0,119.51,-91.0,0
m3-105,163,815.1,38.1667,34.668,1009.2185,1,117.2,-91.0,0
m3-105,164,820.1,38.1812,34.1797,1009.2341,1,119.47,-91.0,0
m3-105,165,825.1,38.1625,34.668,1009.1199,2,117.31,-91.0,0
m3-105,166,830.1,38.1479,34.4238,1009.1262,1,119.63,-91.0,0
m3-105,167,835.11,38.1688,34.668,1009.1365,1,117.22,-91.0,0
m3-105,168,840.12,38.1396,34.4238,1009.1768,1,119.42,-91.0,0
m3-105,169,845.11,38.1708,34.668,1009.177,1,117.56,-91.0,0
m3-105,170,850.12,38.1583,34.4238,1009.2361,1,119.42,-91.0,0
m3-105,171,855.13,38.1792,34.668,1009.0874,1,117.32,-91.0,0
m3-105,172,860.13,38.1667,34.668,1009.178,0,119.38,-91.0,0
m3-105,173,865.13,38.1917,34.9121,1009.043,1,117.76,-91.0,0
m3-105,174,870.13,38.1583,34.4238,1009.0713,1,119.25,-91.0,0
m3-105,175,875.14,38.1542,34.9121,1009.1509,1,117.38,-91.0,0
m3-105,176,880.13,38.1833,34.668,1009.1304,1,119.26,-91.0,0
m3-105,177,885.14,38.1792,34.9121,1009.1016,1,117.64,-91.0,0
m3-105,178,890.15,38.1688,34.668,1009.1023,1,119.24,-91.0,0
m3-105,179,895.15,38.1417,34.9121,1009.2278,1,117.58,-91.0,0
m3-105,180,900.15,38.1667,34.4238,1009.2278,1,119.07,-91.0,0
m3-105,181,905.15,38.2,34.9121,1009.1357,1,117.71,-91.0,0
m3-105,182,910.16,38.1938,34.668,1009.1318,1,119.33,-91.0,0
m3-105,183,915.15,38.175,34.9121,1009.1172,1,117.53,-91.0,0
m3-105,184,920.16,38.1896,34.4238,1009.2188,1,119.02,-91.0,0
m3-105,185,925.17,38.2062,34.9121,1009.0732,2,117.8,-91.0,0
m3-105,186,930.18,38.175,34.668,1009.1521,1,119.2,-91.0,0
m3-105,187,935.17,38.2,34.9121,1009.0723,1,117.68,-91.0,0
m3-105,188,940.18,38.1792,34.668,1009.124,1,118.9,-91.0,0
m3-105,189,945.18,38.1792,34.9121,1009.1724,1,117.83,-91.0,0
m3-105,190,950.19,38.1833,34.668,1009.0725,1,119.17,-91.0,0
m3-105,191,955.18,38.1875,34.9121,1009.0124,1,117.79,-91.0,0
m3-105,192,960.19,38.1896,34.4238,1009.0623,1,118.84,-91.0,0
m3-105,193,965.2,38.2021,34.9121,1009.1348,1,117.88,-91.0,0
m3-105,194,970.2,38.2021,34.668,1008.9365,1,118.96,-91.0,0
m3-105,195,975.2,38.1771,35.1562,1009.0327,1,118.05,-91.0,0
m3-105,196,980.2,38.1771,34.9121,1009.1296,1,118.78,-91.0,0
m3-105,197,985.21,38.2062,35.4004,1009.0671,1,117.94,-91.0,0
m3-105,198,990.2,38.2062,34.9121,1009.0483,1,119.01,-91.0,0
m3-105,199,995.21,38.1917,35.1562,1009.0793,1,117.82,-91.0,0
m3-105,200,1000.22,38.2021,34.668,1009.1362,1,118.93,-91.0,0
m3-105,201,1005.23,38.2146,34.9121,1009.0606,1,117.82,-91.0,0
m3-105,202,1010.22,38.1979,34.668,1009.0444,1,119.03,-91.0,0
m3-105,203,1015.23,38.1938,35.1562,1009.0584,1,118.09,-91.0,0
m3-105,204,1020.23,38.2062,35.1562,1009.154,0,118.69,-91.0,0
m3-105,205,1025.23,38.2167,35.4004,1009.0532,1,117.91,-91.0,0
m3-105,206,1030.23,38.2292,34.9121,1009.1445,1,118.91,-91.0,0
m3-105,207,1035.24,38.2125,35.1562,1009.0525,1,118.0,-91.0,0
m3-105,208,1040.25,38.2271,34.9121,1009.186,1,118.78,-91.0,0
m3-105,209,1045.24,38.2479,34.9121,1009.1621,0,118.11,-91.0,0
m3-105,210,1050.25,38.2437,34.668,1009.0969,1,118.59,-91.0,0
m3-105,211,1055.26,38.2188,35.1562,1009.1353,1,118.37,-91.0,0
m3-105,212,1060.25,38.2437,34.9121,1009.0837,1,118.75,-91.0,0
m3-105,213,1065.25,38.1854,35.1562,1009.1487,1,118.02,-91.0,0
m3-105,214,1070.26,38.2271,34.668,1009.03,2,118.65,-91.0,0
m3-105,215,1075.27,38.2313,35.1562,1009.0825,1,118.37,-91.0,0
m3-105,216,1080.26,38.2375,34.668,1009.0442,1,118.57,-91.0,0
m3-105,217,1085.27,38.2417,35.1562,1009.0398,1,118.28,-91.0,0
m3-105,218,1090.28,38.2354,34.668,1009.0908,1,118.46,-91.0,0
m3-105,219,1095.27,38.2375,35.1562,1009.0691,1,118.47,-91.0,0
m3-105,220,1100.28,38.2396,34.9121,1009.1902,1,118.35,-91.0,0
m3-105,221,1105.28,38.2812,35.1562,1009.1357,1,118.34,-91.0,0
m3-105,222,1110.29,38.2563,34.9121,1009.0476,1,118.62,-91.0,0
m3-105,223,1115.28,38.2146,35.1562,1009.0747,1,118.26,-91.0,0
m3-105,224,1120.29,38.2354,34.668,1009.1128,1,118.58,-91.0,0
m3-105,225,1125.3,38.25,34.9121,1009.0481,1,118.45,-91.0,0
m3-105,226,1130.29,38.275,34.668,1009.1641,1,118.24,-91.0,0
m3-105,227,1135.3,38.2667,35.1562,1009.0955,1,118.64,-91.0,0
m3-105,228,1140.3,38.2687,34.668,1009.0339,1,118.46,-91.0,0
m3-105,229,1145.31,38.2437,34.9121,1009.084,1,118.24,-91.0,0
m3-105,230,1150.3,38.2521,34.668,1009.0696,1,118.46,-91.0,0
m3-105,231,1155.31,38.2687,35.1562,1009.0188,1,118.55,-91.0,0
m3-105,232,1160.32,38.2646,34.9121,1008.9009,1,118.39,-91.0,0
m3-105,233,1165.31,38.2417,35.1562,1009.167,1,118.49,-91.0,0
m3-105,234,1170.32,38.2437,34.9121,1008.9849,1,118.22,-91.0,0
m3-105,235,1175.33,38.2479,35.4004,1009.0459,1,118.79,-91.0,0
m3-105,236,1180.33,38.2667,35.1562,1009.0593,1,118.13,-91.0,0
m3-105,237,1185.33,38.2583,35.4004,1008.9841,1,118.54,-91.0,0
m3-105,238,1190.33,38.2604,35.1562,1009.0789,1,118.29,-91.0,0
m3-105,239,1195.34,38.2687,35.6445,1009.0095,1,118.57,-91.0,0
m3-105,240,1200.33,38.2542,35.4004,1009.0686,1,118.21,-91.0,0
m3-105,241,1205.34,38.2604,35.6445,1009.0693,1,118.75,-91.0,0
m3-105,242,1210.35,38.2938,35.4004,1008.9456,1,117.9,-91.0,0
m3-105,243,1215.36,38.2479,35.8887,1009.0156,1,118.95,-91.0,0
m3-105,244,1220.35,38.2708,35.6445,1009.0054,1,118.1,-91.0,0
m3-105,245,1225.35,38.2583,35.8887,1009.1294,1,118.54,-91.0,0
m3-105,246,1230.36,38.2833,35.8887,1009.1138,0,118.07,-91.0,0
m3-105,247,1235.35,38.3104,35.8887,1008.959,0,118.76,-91.0,0
m3-105,248,1240.36,38.2583,35.6445,1009.0615,1,118.05,-91.0,0
m3-105,249,1245.37,38.2729,35.8887,1009.04,1,118.73,-91.0,0
m3-105,250,1250.38,38.2854,35.8887,1009.0212,0,117.85,-91.0,0
m3-105,251,1255.37,38.3104,36.1328,1009.0149,1,118.94,-91.0,0
m3-105,252,1260.38,38.2771,35.8887,1009.0181,1,118.02,-91.0,0
m3-105,253,1265.38,38.2917,36.1328,1009.0608,1,118.79,-91.0,0
m3-105,254,1270.38,38.3021,35.8887,1008.9453,1,117.89,-91.0,0
m3-105,255,1275.38,38.2792,36.1328,1008.9312,1,118.84,-91.0,0
m3-105,256,1280.39,38.2687,35.8887,1009.1055,1,117.96,-91.0,0
m3-105,257,1285.4,38.3271,36.1328,1009.0208,1,119.02,-91.0,0
m3-105,258,1290.39,38.2917,35.8887,1009.0044,1,117.53,-91.0,0
m3-105,259,1295.4,38.2917,36.377,1009.0244,1,119.02,-91.0,0
m3-105,260,1300.41,38.2979,35.6445,1008.8999,2,117.95,-91.0,0
m3-105,261,1305.4,38.2958,34.9121,1009.0457,2,118.94,-91.0,0
m3-105,262,1310.4,38.2896,36.1328,1008.9351,2,117.62,-91.0,0
m3-105,263,1315.41,38.2771,36.1328,1009.0952,0,119.06,-91.0,0
m3-105,264,1320.42,38.3208,35.8887,1008.9929,1,117.85,-91.0,0
m3-105,265,1325.41,38.2938,36.1328,1009.0027,1,119.06,-91.0,0
m3-105,266,1330.42,38.2917,35.8887,1009.0403,1,117.52,-91.0,0
m3-105,267,1335.43,38.3125,36.1328,1009.0286,1,119.33,-91.0,0
m3-105,268,1340.42,38.3042,35.8887,1009.033,1,117.59,-91.0,0
m3-105,269,1345.43,38.325,36.1328,1009.0107,1,119.17,-91.0,0
m3-105,270,1350.43,38.3458,36.1328,1009.0044,0,117.74,-91.0,0
m3-105,271,1355.44,38.2917,36.377,1008.9385,1,119.03,-91.0,0
m3-105,272,1360.43,38.3083,36.1328,1008.9358,1,117.67,-91.0,0
m3-105,273,1365.44,38.2917,36.6211,1008.9905,1,119.35,-91.0,0
m3-105,274,1370.45,38.3333,36.377,1009.1072,1,117.34,-91.0,0
m3-105,275,1375.44,38.3542,36.6211,1009.0046,1,119.12,-91.0,0
m3-105,276,1380.45,38.3167,36.377,1009.1262,1,117.67,-91.0,0
m3-105,277,1385.46,38.3146,36.377,1009.0151,0,119.36,-91.0,0
m3-105,278,1390.46,38.3333,36.1328,1009.0574,1,117.39,-91.0,0
m3-105,279,1395.45,38.3333,36.377,1009.0935,1,119.29,-91.0,0
m3-105,280,1400.46,38.3583,35.8887,1009.0281,1,117.61,-91.0,0
m3-105,281,1405.47,38.3396,36.1328,1008.9607,1,119.47,-91.0,0
m3-105,282,1410.46,38.3188,35.8887,1009.012,1,117.47,-91.0,0
m3-105,283,1415.47,38.3458,36.1328,1009.0225,1,119.2,-91.0,0
m3-105,284,1420.48,38.3396,35.8887,1009.0889,1,117.38,-91.0,0
m3-105,285,1425.48,38.3542,36.377,1009.0493,1,119.51,-91.0,0
m3-105,286,1430.48,38.3479,35.8887,1009.0601,1,117.38,-91.0,0
m3-105,287,1435.48,38.3417,36.377,1009.0415,1,119.55,-91.0,0
m3-105,288,1440.49,38.3771,36.1328,1008.9724,1,117.11,-91.0,0
m3-105,289,1445.48,38.3479,36.377,1009.0327,1,119.63,-91.0,0
m3-105,290,1450.49,38.3729,36.1328,1008.9741,1,117.57,-91.0,0
m3-105,291,1455.5,38.3583,36.377,1009.0347,1,119.29,-91.0,0
m3-105,292,1460.51,38.3563,36.1328,1009.064,1,117.22,-91.0,0
m3-105,293,1465.5,38.3667,36.6211,1008.958,1,119.7,-91.0,0
m3-105,294,1470.51,38.3667,36.377,1009.1094,1,117.13,-91.0,0
m3-105,295,1475.51,38.3792,36.8652,1008.9949,2,119.64,-91.0,0
m3-105,296,1480.52,38.3813,36.6211,1009.1006,1,117.03,-91.0,0
m3-105,297,1485.51,38.3687,36.6211,1009.0515,0,119.58,-91.0,0
m3-105,298,1490.52,38.3813,36.6211,1009.0378,0,117.35,-91.0,0
m3-105,299,1495.53,38.3771,36.8652,1009.0566,1,119.56,-91.0,0
m3-105,300,1500.52,38.3813,36.6211,1009.085,1,116.97,-91.0,0
m3-105,301,1505.53,38.3708,36.8652,1008.9876,1,119.73,-91.0,0
m3-105,302,1510.53,38.375,36.6211,1009.033,1,117.02,-91.0,0
m3-105,303,1515.54,38.3833,36.8652,1008.9905,1,119.78,-91.0,0
m3-105,304,1520.53,38.3771,36.6211,1009.083,1,116.73,-91.0,0
m3-105,305,1525.54,38.3833,37.1094,1009.0195,1,119.94,-91.0,0
m3-105,306,1530.55,38.3896,36.6211,1009.0073,1,117.04,-91.0,0
m3-105,307,1535.56,38.4167,36.8652,1008.9114,1,119.6,-91.0,0
m3-105,308,1540.55,38.3792,36.6211,1009.0928,1,116.94,-91.0,0
m3-105,309,1545.56,38.4083,37.1094,1009.0625,1,119.87,-91.0,0
m3-105,310,1550.56,38.4021,36.8652,1009.0886,1,116.79,-91.0,0
m3-105,311,1555.56,38.3958,37.1094,1009.0874,1,119.96,-91.0,0
m3-105,312,1560.56,38.4125,36.8652,1008.9636,1,116.71,-91.0,0
m3-105,313,1565.57,38.4062,37.1094,1009.032,1,119.95,-91.0,0
m3-105,314,1570.58,38.3979,36.8652,1009.042,1,116.71,-91.0,0
m3-105,315,1575.57,38.3813,37.3535,1009.0161,1,120.02,-91.0,0
m3-105,316,1580.58,38.375,36.8652,1009.0752,1,116.72,-91.0,0
m3-105,317,1585.59,38.4083,37.3535,1009.0657,1,119.98,-91.0,0
m3-105,318,1590.58,38.4125,37.1094,1009.0269,1,116.64,-91.0,0
m3-105,319,1595.58,38.3958,37.1094,1008.9062,0,120.14,-91.0,0
m3-105,320,1600.59,38.3521,36.6211,1009.0627,2,116.44,-91.0,0
m3-105,321,1605.6,38.4125,37.1094,1008.9959,1,120.24,-91.0,0
m3-105,322,1610.59,38.3875,36.8652,1008.9805,1,116.69,-91.0,0
m3-105,323,1615.6,38.4083,37.1094,1009.0103,1,119.92,-91.0,0
m3-105,324,1620.61,38.4125,36.8652,1009.0054,1,116.67,-91.0,0
m3-105,325,1625.6,38.3813,37.1094,1008.8867,1,120.17,-91.0,0
m3-105,326,1630.61,38.3917,36.6211,1008.927,1,116.51,-91.0,0
m3-105,327,1635.61,38.3937,37.1094,1008.9236,1,120.27,-91.0,0
m3-105,328,1640.62,38.3917,36.8652,1008.9919,1,116.41,-91.0,0
m3-105,329,1645.61,38.3979,37.1094,1008.9521,1,120.2,-91.0,0
m3-105,330,1650.62,38.3875,36.8652,1008.9775,1,116.68,-91.0,0
m3-105,331,1655.63,38.3958,37.1094,1008.8562,1,120.09,-91.0,0
m3-105,332,1660.62,38.3979,36.8652,1008.9541,1,116.55,-91.0,0
m3-105,333,1665.63,38.4083,37.1094,1008.9492,1,120.17,-91.0,0
m3-105,334,1670.63,38.3625,37.1094,1008.9062,0,116.52,-91.0,0
m3-105,335,1675.64,38.3917,37.1094,1009.0127,0,120.37,-91.0,0
m3-105,336,1680.63,38.4312,36.8652,1009.1753,1,116.31,-91.0,0
m3-105,337,1685.64,38.4479,36.8652,1008.9858,0,120.2,-91.0,0
m3-105,338,1690.65,38.4167,36.6211,1008.884,1,116.64,-91.0,0
m3-105,339,1695.66,38.4,36.8652,1008.926,1,120.2,-91.0,0
m3-105,340,1700.65,38.4312,36.377,1008.9539,1,116.37,-91.0,0
m3-105,341,1705.66,38.4,36.6211,1009.0806,1,120.33,-91.0,0
m3-105,342,1710.66,38.4542,36.377,1009.0483,1,116.42,-91.0,0
m3-105,343,1715.66,38.4083,36.8652,1008.9797,1,120.46,-91.0,0
m3-105,344,1720.66,38.4188,36.377,1009.0171,1,116.27,-91.0,0
m3-105,345,1725.67,38.425,36.6211,1008.9565,1,120.24,-91.0,0
m3-105,346,1730.68,38.4062,36.377,1008.9641,1,116.5,-91.0,0
m3-105,347,1735.67,38.4208,36.6211,1009.0149,1,120.4,-91.0,0
m3-105,348,1740.68,38.4208,36.377,1008.9495,1,116.25,-91.0,0
m3-105,349,1745.69,38.3854,36.8652,1008.9605,1,120.45,-91.0,0
m3-105,350,1750.68,38.425,36.6211,1009.0322,1,116.26,-91.0,0
m3-105,351,1755.68,38.4333,36.6211,1008.9973,0,120.8,-91.0,0
m3-105,352,1760.69,38.4375,36.377,1008.9714,1,115.89,-91.0,0
m3-105,353,1765.7,38.4125,36.6211,1008.9968,1,120.65,-91.0,0
m3-105,354,1770.69,38.4333,36.377,1008.9731,1,116.33,-91.0,0
m3-105,355,1775.7,38.4083,36.6211,1009.0339,1,120.61,-91.0,0
m3-105,356,1780.71,38.4312,36.1328,1008.9585,1,116.1,-91.0,0
m3-105,357,1785.7,38.4438,36.6211,1008.9929,1,120.58,-91.0,0
m3-105,358,1790.71,38.4104,36.6211,1009.0337,0,116.24,-91.0,0
m3-105,359,1795.71,38.4625,36.6211,1009.022,0,120.69,-91.0,0
m3-105,360,1800.72,38.3979,36.8652,1008.8613,1,116.14,-91.0,0
m3-105,361,1805.71,38.4375,36.8652,1008.9473,0,120.61,-91.0,0
m3-105,362,1810.72,38.4167,36.6211,1008.9583,1,115.99,-91.0,0
m3-105,363,1815.73,38.425,36.8652,1008.8572,1,120.91,-91.0,0
m3-105,364,1820.72,38.4125,36.6211,1008.918,1,116.05,-91.0,0
m3-105,365,1825.73,38.4104,36.8652,1008.9067,1,120.6,-91.0,0
m3-105,366,1830.74,38.3958,36.377,1008.9714,1,116.09,-91.0,0
m3-105,367,1835.74,38.425,36.6211,1008.9812,1,120.85,-91.0,0
m3-105,368,1840.73,38.425,36.377,1009.0522,1,116.01,-91.0,0
m3-105,369,1845.74,38.4646,36.6211,1008.9182,1,120.69,-91.0,0
m3-105,370,1850.75,38.3979,36.6211,1009.0461,0,116.01,-91.0,0
m3-105,371,1855.74,38.4396,36.377,1009.0078,1,120.8,-91.0,0
m3-105,372,1860.75,38.4333,36.377,1009.1006,0,116.15,-91.0,0
m3-105,373,1865.76,38.4542,36.377,1008.9243,0,120.47,-91.0,0
m3-105,374,1870.76,38.4312,36.1328,1008.9692,1,116.22,-91.0,0
m3-105,375,1875.76,38.4458,36.1328,1008.9512,0,120.58,-91.0,0
m3-105,376,1880.76,38.4125,36.1328,1008.9307,0,116.23,-91.0,0
m3-105,377,1885.77,38.4146,36.1328,1008.9646,0,120.56,-91.0,0
m3-105,378,1890.76,38.4208,36.1328,1009.0615,0,116.14,-91.0,0
m3-105,379,1895.77,38.4479,36.1328,1009.0664,0,120.65,-91.0,0
m3-105,380,1900.78,38.45,36.1328,1009.0129,0,116.5,-91.0,0
m3-105,381,1905.79,38.4375,36.1328,1009.0154,0,120.23,-91.0,0
m3-105,382,1910.78,38.4521,36.1328,1008.9917,0,116.49,-91.0,0
m3-105,383,1915.79,38.4417,35.8887,1008.9814,1,120.54,-91.0,0
m3-105,384,1920.79,38.4292,36.1328,1008.9915,1,116.42,-91.0,0
m3-105,385,1925.8,38.4438,35.8887,1008.9517,1,120.45,-91.0,0
m3-105,386,1930.79,38.4396,35.8887,1008.9382,0,116.44,-91.0,0
m3-105,387,1935.8,38.4375,35.6445,1008.8772,1,120.5,-91.0,0
m3-105,388,1940.81,38.4583,35.6445,1008.9292,0,116.54,-91.0,0
m3-105,389,1945.8,38.4333,35.4004,1009.0647,1,120.31,-91.0,0
m3-105,390,1950.81,38.4479,35.6445,1008.9045,1,116.69,-91.0,0
m3-105,391,1955.81,38.4146,35.6445,1009.0413,0,120.29,-91.0,0
m3-105,392,1960.82,38.4604,35.6445,1009.1042,0,116.61,-91.0,0
m3-105,393,1965.81,38.4979,35.4004,1008.9438,1,120.24,-91.0,0
m3-105,394,1970.82,38.4375,35.8887,1009.0659,2,116.6,-91.0,0
m3-105,395,1975.83,38.4771,35.6445,1009.1533,1,120.11,-91.0,0
m3-105,396,1980.82,38.4771,36.1328,1009.0264,2,116.96,-91.0,0
m3-105,397,1985.83,38.4771,35.6445,1008.9868,1,120.01,-91.0,0
m3-105,398,1990.84,38.4604,36.1328,1009.0132,1,116.78,-91.0,0
m3-105,399,1995.84,38.4396,35.6445,1008.939,1,120.2,-91.0,0
m3-105,400,2000.85,38.45,35.8887,1008.8765,1,116.63,-91.0,0
m3-105,401,2005.84,38.4208,35.8887,1009.0225,0,120.18,-91.0,0
m3-105,402,2010.85,38.4562,36.377,1008.9688,1,116.64,-91.0,0
m3-105,403,2015.86,38.4438,35.8887,1009.064,1,120.17,-91.0,0
m3-105,404,2020.85,38.4833,36.1328,1008.9924,1,116.78,-91.0,0
m3-105,405,2025.86,38.4583,35.8887,1009.0427,1,120.0,-91.0,0
m3-105,406,2030.87,38.475,36.1328,1009.084,1,116.83,-91.0,0
m3-105,407,2035.87,38.4937,35.8887,1009.0823,1,119.88,-91.0,0
m3-105,408,2040.86,38.4667,36.377,1009.0452,1,116.84,-91.0,0
m3-105,409,2045.87,38.4625,36.1328,1009.0496,1,120.2,-91.0,0
m3-105,410,2050.88,38.4646,36.377,1009.085,1,116.75,-91.0,0
m3-105,411,2055.89,38.4833,35.8887,1009.0383,1,119.93,-91.0,0
m3-105,412,2060.88,38.4771,36.1328,1009.0762,1,117.0,-91.0,0
m3-105,413,2065.89,38.4771,35.8887,1009.0928,1,119.92,-91.0,0
m3-105,414,2070.89,38.4521,36.1328,1009.0491,1,117.11,-91.0,0
m3-105,415,2075.89,38.4562,35.8887,1009.1367,1,119.76,-91.0,0
m3-105,416,2080.89,38.4688,36.377,1008.9614,2,116.99,-91.0,0
m3-105,417,2085.9,38.4542,35.8887,1009.0708,2,119.8,-91.0,0
m3-105,418,2090.91,38.4771,36.377,1009.1084,1,117.0,-91.0,0
m3-105,419,2095.9,38.4667,36.1328,1009.0361,1,119.79,-91.0,0
m3-105,420,2100.91,38.4458,36.377,1009.0361,1,117.12,-91.0,0
m3-105,421,2105.92,38.4708,36.1328,1009.0405,1,119.62,-91.0,0
m3-105,422,2110.91,38.4688,36.377,1009.1067,1,116.99,-91.0,0
m3-105,423,2115.92,38.4688,36.1328,1009.029,1,119.88,-91.0,0
m3-105,424,2120.92,38.4479,36.377,1008.9507,1,117.04,-91.0,0
m3-105,425,2125.93,38.4521,36.1328,1009.0615,1,119.79,-91.0,0
m3-105,426,2130.92,38.4875,36.377,1009.219,1,117.1,-91.0,0
m3-105,427,2135.93,38.5312,36.1328,1009.0754,1,119.59,-91.0,0
m3-105,428,2140.94,38.475,36.377,1009.0862,1,117.3,-91.0,0
m3-105,429,2145.95,38.4792,36.1328,1009.1892,1,119.47,-91.0,0
m3-105,430,2150.94,38.5021,36.6211,1009.102,1,117.28,-91.0,0
m3-105,431,2155.94,38.4792,36.377,1009.0356,1,119.54,-91.0,0
m3-105,432,2160.95,38.4729,36.8652,1008.9907,1,117.35,-91.0,0
m3-105,433,2165.96,38.4792,36.377,1009.0146,1,119.41,-91.0,0
m3-105,434,2170.95,38.4542,36.377,1009.1272,0,117.32,-91.0,0
m3-105,435,2175.96,38.4937,36.1328,1009.0237,1,119.46,-91.0,0
m3-105,436,2180.97,38.4813,36.377,1009.0376,1,117.47,-91.0,0
m3-105,437,2185.96,38.4625,36.1328,1009.0598,1,119.33,-91.0,0
m3-105,438,2190.97,38.4562,36.6211,1009.1269,1,117.51,-91.0,0
m3-105,439,2195.97,38.4958,36.377,1009.0776,1,119.44,-91.0,0
m3-106,1,4.56,35.8104,41.748,1007.8767,1,117.14,-91.0,0
m3-106,2,9.55,35.8208,42.2363,1007.8098,1,119.15,-91.0,0
m3-106,3,14.56,35.8292,41.9922,1007.8606,1,117.9,-91.0,0
m3-106,4,19.57,35.8396,42.2363,1007.7456,1,119.29,-91.0,0
m3-106,5,24.58,35.8771,41.9922,1007.8904,1,117.88,-91.0,0
m3-106,6,29.57,35.875,42.2363,1007.8596,1,119.33,-91.0,0
m3-106,7,34.58,35.9125,41.9922,1007.8423,1,118.0,-91.0,0
m3-106,8,39.58,35.9125,42.2363,1007.9312,1,119.36,-91.0,0
m3-106,9,44.58,35.9479,41.9922,1007.8845,1,117.96,-91.0,0
m3-106,10,49.58,35.9438,42.4805,1007.8323,1,119.41,-91.0,0
m3-106,11,54.59,35.9771,41.9922,1007.8843,1,117.74,-91.0,0
m3-106,12,59.6,35.975,42.2363,1007.7944,1,119.34,-91.0,0
m3-106,13,64.59,35.9875,41.9922,1007.7102,1,117.71,-91.0,0
m3-106,14,69.6,36.0083,42.2363,1007.7654,1,119.5,-91.0,0
m3-106,15,74.61,36.025,41.748,1007.8257,1,117.98,-91.0,0
m3-106,16,79.6,36.0229,41.9922,1007.8606,1,119.52,-91.0,0
m3-106,17,84.61,36.0667,41.748,1007.8303,1,117.85,-91.0,0
m3-106,18,89.61,36.0604,41.748,1007.9653,0,119.57,-91.0,0
m3-106,19,94.62,36.0938,41.748,1007.8696,0,117.65,-91.0,0
m3-106,20,99.61,36.0958,41.9922,1007.9123,1,119.63,-91.0,0
m3-106,21,104.62,36.0875,41.5039,1007.9548,1,117.76,-91.0,0
m3-106,22,109.63,36.1271,41.9922,1007.8906,1,119.65,-91.0,0
m3-106,23,114.62,36.1354,41.5039,1007.6653,2,117.73,-91.0,0
m3-106,24,119.63,36.0896,41.748,1007.9324,1,119.61,-91.0,0
m3-106,25,124.64,36.1688,41.5039,1007.9231,1,117.75,-91.0,0
m3-106,26,129.64,36.1812,41.748,1007.9285,1,119.71,-91.0,0
m3-106,27,134.63,36.1812,41.5039,1007.8125,1,117.74,-91.0,0
m3-106,28,139.64,36.1958,41.748,1007.9251,1,119.82,-91.0,0
m3-106,29,144.65,36.1979,41.5039,1007.8777,1,117.6,-91.0,0
m3-106,30,149.66,36.1875,41.5039,1007.8279,0,119.84,-91.0,0
m3-106,31,154.65,36.175,41.5039,1007.8044,0,117.57,-91.0,0
m3-106,32,159.66,36.2104,41.748,1007.8633,1,119.89,-91.0,0
m3-106,33,164.66,36.2313,41.5039,1007.8699,1,117.7,-91.0,0
m3-106,34,169.66,36.2292,41.748,1007.7974,1,119.96,-91.0,0
m3-106,35,174.66,36.2333,41.748,1007.8257,0,117.63,-91.0,0
m3-106,36,179.67,36.2333,42.2363,1007.8347,1,119.98,-91.0,0
m3-106,37,184.68,36.2521,41.9922,1007.8274,1,117.47,-91.0,0
m3-106,38,189.67,36.2646,42.2363,1007.77,1,119.91,-91.0,0
m3-106,39,194.68,36.25,41.9922,1007.8162,1,117.36,-91.0,0
m3-106,40,199.69,36.2687,42.4805,1007.8491,1,120.07,-91.0,0
m3-106,41,204.68,36.3,42.2363,1007.8379,1,117.47,-91.0,0
m3-106,42,209.69,36.2875,42.2363,1007.9412,0,120.03,-91.0,0
m3-106,43,214.69,36.2833,42.2363,1007.8914,0,117.52,-91.0,0
m3-106,44,219.7,36.2917,42.4805,1007.8115,1,120.05,-91.0,0
m3-106,45,224.69,36.2875,42.2363,1007.929,1,117.21,-91.0,0
m3-106,46,229.7,36.3375,42.4805,1007.8433,1,120.08,-91.0,0
m3-106,47,234.71,36.3021,41.748,1007.8845,1,117.43,-91.0,0
m3-106,48,239.7,36.3354,42.2363,1007.7629,2,120.06,-91.0,0
m3-106,49,244.71,36.3417,42.2363,1007.8413,0,117.34,-91.0,0
m3-106,50,249.71,36.3292,42.4805,1007.7109,1,120.19,-91.0,0
m3-106,51,254.71,36.3125,42.2363,1007.8716,1,117.23,-91.0,0
m3-106,52,259.71,36.3625,42.4805,1007.8977,1,120.38,-91.0,0
m3-106,53,264.72,36.3667,42.2363,1007.8665,1,117.28,-91.0,0
m3-106,54,269.73,36.3771,42.4805,1007.8982,1,120.38,-91.0,0
m3-106,55,274.72,36.3813,42.2363,1007.9639,1,117.03,-91.0,0
m3-106,56,279.73,36.3896,42.7246,1007.708,2,120.23,-91.0,0
m3-106,57,284.74,36.3563,42.2363,1007.7639,1,117.03,-91.0,0
m3-106,58,289.73,36.3667,42.7246,1007.8525,1,120.25,-91.0,0
m3-106,59,294.74,36.4104,42.2363,1007.8025,1,117.2,-91.0,0
m3-106,60,299.74,36.3813,42.4805,1007.852,1,120.28,-91.0,0
m3-106,61,304.75,36.4062,41.9922,1007.7856,1,117.38,-91.0,0
m3-106,62,309.74,36.4021,42.4805,1007.9436,2,120.5,-91.0,0
m3-106,63,314.75,36.4333,42.2363,1007.772,1,117.24,-91.0,0
m3-106,64,319.76,36.3917,42.4805,1007.8818,1,120.29,-91.0,0
m3-106,65,324.75,36.4375,42.2363,1007.7554,1,117.01,-91.0,0
m3-106,66,329.76,36.4125,42.4805,1007.7915,1,120.26,-91.0,0
m3-106,67,334.77,36.4104,42.4805,1007.8872,0,117.17,-91.0,0
m3-106,68,339.77,36.4438,42.7246,1007.7964,1,120.44,-91.0,0
m3-106,69,344.77,36.4396,42.4805,1007.8494,1,117.08,-91.0,0
m3-106,70,349.77,36.4188,42.7246,1007.875,1,120.48,-91.0,0
m3-106,71,354.78,36.4625,42.4805,1007.9251,1,117.05,-91.0,0
m3-106,72,359.77,36.4875,42.7246,1007.9065,1,120.65,-91.0,0
m3-106,73,364.78,36.4708,42.4805,1007.9436,1,117.04,-91.0,0
m3-106,74,369.79,36.4896,42.7246,1007.8865,1,120.55,-91.0,0
m3-106,75,374.8,36.4937,42.4805,1007.8889,1,116.81,-91.0,0
m3-106,76,379.79,36.4958,42.7246,1007.8337,1,120.55,-91.0,0
m3-106,77,384.79,36.4833,42.2363,1007.8176,1,116.73,-91.0,0
m3-106,78,389.8,36.5167,42.7246,1007.9148,2,120.81,-91.0,0
m3-106,79,394.79,36.5,42.2363,1007.8755,1,116.92,-91.0,0
m3-106,80,399.8,36.5104,42.7246,1007.8669,1,120.84,-91.0,0
m3-106,81,404.81,36.5042,42.4805,1007.8784,1,116.98,-91.0,0
m3-106,82,409.82,36.5146,42.9688,1007.7903,1,120.81,-91.0,0
m3-106,83,414.81,36.4813,42.7246,1007.8411,1,116.67,-91.0,0
m3-106,84,419.82,36.4937,43.2129,1007.8774,1,120.58,-91.0,0
m3-106,85,424.82,36.5396,42.9688,1007.8613,1,116.63,-91.0,0
m3-106,86,429.82,36.5083,43.2129,1007.8289,1,120.75,-91.0,0
m3-106,87,434.82,36.5312,43.2129,1007.8767,0,116.75,-91.0,0
m3-106,88,439.83,36.5187,43.457,1007.9072,1,120.92,-91.0,0
m3-106,89,444.84,36.5375,43.457,1007.8154,0,116.69,-91.0,0
m3-106,90,449.83,36.5208,43.9453,1007.8396,1,120.95,-91.0,0
m3-106,91,454.84,36.5292,43.457,1007.8874,1,116.64,-91.0,0
m3-106,92,459.85,36.5542,43.9453,1007.8352,1,120.91,-91.0,0
m3-106,93,464.84,36.5375,43.7012,1007.8823,1,116.41,-91.0,0
m3-106,94,469.84,36.5479,43.9453,1007.7925,1,120.75,-91.0,0
m3-106,95,474.85,36.5542,43.7012,1007.9412,1,116.53,-91.0,0
m3-106,96,479.86,36.5667,43.9453,1007.8289,1,120.91,-91.0,0
m3-106,97,484.85,36.525,43.9453,1007.7524,0,116.5,-91.0,0
m3-106,98,489.86,36.5583,44.1895,1007.7703,1,121.08,-91.0,0
m3-106,99,494.87,36.5375,43.9453,1007.8682,1,116.6,-91.0,0
m3-106,100,499.88,36.5729,44.1895,1007.8911,1,120.92,-91.0,0
m3-106,101,504.87,36.575,44.1895,1007.8425,0,116.53,-91.0,0
m3-106,102,509.87,36.5729,43.9453,1007.8481,1,120.74,-91.0,0
m3-106,103,514.88,36.6063,43.9453,1007.7908,0,116.51,-91.0,0
m3-106,104,519.89,36.5729,44.1895,1007.9448,1,120.82,-91.0,0
m3-106,105,524.88,36.6083,43.9453,1007.8769,1,116.55,-91.0,0
m3-106,106,529.89,36.5792,44.1895,1007.9246,1,120.83,-91.0,0
m3-106,107,534.9,36.5917,43.9453,1007.8142,1,116.63,-91.0,0
m3-106,108,539.9,36.5771,43.9453,1007.8728,0,120.89,-91.0,0
m3-106,109,544.9,36.6187,43.9453,1007.8804,0,116.78,-91.0,0
m3-106,110,549.9,36.6187,43.9453,1007.8442,0,120.77,-91.0,0
m3-106,111,554.91,36.5979,43.7012,1007.7646,1,116.64,-91.0,0
m3-106,112,559.92,36.5979,44.1895,1007.832,1,120.71,-91.0,0
m3-106,113,564.91,36.5896,43.9453,1007.8452,1,116.6,-91.0,0
m3-106,114,569.92,36.6208,43.7012,1007.8704,1,120.83,-91.0,0
m3-106,115,574.93,36.6417,43.9453,1007.8789,1,116.92,-91.0,0
m3-106,116,579.93,36.6167,43.7012,1007.8442,1,120.69,-91.0,0
m3-106,117,584.93,36.6292,44.1895,1007.8975,1,116.98,-91.0,0
m3-106,118,589.93,36.625,43.9453,1007.832,1,120.87,-91.0,0
m3-106,119,594.94,36.6542,44.1895,1007.8342,1,116.61,-91.0,0
m3-106,120,599.95,36.6354,44.1895,1007.8784,0,120.68,-91.0,0
m3-106,121,604.94,36.6437,44.1895,1007.8091,0,116.7,-91.0,0
m3-106,122,609.95,36.625,44.1895,1007.9788,0,120.72,-91.0,0
m3-106,123,614.96,36.6812,44.4336,1007.8518,1,116.87,-91.0,0
m3-106,124,619.96,36.6583,44.1895,1007.7581,1,120.63,-91.0,0
m3-106,125,624.96,36.6354,44.6777,1007.897,2,116.89,-91.0,0
m3-106,126,629.96,36.6396,44.1895,1007.8687,1,120.56,-91.0,0
m3-106,127,634.97,36.6604,44.4336,1007.8223,1,116.98,-91.0,0
m3-106,128,639.98,36.6604,44.4336,1007.8567,0,120.41,-91.0,0
m3-106,129,644.99,36.6625,44.6777,1007.9106,1,116.94,-91.0,0
m3-106,130,649.98,36.6688,44.4336,1007.8018,1,120.57,-91.0,0
m3-106,131,654.99,36.6604,44.6777,1007.8445,1,116.99,-91.0,0
m3-106,132,659.99,36.6771,44.4336,1007.8713,1,120.38,-91.0,0
m3-106,133,665.0,36.6771,44.9219,1007.8811,1,117.28,-91.0,0
m3-106,134,669.99,36.6708,44.6777,1007.7866,1,120.31,-91.0,0
m3-106,135,675.0,36.6688,44.9219,1007.8474,1,117.1,-91.0,0
m3-106,136,680.01,36.6729,44.6777,1007.9292,1,120.15,-91.0,0
m3-106,137,685.02,36.7042,44.9219,1007.9805,1,117.08,-91.0,0
m3-106,138,690.02,36.7229,44.4336,1007.8818,1,120.28,-91.0,0
m3-106,139,695.01,36.6854,44.9219,1007.9512,1,117.1,-91.0,0
m3-106,140,700.02,36.7042,44.6777,1007.7979,1,120.39,-91.0,0
m3-106,141,705.03,36.6896,44.6777,1007.7808,0,117.38,-91.0,0
m3-106,142,710.02,36.675,44.4336,1007.8044,1,120.34,-91.0,0
m3-106,143,715.03,36.6875,44.9219,1007.874,1,117.17,-91.0,0
m3-106,144,720.04,36.7125,44.4336,1007.824,1,120.16,-91.0,0
m3-106,145,725.04,36.6875,44.6777,1007.9128,1,117.18,-91.0,0
m3-106,146,730.04,36.7125,44.4336,1007.8188,1,120.2,-91.0,0
m3-106,147,735.04,36.7208,44.6777,1007.9761,1,117.31,-91.0,0
m3-106,148,740.05,36.7188,44.6777,1007.9968,0,120.18,-91.0,0
m3-106,149,745.06,36.7479,44.9219,1007.929,1,117.36,-91.0,0
m3-106,150,750.05,36.7271,44.6777,1007.8997,1,120.1,-91.0,0
m3-106,151,755.06,36.7208,44.9219,1007.9673,1,117.49,-91.0,0
m3-106,152,760.07,36.7437,44.6777,1007.842,1,120.0,-91.0,0
m3-106,153,765.06,36.7604,44.9219,1007.9929,1,117.52,-91.0,0
m3-106,154,770.07,36.725,44.6777,1007.9028,1,119.99,-91.0,0
m3-106,155,775.07,36.7479,44.9219,1007.9229,1,117.38,-91.0,0
m3-106,156,780.08,36.7396,44.4336,1008.0225,1,119.95,-91.0,0
m3-106,157,785.07,36.7729,44.4336,1007.8813,0,117.65,-91.0,0
m3-106,158,790.08,36.7417,44.1895,1007.9976,1,119.98,-91.0,0
m3-106,159,795.09,36.7667,44.4336,1007.9727,1,117.87,-91.0,0
m3-106,160,800.08,36.7917,44.1895,1007.8694,1,119.96,-91.0,0
m3-106,161,805.09,36.7458,44.9219,1007.9207,1,117.53,-91.0,0
m3-106,162,810.1,36.7521,44.6777,1007.928,1,119.77,-91.0,0
m3-106,163,815.1,36.7625,44.9219,1007.8884,1,117.54,-91.0,0
m3-106,164,820.09,36.7604,44.6777,1007.9448,1,119.79,-91.0,0
m3-106,165,825.1,36.7646,44.9219,1008.073,1,117.67,-91.0,0
m3-106,166,830.11,36.7938,44.6777,1007.9421,1,119.96,-91.0,0
m3-106,167,835.1,36.7833,44.9219,1007.9119,1,117.92,-91.0,0
m3-106,168,840.11,36.7542,44.6777,1008.0171,1,119.83,-91.0,0
m3-106,169,845.12,36.7938,45.166,1007.8264,2,117.78,-91.0,0
m3-106,170,850.13,36.7521,44.6777,1007.9509,2,119.73,-91.0,0
m3-106,171,855.12,36.7771,45.166,1007.9734,1,117.59,-91.0,0
m3-106,172,860.12,36.7917,44.6777,1007.9495,1,119.69,-91.0,0
m3-106,173,865.13,36.7896,45.166,1007.9341,1,117.86,-91.0,0
m3-106,174,870.14,36.7812,44.9219,1007.9185,1,119.6,-91.0,0
m3-106,175,875.13,36.7792,45.166,1008.0542,1,118.0,-91.0,0
m3-106,176,880.14,36.7979,44.9219,1007.9627,1,119.67,-91.0,0
m3-106,177,885.15,36.8062,45.166,1007.8494,1,118.18,-91.0,0
m3-106,178,890.14,36.7896,44.9219,1007.835,1,119.48,-91.0,0
m3-106,179,895.15,36.7708,45.166,1008.0181,1,117.94,-91.0,0
m3-106,180,900.15,36.8125,44.9219,1008.0344,1,119.53,-91.0,0
m3-106,181,905.16,36.8146,45.166,1008.0625,1,117.85,-91.0,0
m3-106,182,910.15,36.8292,44.9219,1008.0098,1,119.32,-91.0,0
m3-106,183,915.16,36.7812,45.4102,1008.1245,2,118.09,-91.0,0
m3-106,184,920.17,36.8521,44.9219,1008.0222,2,119.49,-91.0,0
m3-106,185,925.18,36.8208,45.4102,1008.0486,1,118.29,-91.0,0
m3-106,186,930.17,36.8271,45.166,1008.1384,1,119.52,-91.0,0
m3-106,187,935.18,36.8479,45.4102,1008.0933,1,117.98,-91.0,0
m3-106,188,940.18,36.8125,45.166,1007.9053,1,119.29,-91.0,0
m3-106,189,945.18,36.8125,45.4102,1008.0276,1,117.99,-91.0,0
m3-106,190,950.18,36.8354,45.166,1008.0205,1,119.35,-91.0,0
m3-106,191,955.19,36.8563,45.4102,1007.9282,1,118.21,-91.0,0
m3-106,192,960.2,36.8271,44.9219,1007.8389,1,119.4,-91.0,0
m3-106,193,965.19,36.8021,45.166,1007.8899,1,118.31,-91.0,0
m3-106,194,970.2,36.8417,45.166,1007.9465,0,119.34,-91.0,0
m3-106,195,975.21,36.8271,45.4102,1008.0669,1,118.28,-91.0,0
m3-106,196,980.2,36.8292,45.4102,1008.0176,0,119.31,-91.0,0
m3-106,197,985.2,36.8542,45.6543,1007.936,1,118.06,-91.0,0
m3-106,198,990.21,36.8354,45.4102,1007.9876,1,119.25,-91.0,0
m3-106,199,995.22,36.85,45.6543,1008.0337,1,118.22,-91.0,0
m3-106,200,1000.21,36.8583,45.166,1007.9995,1,119.25,-91.0,0
m3-106,201,1005.22,36.8354,45.4102,1008.0022,1,118.29,-91.0,0
m3-106,202,1010.23,36.8417,45.166,1007.9009,1,119.36,-91.0,0
m3-106,203,1015.22,36.8146,45.6543,1007.8606,1,118.4,-91.0,0
m3-106,204,1020.23,36.8188,45.4102,1007.8884,1,119.24,-91.0,0
m3-106,205,1025.23,36.8229,45.8984,1007.9714,1,118.42,-91.0,0
m3-106,206,1030.24,36.85,45.4102,1008.0027,1,119.04,-91.0,0
m3-106,207,1035.23,36.8729,45.6543,1007.968,1,118.26,-91.0,0
m3-106,208,1040.24,36.8583,45.4102,1008.0073,1,118.99,-91.0,0
m3-106,209,1045.25,36.9167,45.4102,1008.0115,0,118.56,-91.0,0
m3-106,210,1050.24,36.8646,45.166,1007.9973,1,119.06,-91.0,0
m3-106,211,1055.25,36.8813,45.6543,1008.0088,1,118.75,-91.0,0
m3-106,212,1060.26,36.8813,45.4102,1008.0535,1,119.17,-91.0,0
m3-106,213,1065.26,36.8937,45.6543,1007.9038,1,118.62,-91.0,0
m3-106,214,1070.26,36.8937,45.4102,1007.8074,1,118.78,-91.0,0
m3-106,215,1075.26,36.8521,45.6543,1007.8137,1,118.68,-91.0,0
m3-106,216,1080.27,36.8917,45.4102,1007.9448,1,118.84,-91.0,0
m3-106,217,1085.26,36.8896,45.6543,1007.9246,1,118.6,-91.0,0
m3-106,218,1090.27,36.8937,45.4102,1007.9495,1,119.0,-91.0,0
m3-106,219,1095.28,36.8854,45.8984,1007.9927,1,118.77,-91.0,0
m3-106,220,1100.29,36.8979,45.4102,1007.9153,1,118.83,-91.0,0
m3-106,221,1105.28,36.8646,45.6543,1007.957,1,118.73,-91.0,0
m3-106,222,1110.28,36.9188,45.4102,1008.0598,1,118.76,-91.0,0
m3-106,223,1115.29,36.8896,45.8984,1007.9058,2,118.72,-91.0,0
m3-106,224,1120.28,36.9062,45.4102,1007.9214,1,118.84,-91.0,0
m3-106,225,1125.29,36.9,45.6543,1007.9248,1,118.91,-91.0,0
m3-106,226,1130.3,36.8896,45.4102,1007.8857,1,118.7,-91.0,0
m3-106,227,1135.31,36.8917,45.8984,1007.9226,1,118.78,-91.0,0
m3-106,228,1140.3,36.9188,45.6543,1007.9209,1,118.72,-91.0,0
m3-106,229,1145.31,36.8854,45.6543,1007.8984,0,118.81,-91.0,0
m3-106,230,1150.31,36.8917,45.6543,1007.9338,0,118.79,-91.0,0
m3-106,231,1155.31,36.9229,45.8984,1007.9883,1,118.9,-91.0,0
m3-106,232,1160.31,36.9271,45.6543,1007.9158,1,118.61,-91.0,0
m3-106,233,1165.32,36.9042,45.8984,1007.9424,1,118.82,-91.0,0
m3-106,234,1170.33,36.8979,45.6543,1007.9189,1,118.61,-91.0,0
m3-106,235,1175.32,36.9229,46.1426,1007.8904,1,118.98,-91.0,0
m3-106,236,1180.33,36.9229,45.8984,1007.8848,1,118.55,-91.0,0
m3-106,237,1185.34,36.8792,46.3867,1007.9356,1,119.08,-91.0,0
m3-106,238,1190.33,36.9125,45.8984,1007.9043,1,118.51,-91.0,0
m3-106,239,1195.34,36.8958,46.3867,1007.9121,1,118.93,-91.0,0
m3-106,240,1200.34,36.9125,46.1426,1007.9133,1,118.53,-91.0,0
m3-106,241,1205.35,36.925,46.6309,1007.8865,1,118.93,-91.0,0
m3-106,242,1210.34,36.9229,46.1426,1007.9678,1,118.39,-91.0,0
m3-106,243,1215.35,36.9188,46.6309,1008.0466,1,119.09,-91.0,0
m3-106,244,1220.36,36.9292,46.3867,1007.8872,1,118.58,-91.0,0
m3-106,245,1225.35,36.9167,46.875,1007.9407,1,119.07,-91.0,0
m3-106,246,1230.36,36.9083,46.6309,1008.0024,1,118.43,-91.0,0
m3-106,247,1235.37,36.9583,46.875,1008.0703,1,118.92,-91.0,0
m3-106,248,1240.37,36.9708,46.6309,1007.9077,1,118.26,-91.0,0
m3-106,249,1245.36,36.9646,46.875,1007.9854,1,119.03,-91.0,0
m3-106,250,1250.37,36.9417,46.6309,1007.8718,1,118.38,-91.0,0
m3-106,251,1255.38,36.9375,46.875,1007.8867,1,119.31,-91.0,0
m3-106,252,1260.37,36.9188,46.6309,1007.8477,1,118.25,-91.0,0
m3-106,253,1265.38,36.9125,47.1191,1007.8813,1,119.24,-91.0,0
m3-106,254,1270.39,36.9396,46.875,1007.9187,1,118.24,-91.0,0
m3-106,255,1275.38,36.9333,46.875,1007.9688,0,119.12,-91.0,0
m3-106,256,1280.39,36.9354,46.6309,1007.9089,1,118.17,-91.0,0
m3-106,257,1285.39,36.9583,47.1191,1007.9871,1,119.17,-91.0,0
m3-106,258,1290.4,36.9521,46.875,1007.9075,1,118.09,-91.0,0
m3-106,259,1295.39,36.9417,47.1191,1007.8616,1,119.23,-91.0,0
m3-106,260,1300.4,36.9396,46.875,1007.9434,1,118.26,-91.0,0
m3-106,261,1305.41,36.95,45.6543,1007.9189,1,119.4,-91.0,0
m3-106,262,1310.4,36.9542,46.875,1007.9238,1,118.15,-91.0,0
m3-106,263,1315.41,36.9438,47.1191,1007.9099,1,119.34,-91.0,0
m3-106,264,1320.42,36.9729,46.875,1007.9067,1,118.18,-91.0,0
m3-106,265,1325.42,36.9583,47.1191,1007.8857,1,119.26,-91.0,0
m3-106,266,1330.42,36.9583,46.6309,1007.9602,1,118.0,-91.0,0
m3-106,267,1335.42,36.9771,47.1191,1007.8728,1,119.38,-91.0,0
m3-106,268,1340.43,36.9604,46.6309,1007.957,1,117.91,-91.0,0
m3-106,269,1345.42,36.9562,47.1191,1008.0403,1,119.6,-91.0,0
m3-106,270,1350.43,36.9979,46.875,1007.9634,1,118.24,-91.0,0
m3-106,271,1355.44,36.9792,47.3633,1007.9394,1,119.53,-91.0,0
m3-106,272,1360.45,36.9771,47.1191,1007.9155,1,117.9,-91.0,0
m3-106,273,1365.44,36.9625,47.6074,1007.9343,1,119.35,-91.0,0
m3-106,274,1370.44,36.9937,47.1191,1007.9326,1,117.66,-91.0,0
m3-106,275,1375.45,36.9896,47.6074,1007.9214,1,119.42,-91.0,0
m3-106,276,1380.44,36.9562,47.3633,1007.8601,1,117.79,-91.0,0
m3-106,277,1385.45,36.9542,47.6074,1007.8369,1,119.6,-91.0,0
m3-106,278,1390.46,36.9646,47.1191,1008.0625,2,117.91,-91.0,0
m3-106,279,1395.47,37.0021,47.3633,1007.8616,1,119.78,-91.0,0
m3-106,280,1400.46,36.9729,46.875,1007.8147,1,118.0,-91.0,0
m3-106,281,1405.47,36.975,47.1191,1007.9614,1,119.43,-91.0,0
m3-106,282,1410.47,37.0125,46.875,1007.8391,1,117.75,-91.0,0
m3-106,283,1415.47,36.975,47.3633,1007.7319,2,119.46,-91.0,0
m3-106,284,1420.47,36.9438,47.1191,1007.8684,1,117.8,-91.0,0
m3-106,285,1425.48,36.9729,47.3633,1007.8528,1,119.67,-91.0,0
m3-106,286,1430.49,36.9771,46.875,1007.8652,1,117.77,-91.0,0
m3-106,287,1435.48,36.9646,47.3633,1007.8867,1,119.98,-91.0,0
m3-106,288,1440.49,37.0021,47.3633,1007.7717,0,117.6,-91.0,0
m3-106,289,1445.5,36.9625,47.6074,1007.8728,1,119.98,-91.0,0
m3-106,290,1450.49,36.9833,47.1191,1007.8677,1,117.42,-91.0,0
m3-106,291,1455.5,36.9958,47.6074,1007.8398,1,119.64,-91.0,0
m3-106,292,1460.5,36.9771,47.3633,1007.7754,1,117.46,-91.0,0
m3-106,293,1465.51,36.9688,47.6074,1007.8384,1,119.78,-91.0,0
m3-106,294,1470.5,36.9813,47.6074,1007.8818,0,117.44,-91.0,0
m3-106,295,1475.51,36.9854,47.8516,1007.8279,1,120.03,-91.0,0
m3-106,296,1480.52,36.9667,47.6074,1007.8035,1,117.62,-91.0,0
m3-106,297,1485.51,36.9583,47.8516,1007.8262,1,119.81,-91.0,0
m3-106,298,1490.52,36.9667,47.6074,1007.8215,1,117.57,-91.0,0
m3-106,299,1495.53,36.9688,48.0957,1007.7642,1,119.86,-91.0,0
m3-106,300,1500.53,36.9875,47.6074,1007.8469,1,117.14,-91.0,0
m3-106,301,1505.52,36.9896,48.0957,1007.8408,1,119.96,-91.0,0
m3-106,302,1510.53,36.9854,47.6074,1007.7725,1,117.3,-91.0,0
m3-106,303,1515.54,36.9708,48.0957,1007.7703,1,120.14,-91.0,0
m3-106,304,1520.55,36.9896,47.8516,1007.8418,1,117.3,-91.0,0
m3-106,305,1525.54,37.0042,48.3398,1007.852,1,120.15,-91.0,0
m3-106,306,1530.55,37.0167,47.8516,1007.8333,1,117.28,-91.0,0
m3-106,307,1535.55,37.0021,48.3398,1007.6814,2,120.04,-91.0,0
m3-106,308,1540.55,36.9708,47.8516,1007.8481,2,117.21,-91.0,0
m3-106,309,1545.55,37.0187,48.3398,1007.7698,1,120.04,-91.0,0
m3-106,310,1550.56,36.9937,48.0957,1007.7449,1,117.22,-91.0,0
m3-106,311,1555.57,36.9813,48.3398,1007.8245,1,120.18,-91.0,0
m3-106,312,1560.56,37.0146,48.0957,1007.928,1,117.3,-91.0,0
m3-106,313,1565.57,37.0167,48.3398,1007.7908,1,120.1,-91.0,0
m3-106,314,1570.58,37.0083,48.0957,1007.8596,1,117.16,-91.0,0
m3-106,315,1575.57,37.0521,48.3398,1007.9263,1,120.16,-91.0,0
m3-106,316,1580.58,37.0312,48.0957,1007.803,1,117.13,-91.0,0
m3-106,317,1585.58,37.0146,48.584,1007.9341,2,120.26,-91.0,0
m3-106,318,1590.59,37.0521,48.3398,1007.8628,1,116.94,-91.0,0
m3-106,319,1595.58,37.0271,48.584,1007.9233,1,120.21,-91.0,0
m3-106,320,1600.59,37.05,47.8516,1007.7864,2,116.97,-91.0,0
m3-106,321,1605.6,37.0312,48.3398,1007.8716,1,120.43,-91.0,0
m3-106,322,1610.59,37.0125,48.0957,1007.7639,1,117.13,-91.0,0
m3-106,323,1615.6,37.0146,48.584,1007.8569,1,120.37,-91.0,0
m3-106,324,1620.6,37.0271,48.0957,1007.7668,1,116.9,-91.0,0
m3-106,325,1625.61,37.0208,48.584,1007.8098,1,120.36,-91.0,0
m3-106,326,1630.6,37.0229,48.0957,1007.7615,1,116.87,-91.0,0
m3-106,327,1635.61,37.0271,48.3398,1007.8193,1,120.3,-91.0,0
m3-106,328,1640.62,37.0021,48.0957,1007.7429,1,116.96,-91.0,0
m3-106,329,1645.61,36.9875,48.584,1007.7776,1,120.4,-91.0,0
m3-106,330,1650.62,37.0125,48.0957,1007.77,1,117.03,-91.0,0
m3-106,331,1655.63,37.0271,48.584,1007.856,1,120.43,-91.0,0
m3-106,332,1660.63,37.0417,48.0957,1007.7471,2,116.87,-91.0,0
m3-106,333,1665.63,37.0375,48.584,1007.9145,2,120.36,-91.0,0
m3-106,334,1670.63,37.0146,48.0957,1007.853,1,116.75,-91.0,0
m3-106,335,1675.64,37.0729,48.584,1007.7905,1,120.63,-91.0,0
m3-106,336,1680.63,37.0625,48.0957,1007.7417,1,116.76,-91.0,0
m3-106,337,1685.64,37.0187,48.0957,1007.7869,0,120.69,-91.0,0
m3-106,338,1690.65,37.0354,47.8516,1007.7769,1,116.86,-91.0,0
m3-106,339,1695.66,37.025,48.0957,1007.8894,1,120.47,-91.0,0
m3-106,340,1700.65,37.0583,47.6074,1007.9922,2,116.71,-91.0,0
m3-106,341,1705.66,37.0646,47.8516,1007.7146,1,120.62,-91.0,0
m3-106,342,1710.66,37.0479,47.8516,1007.8008,0,116.72,-91.0,0
m3-106,343,1715.65,37.0375,48.3398,1007.9717,2,120.58,-91.0,0
m3-106,344,1720.66,37.075,47.8516,1007.813,2,116.83,-91.0,0
m3-106,345,1725.67,37.0604,48.0957,1007.9075,1,120.7,-91.0,0
m3-106,346,1730.68,37.0792,47.6074,1007.7415,2,116.64,-91.0,0
m3-106,347,1735.67,37.0375,47.8516,1007.7476,1,120.77,-91.0,0
m3-106,348,1740.68,37.0458,47.8516,1007.8738,0,116.71,-91.0,0
m3-106,349,1745.68,37.0604,48.3398,1007.7253,2,120.65,-91.0,0
m3-106,350,1750.68,37.0292,47.8516,1007.8796,2,116.67,-91.0,0
m3-106,351,1755.68,37.0625,48.0957,1007.769,1,120.9,-91.0,0
m3-106,352,1760.69,37.0375,47.8516,1007.8721,1,116.53,-91.0,0
m3-106,353,1765.7,37.0479,48.0957,1007.7781,1,120.91,-91.0,0
m3-106,354,1770.69,37.0458,47.8516,1007.7759,1,116.58,-91.0,0
m3-106,355,1775.7,37.0667,48.0957,1007.8162,1,120.89,-91.0,0
m3-106,356,1780.71,37.0542,47.6074,1007.8501,1,116.56,-91.0,0
m3-106,357,1785.7,37.0875,48.0957,1007.7678,1,120.79,-91.0,0
m3-106,358,1790.71,37.0479,48.0957,1007.7864,0,116.48,-91.0,0
m3-106,359,1795.71,37.0625,48.0957,1007.8967,0,120.81,-91.0,0
m3-106,360,1800.72,37.0479,48.0957,1007.8337,0,116.52,-91.0,0
m3-106,361,1805.71,37.1042,48.584,1007.8982,1,121.02,-91.0,0
m3-106,362,1810.72,37.0958,48.3398,1007.7847,1,116.48,-91.0,0
m3-106,363,1815.73,37.0583,48.3398,1007.7837,0,120.95,-91.0,0
m3-106,364,1820.72,37.05,48.0957,1007.7942,1,116.44,-91.0,0
m3-106,365,1825.73,37.0729,48.0957,1007.8086,0,120.88,-91.0,0
m3-106,366,1830.74,37.075,48.0957,1007.7683,0,116.41,-91.0,0
m3-106,367,1835.74,37.0833,47.8516,1007.8154,1,120.92,-91.0,0
m3-106,368,1840.74,37.0708,47.6074,1007.6863,1,116.5,-91.0,0
m3-106,369,1845.74,37.0479,48.0957,1007.7786,1,121.01,-91.0,0
m3-106,370,1850.75,37.0667,47.8516,1007.8106,1,116.5,-91.0,0
m3-106,371,1855.74,37.05,47.8516,1007.8149,0,120.94,-91.0,0
m3-106,372,1860.75,37.0667,47.8516,1007.7603,0,116.49,-91.0,0
m3-106,373,1865.76,37.05,47.8516,1007.8052,0,120.88,-91.0,0
m3-106,374,1870.77,37.0812,47.6074,1007.7966,1,116.51,-91.0,0
m3-106,375,1875.76,37.0771,47.8516,1007.7461,1,120.76,-91.0,0
m3-106,376,1880.76,37.0625,47.6074,1007.8359,1,116.56,-91.0,0
m3-106,377,1885.77,37.0896,47.6074,1007.8101,0,120.78,-91.0,0
m3-106,378,1890.76,37.0771,47.6074,1007.7288,0,116.76,-91.0,0
m3-106,379,1895.77,37.075,47.6074,1007.8386,0,120.89,-91.0,0
m3-106,380,1900.78,37.1,47.8516,1007.9238,1,116.9,-91.0,0
m3-106,381,1905.79,37.0958,47.3633,1007.7754,2,120.61,-91.0,0
m3-106,382,1910.78,37.0688,47.6074,1007.8044,1,116.7,-91.0,0
m3-106,383,1915.79,37.0771,47.6074,1007.6978,0,120.59,-91.0,0
m3-106,384,1920.79,37.0417,47.3633,1007.7856,1,116.68,-91.0,0
m3-106,385,1925.79,37.0625,47.3633,1007.7556,0,120.64,-91.0,0
m3-106,386,1930.79,37.0542,47.3633,1007.658,0,116.93,-91.0,0
m3-106,387,1935.8,37.0354,46.875,1007.7925,2,120.87,-91.0,0
m3-106,388,1940.81,37.0667,47.1191,1007.8018,1,117.01,-91.0,0
m3-106,389,1945.8,37.0771,46.875,1007.7925,1,120.76,-91.0,0
m3-106,390,1950.81,37.0625,47.1191,1007.7847,1,116.78,-91.0,0
m3-106,391,1955.82,37.0583,47.1191,1007.8582,0,120.5,-91.0,0
m3-106,392,1960.81,37.0729,47.3633,1007.7903,1,116.79,-91.0,0
m3-106,393,1965.82,37.0479,46.875,1007.7959,1,120.6,-91.0,0
m3-106,394,1970.82,37.0542,47.3633,1007.7883,1,117.01,-91.0,0
m3-106,395,1975.83,37.0729,47.1191,1007.7519,1,120.48,-91.0,0
m3-106,396,1980.82,37.0583,47.6074,1007.7629,1,117.22,-91.0,0
m3-106,397,1985.83,37.0646,47.3633,1007.7747,1,120.34,-91.0,0
m3-106,398,1990.84,37.0708,47.6074,1007.7561,1,117.05,-91.0,0
m3-106,399,1995.85,37.0833,47.3633,1007.9329,1,120.39,-91.0,0
m3-106,400,2000.84,37.0646,47.6074,1007.8079,1,117.01,-91.0,0
m3-106,401,2005.84,37.0812,47.3633,1007.7717,1,120.32,-91.0,0
m3-106,402,2010.85,37.075,47.8516,1007.7158,1,117.07,-91.0,0
m3-106,403,2015.86,37.05,47.6074,1007.855,1,120.31,-91.0,0
m3-106,404,2020.85,37.0896,47.8516,1007.8286,1,117.22,-91.0,0
m3-106,405,2025.86,37.0667,47.3633,1007.7139,2,120.36,-91.0,0
m3-106,406,2030.87,37.0542,47.8516,1007.7556,1,117.24,-91.0,0
m3-106,407,2035.87,37.0688,47.3633,1007.802,1,120.26,-91.0,0
m3-106,408,2040.87,37.075,47.8516,1007.7844,1,117.06,-91.0,0
m3-106,409,2045.87,37.075,47.6074,1007.7752,1,120.17,-91.0,0
m3-106,410,2050.88,37.0667,47.8516,1007.7859,1,117.19,-91.0,0
m3-106,411,2055.89,37.0667,47.3633,1007.7773,1,120.17,-91.0,0
m3-106,412,2060.88,37.075,47.8516,1007.781,1,117.5,-91.0,0
m3-106,413,2065.89,37.0583,47.6074,1007.8047,1,120.16,-91.0,0
m3-106,414,2070.9,37.0604,47.6074,1007.8069,0,117.42,-91.0,0
m3-106,415,2075.89,37.0896,47.6074,1007.8015,0,120.1,-91.0,0
m3-106,416,2080.9,37.0958,47.8516,1007.7127,1,117.27,-91.0,0
m3-106,417,2085.9,37.0625,47.6074,1007.8486,1,119.96,-91.0,0
m3-106,418,2090.9,37.0958,47.8516,1007.6885,1,117.29,-91.0,0
m3-106,419,2095.9,37.0812,47.6074,1007.7197,1,120.09,-91.0,0
m3-106,420,2100.91,37.0833,48.0957,1007.7307,1,117.48,-91.0,0
m3-106,421,2105.92,37.0667,47.6074,1007.846,2,119.95,-91.0,0
m3-106,422,2110.91,37.0979,48.0957,1007.8496,1,117.53,-91.0,0
m3-106,423,2115.92,37.1021,47.6074,1007.8494,1,119.92,-91.0,0
m3-106,424,2120.93,37.1,47.8516,1007.9062,1,117.55,-91.0,0
m3-106,425,2125.92,37.1229,47.8516,1007.8582,0,119.85,-91.0,0
m3-106,426,2130.92,37.1083,48.0957,1007.7471,1,117.52,-91.0,0
m3-106,427,2135.93,37.0896,47.6074,1007.8391,1,119.9,-91.0,0
m3-106,428,2140.94,37.0958,48.0957,1007.7979,1,117.58,-91.0,0
m3-106,429,2145.93,37.0792,47.8516,1007.9019,1,119.82,-91.0,0
m3-106,430,2150.94,37.0979,48.3398,1007.8716,1,117.58,-91.0,0
m3-106,431,2155.95,37.1,48.0957,1007.8796,1,119.84,-91.0,0
m3-106,432,2160.95,37.1292,48.3398,1007.9341,1,117.71,-91.0,0
m3-106,433,2165.95,37.1521,47.8516,1007.6755,2,119.61,-91.0,0
m3-106,434,2170.95,37.0938,48.0957,1007.8415,1,117.69,-91.0,0
m3-106,435,2175.96,37.1083,47.8516,1007.8257,1,119.64,-91.0,0
m3-106,436,2180.95,37.1104,48.0957,1007.8628,1,117.71,-91.0,0
m3-106,437,2185.96,37.1042,47.8516,1007.7856,1,119.74,-91.0,0
m3-106,438,2190.97,37.1042,48.3398,1007.9241,2,117.81,-91.0,0
m3-106,439,2195.98,37.1208,48.3398,1007.8357,0,119.76,-91.0,0
m3-107,1,4.57,35.9979,21.4844,1008.2537,1,115.73,-91.0,0
m3-107,2,9.56,35.9813,21.9727,1008.1594,1,117.93,-91.0,0
m3-107,3,14.56,35.9708,21.7285,1008.24,1,116.49,-91.0,0
m3-107,4,19.57,36.0042,21.9727,1008.0696,1,118.02,-91.0,0
m3-107,5,24.56,35.9729,21.7285,1008.2349,1,116.58,-91.0,0
m3-107,6,29.57,36.0375,21.9727,1008.3755,1,117.85,-91.0,0
m3-107,7,34.58,36.0812,21.7285,1008.2559,1,116.56,-91.0,0
m3-107,8,39.59,36.0583,21.9727,1008.3228,1,118.05,-91.0,0
m3-107,9,44.58,36.0979,21.7285,1008.2524,1,116.57,-91.0,0
m3-107,10,49.59,36.0896,21.9727,1008.2481,1,118.21,-91.0,0
m3-107,11,54.59,36.0917,21.7285,1008.3215,1,116.44,-91.0,0
m3-107,12,59.59,36.1542,21.9727,1008.3208,1,118.22,-91.0,0
m3-107,13,64.59,36.15,21.4844,1008.3315,1,116.6,-91.0,0
m3-107,14,69.6,36.175,21.9727,1008.3845,1,118.0,-91.0,0
m3-107,15,74.61,36.2042,21.4844,1008.4509,1,116.57,-91.0,0
m3-107,16,79.6,36.2167,21.7285,1008.3496,1,118.04,-91.0,0
m3-107,17,84.61,36.2167,21.4844,1008.1943,1,116.59,-91.0,0
m3-107,18,89.61,36.1917,21.7285,1008.3865,1,118.3,-91.0,0
m3-107,19,94.62,36.2604,21.4844,1008.3228,1,116.22,-91.0,0
m3-107,20,99.61,36.25,21.7285,1008.385,1,118.36,-91.0,0
m3-107,21,104.62,36.2792,21.2402,1008.4207,1,116.31,-91.0,0
m3-107,22,109.63,36.2583,21.7285,1008.2737,2,118.53,-91.0,0
m3-107,23,114.62,36.2604,21.2402,1008.3508,1,116.23,-91.0,0
m3-107,24,119.63,36.2938,21.7285,1008.2881,1,118.48,-91.0,0
m3-107,25,124.64,36.2938,21.2402,1008.3604,1,116.33,-91.0,0
m3-107,26,129.64,36.3188,21.7285,1008.2478,2,118.44,-91.0,0
m3-107,27,134.64,36.3333,21.2402,1008.4033,2,116.35,-91.0,0
m3-107,28,139.64,36.3521,21.4844,1008.3455,1,118.48,-91.0,0
m3-107,29,144.65,36.3542,21.2402,1008.1555,1,116.24,-91.0,0
m3-107,30,149.64,36.3542,21.4844,1008.3462,1,118.53,-91.0,0
m3-107,31,154.65,36.35,21.2402,1008.4048,1,116.31,-91.0,0
m3-107,32,159.66,36.3417,21.4844,1008.2629,1,118.36,-91.0,0
m3-107,33,164.67,36.3875,21.2402,1008.291,1,116.17,-91.0,0
m3-107,34,169.66,36.3687,21.4844,1008.3701,1,118.64,-91.0,0
m3-107,35,174.67,36.4125,21.4844,1008.1792,0,116.21,-91.0,0
m3-107,36,179.67,36.3708,21.7285,1008.2822,1,118.71,-91.0,0
m3-107,37,184.66,36.4229,21.4844,1008.2678,1,116.26,-91.0,0
m3-107,38,189.67,36.3875,21.7285,1008.2373,1,118.64,-91.0,0
m3-107,39,194.68,36.425,21.4844,1008.187,1,116.03,-91.0,0
m3-107,40,199.69,36.4,21.9727,1008.3245,2,118.72,-91.0,0
m3-107,41,204.68,36.4417,21.4844,1008.3418,1,116.13,-91.0,0
m3-107,42,209.69,36.4479,21.9727,1008.2639,1,118.65,-91.0,0
m3-107,43,214.69,36.4271,21.7285,1008.261,1,116.06,-91.0,0
m3-107,44,219.69,36.4854,21.9727,1008.4243,1,118.7,-91.0,0
m3-107,45,224.69,36.4771,21.7285,1008.2676,1,115.84,-91.0,0
m3-107,46,229.7,36.4583,21.9727,1008.3084,1,118.89,-91.0,0
m3-107,47,234.71,36.4604,21.4844,1008.3101,1,116.2,-91.0,0
m3-107,48,239.7,36.4917,21.7285,1008.3987,1,118.89,-91.0,0
m3-107,49,244.71,36.4813,21.7285,1008.2917,0,115.97,-91.0,0
m3-107,50,249.72,36.5042,21.9727,1008.282,1,118.99,-91.0,0
m3-107,51,254.71,36.4792,21.4844,1008.3123,1,115.82,-91.0,0
m3-107,52,259.72,36.5333,21.9727,1008.3118,1,118.98,-91.0,0
m3-107,53,264.72,36.5146,21.7285,1008.1938,1,115.83,-91.0,0
m3-107,54,269.73,36.4813,21.9727,1008.407,1,119.06,-91.0,0
m3-107,55,274.72,36.5312,21.4844,1008.2368,2,115.62,-91.0,0
m3-107,56,279.73,36.5229,21.9727,1008.1709,1,119.02,-91.0,0
m3-107,57,284.74,36.5104,21.4844,1008.1677,1,115.72,-91.0,0
m3-107,58,289.73,36.5042,21.9727,1008.2864,2,118.98,-91.0,0
m3-107,59,294.74,36.5625,21.7285,1008.4316,1,115.87,-91.0,0
m3-107,60,299.74,36.5917,21.9727,1008.2354,1,119.12,-91.0,0
m3-107,61,304.75,36.5438,21.4844,1008.116,2,115.79,-91.0,0
m3-107,62,309.74,36.525,21.7285,1008.2795,1,119.19,-91.0,0
m3-107,63,314.75,36.5562,21.4844,1008.2835,1,115.65,-91.0,0
m3-107,64,319.76,36.5625,21.7285,1008.2559,1,119.11,-91.0,0
m3-107,65,324.77,36.5771,21.4844,1008.2939,1,115.56,-91.0,0
m3-107,66,329.76,36.5854,21.9727,1008.2236,1,119.17,-91.0,0
m3-107,67,334.77,36.5604,21.7285,1008.3506,1,115.89,-91.0,0
m3-107,68,339.77,36.6063,21.9727,1008.2485,1,119.11,-91.0,0
m3-107,69,344.77,36.5938,21.7285,1008.3406,1,115.61,-91.0,0
m3-107,70,349.77,36.6313,22.2168,1008.3259,1,119.08,-91.0,0
m3-107,71,354.78,36.6187,21.7285,1008.3281,1,115.59,-91.0,0
m3-107,72,359.77,36.6,21.9727,1008.3506,1,119.22,-91.0,0
m3-107,73,364.78,36.6417,21.7285,1008.2893,1,115.71,-91.0,0
m3-107,74,369.79,36.6479,21.9727,1008.3144,1,119.29,-91.0,0
m3-107,75,374.79,36.6146,21.7285,1008.324,1,115.58,-91.0,0
m3-107,76,379.79,36.6354,21.9727,1008.2732,1,119.36,-91.0,0
m3-107,77,384.79,36.6542,21.4844,1008.2915,1,115.31,-91.0,0
m3-107,78,389.8,36.6396,21.7285,1008.3132,1,119.46,-91.0,0
m3-107,79,394.81,36.6396,21.4844,1008.3425,1,115.38,-91.0,0
m3-107,80,399.8,36.6437,21.9727,1008.2891,1,119.49,-91.0,0
m3-107,81,404.81,36.6396,21.7285,1008.3494,1,115.28,-91.0,0
m3-107,82,409.82,36.6812,21.9727,1008.2314,1,119.44,-91.0,0
m3-107,83,414.81,36.6646,21.7285,1008.3374,1,115.37,-91.0,0
m3-107,84,419.82,36.6771,22.2168,1008.3877,1,119.51,-91.0,0
m3-107,85,424.82,36.7021,21.9727,1008.2922,1,115.43,-91.0,0
m3-107,86,429.83,36.6625,22.2168,1008.3169,1,119.57,-91.0,0
m3-107,87,434.82,36.6792,21.9727,1008.2439,1,115.31,-91.0,0
m3-107,88,439.83,36.6688,22.4609,1008.4426,2,119.46,-91.0,0
m3-107,89,444.84,36.7,22.2168,1008.3455,1,115.35,-91.0,0
m3-107,90,449.83,36.7021,22.7051,1008.335,1,119.56,-91.0,0
m3-107,91,454.84,36.7,22.2168,1008.3359,1,115.27,-91.0,0
m3-107,92,459.84,36.7021,22.4609,1008.2481,1,119.75,-91.0,0
m3-107,93,464.85,36.6688,22.2168,1008.2632,1,115.06,-91.0,0
m3-107,94,469.84,36.6896,22.4609,1008.2356,1,119.69,-91.0,0
m3-107,95,474.85,36.6833,22.2168,1008.3345,1,115.17,-91.0,0
m3-107,96,479.86,36.7021,22.4609,1008.3613,1,119.88,-91.0,0
m3-107,97,484.85,36.7146,22.4609,1008.3547,0,115.08,-91.0,0
m3-107,98,489.86,36.7188,22.7051,1008.3203,1,119.83,-91.0,0
m3-107,99,494.87,36.7333,22.4609,1008.385,1,115.25,-91.0,0
m3-107,100,499.87,36.7271,22.7051,1008.4536,1,119.76,-91.0,0
m3-107,101,504.87,36.7646,22.4609,1008.4578,1,115.09,-91.0,0
m3-107,102,509.87,36.7771,22.7051,1008.4326,1,119.76,-91.0,0
m3-107,103,514.88,36.7708,22.4609,1008.301,1,114.99,-91.0,0
m3-107,104,519.89,36.7229,22.7051,1008.334,1,119.71,-91.0,0
m3-107,105,524.88,36.7271,22.4609,1008.2986,1,115.08,-91.0,0
m3-107,106,529.89,36.7208,22.7051,1008.3335,1,119.72,-91.0,0
m3-107,107,534.9,36.7479,22.4609,1008.4465,1,115.27,-91.0,0
m3-107,108,539.9,36.7604,22.4609,1008.3855,0,119.66,-91.0,0
m3-107,109,544.9,36.7812,22.2168,1008.3374,1,115.26,-91.0,0
m3-107,110,549.9,36.7771,22.7051,1008.3081,1,119.72,-91.0,0
m3-107,111,554.91,36.7687,22.4609,1008.4624,1,115.16,-91.0,0
m3-107,112,559.92,36.8042,22.4609,1008.405,0,119.74,-91.0,0
m3-107,113,564.91,36.7708,22.4609,1008.3699,0,115.04,-91.0,0
m3-107,114,569.92,36.7938,22.4609,1008.354,0,119.73,-91.0,0
m3-107,115,574.92,36.7812,22.2168,1008.4219,1,115.32,-91.0,0
m3-107,116,579.93,36.7646,22.2168,1008.3857,0,119.34,-91.0,0
m3-107,117,584.94,36.8,22.4609,1008.395,1,115.37,-91.0,0
m3-107,118,589.93,36.8167,22.4609,1008.4011,0,119.6,-91.0,0
m3-107,119,594.94,36.8229,22.7051,1008.3374,1,115.45,-91.0,0
m3-107,120,599.95,36.7896,22.4609,1008.208,1,119.53,-91.0,0
m3-107,121,604.95,36.7729,22.7051,1008.3601,1,115.41,-91.0,0
m3-107,122,609.95,36.8104,22.4609,1008.3225,1,119.42,-91.0,0
m3-107,123,614.95,36.7938,22.7051,1008.3149,1,115.41,-91.0,0
m3-107,124,619.96,36.8375,22.4609,1008.3513,1,119.6,-91.0,0
m3-107,125,624.97,36.7896,22.7051,1008.4197,1,115.61,-91.0,0
m3-107,126,629.96,36.8458,22.4609,1008.4011,1,119.32,-91.0,0
m3-107,127,634.97,36.7854,22.9492,1008.3271,1,115.47,-91.0,0
m3-107,128,639.98,36.8208,22.7051,1008.2969,1,119.25,-91.0,0
m3-107,129,644.98,36.8146,22.9492,1008.3899,1,115.51,-91.0,0
m3-107,130,649.98,36.8021,22.4609,1008.4622,1,119.38,-91.0,0
m3-107,131,654.98,36.8583,22.9492,1008.3494,2,115.67,-91.0,0
m3-107,132,659.99,36.8146,22.7051,1008.1785,1,119.31,-91.0,0
m3-107,133,665.0,36.825,22.9492,1008.2297,1,115.73,-91.0,0
m3-107,134,670.01,36.8,22.7051,1008.3584,1,119.13,-91.0,0
m3-107,135,675.0,36.8708,22.9492,1008.2234,1,115.85,-91.0,0
m3-107,136,680.0,36.8021,22.7051,1008.2915,1,119.02,-91.0,0
m3-107,137,685.01,36.8229,22.9492,1008.3191,1,115.88,-91.0,0
m3-107,138,690.02,36.8229,22.7051,1008.3237,1,119.1,-91.0,0
m3-107,139,695.01,36.8396,22.9492,1008.5151,1,115.66,-91.0,0
m3-107,140,700.02,36.8667,22.7051,1008.2993,1,119.03,-91.0,0
m3-107,141,705.03,36.8792,22.7051,1008.4373,0,115.96,-91.0,0
m3-107,142,710.03,36.8917,22.4609,1008.2769,1,119.12,-91.0,0
m3-107,143,715.03,36.825,22.9492,1008.3057,1,115.95,-91.0,0
m3-107,144,720.03,36.8438,22.4609,1008.2468,1,119.05,-91.0,0
m3-107,145,725.04,36.8167,22.7051,1008.2893,1,115.85,-91.0,0
m3-107,146,730.05,36.8438,22.4609,1008.2878,1,118.93,-91.0,0
m3-107,147,735.04,36.8271,22.7051,1008.3791,1,115.99,-91.0,0
m3-107,148,740.05,36.8646,22.4609,1008.4622,1,118.84,-91.0,0
m3-107,149,745.06,36.8333,22.9492,1008.332,2,116.12,-91.0,0
m3-107,150,750.05,36.8583,22.7051,1008.2175,1,118.75,-91.0,0
m3-107,151,755.06,36.8458,22.9492,1008.3237,1,116.1,-91.0,0
m3-107,152,760.06,36.8208,22.7051,1008.4746,1,118.85,-91.0,0
m3-107,153,765.07,36.9104,22.9492,1008.3098,1,116.04,-91.0,0
m3-107,154,770.06,36.8521,22.7051,1008.3689,1,118.92,-91.0,0
m3-107,155,775.07,36.9062,22.9492,1008.3557,1,115.99,-91.0,0
m3-107,156,780.08,36.8792,22.4609,1008.3123,1,118.92,-91.0,0
m3-107,157,785.07,36.8583,22.7051,1008.3804,1,116.4,-91.0,0
m3-107,158,790.08,36.8771,22.2168,1008.2864,1,118.68,-91.0,0
m3-107,159,795.08,36.8792,22.4609,1008.3166,1,116.15,-91.0,0
m3-107,160,800.09,36.8958,22.4609,1008.3435,0,118.69,-91.0,0
m3-107,161,805.08,36.8646,22.7051,1008.3147,1,116.09,-91.0,0
m3-107,162,810.09,36.8833,22.4609,1008.3049,1,118.77,-91.0,0
m3-107,163,815.1,36.8854,22.7051,1008.3049,1,116.22,-91.0,0
m3-107,164,820.11,36.8792,22.4609,1008.4102,1,118.57,-91.0,0
m3-107,165,825.1,36.9042,22.9492,1008.2849,2,116.31,-91.0,0
m3-107,166,830.11,36.8917,22.4609,1008.2793,1,118.61,-91.0,0
m3-107,167,835.11,36.8896,22.9492,1008.3379,1,116.38,-91.0,0
m3-107,168,840.11,36.9104,22.4609,1008.335,1,118.58,-91.0,0
m3-107,169,845.11,36.9125,22.9492,1008.3699,1,116.49,-91.0,0
m3-107,170,850.12,36.9208,22.4609,1008.3447,1,118.59,-91.0,0
m3-107,171,855.13,36.9375,22.9492,1008.501,2,116.27,-91.0,0
m3-107,172,860.12,36.9521,22.7051,1008.4497,1,118.52,-91.0,0
m3-107,173,865.13,36.9208,22.9492,1008.3799,1,116.62,-91.0,0
m3-107,174,870.14,36.9229,22.7051,1008.2373,1,118.38,-91.0,0
m3-107,175,875.14,36.8937,22.9492,1008.2752,1,116.57,-91.0,0
m3-107,176,880.13,36.9062,22.7051,1008.2366,1,118.4,-91.0,0
m3-107,177,885.14,36.925,22.9492,1008.4185,1,116.51,-91.0,0
m3-107,178,890.15,36.9208,22.7051,1008.26,1,118.27,-91.0,0
m3-107,179,895.14,36.9146,22.9492,1008.3916,1,116.63,-91.0,0
m3-107,180,900.15,36.9229,22.7051,1008.3882,1,118.43,-91.0,0
m3-107,181,905.16,36.925,22.9492,1008.4023,1,116.74,-91.0,0
m3-107,182,910.16,36.9062,22.7051,1008.3372,1,118.19,-91.0,0
m3-107,183,915.16,36.9062,22.9492,1008.3533,1,116.63,-91.0,0
m3-107,184,920.16,36.9208,22.7051,1008.2354,1,118.08,-91.0,0
m3-107,185,925.17,36.9062,22.9492,1008.5342,1,116.72,-91.0,0
m3-107,186,930.18,36.9688,22.7051,1008.4495,1,118.13,-91.0,0
m3-107,187,935.17,36.9771,22.9492,1008.3269,1,116.89,-91.0,0
m3-107,188,940.18,36.9104,22.7051,1008.3948,1,118.08,-91.0,0
m3-107,189,945.19,36.9438,22.9492,1008.5159,1,116.91,-91.0,0
m3-107,190,950.18,36.9333,22.7051,1008.4436,1,118.23,-91.0,0
m3-107,191,955.19,36.9625,22.9492,1008.418,1,116.73,-91.0,0
m3-107,192,960.19,36.9792,22.7051,1008.3498,1,118.07,-91.0,0
m3-107,193,965.2,36.9562,22.9492,1008.3018,1,116.95,-91.0,0
m3-107,194,970.19,36.9271,22.7051,1008.3176,1,117.94,-91.0,0
m3-107,195,975.2,36.925,23.1934,1008.376,1,116.87,-91.0,0
m3-107,196,980.21,36.9458,22.9492,1008.2979,1,117.98,-91.0,0
m3-107,197,985.2,36.9354,23.1934,1008.3845,1,116.83,-91.0,0
m3-107,198,990.21,36.9792,22.9492,1008.3684,1,118.05,-91.0,0
m3-107,199,995.21,36.9542,23.1934,1008.2996,1,116.83,-91.0,0
m3-107,200,1000.22,36.9417,22.7051,1008.4951,2,118.13,-91.0,0
m3-107,201,1005.21,36.95,23.1934,1008.3989,1,116.97,-91.0,0
m3-107,202,1010.22,36.9729,22.7051,1008.2322,2,118.16,-91.0,0
m3-107,203,1015.23,36.9167,23.1934,1008.4238,2,116.93,-91.0,0
m3-107,204,1020.22,36.9688,22.9492,1008.3894,1,117.88,-91.0,0
m3-107,205,1025.23,36.9667,23.1934,1008.3657,1,116.93,-91.0,0
m3-107,206,1030.24,36.9604,22.9492,1008.4353,1,117.96,-91.0,0
m3-107,207,1035.24,36.9937,23.1934,1008.3254,1,116.99,-91.0,0
m3-107,208,1040.24,36.9583,22.9492,1008.322,1,117.82,-91.0,0
m3-107,209,1045.24,36.975,22.9492,1008.4351,0,117.13,-91.0,0
m3-107,210,1050.25,36.9958,22.7051,1008.3894,1,117.66,-91.0,0
m3-107,211,1055.26,36.9937,23.1934,1008.279,1,117.53,-91.0,0
m3-107,212,1060.25,36.95,22.9492,1008.2656,1,117.78,-91.0,0
m3-107,213,1065.26,36.9375,23.1934,1008.3315,1,117.34,-91.0,0
m3-107,214,1070.27,36.9458,22.7051,1008.2332,1,117.66,-91.0,0
m3-107,215,1075.26,36.9375,23.1934,1008.2651,1,117.31,-91.0,0
m3-107,216,1080.26,36.95,22.7051,1008.3125,1,117.49,-91.0,0
m3-107,217,1085.27,37.0229,23.1934,1008.4133,2,117.3,-91.0,0
m3-107,218,1090.26,37.0083,22.7051,1008.334,1,117.55,-91.0,0
m3-107,219,1095.27,36.9646,23.1934,1008.323,1,117.4,-91.0,0
m3-107,220,1100.28,37.0125,22.9492,1008.272,1,117.5,-91.0,0
m3-107,221,1105.29,36.9521,23.1934,1008.4534,1,117.38,-91.0,0
m3-107,222,1110.28,36.9708,22.9492,1008.3586,1,117.61,-91.0,0
m3-107,223,1115.29,36.9896,23.1934,1008.1716,1,117.35,-91.0,0
m3-107,224,1120.29,36.9458,22.7051,1008.3506,2,117.64,-91.0,0
m3-107,225,1125.29,37.0229,23.1934,1008.2537,2,117.44,-91.0,0
m3-107,226,1130.29,36.9667,22.9492,1008.3501,1,117.53,-91.0,0
m3-107,227,1135.3,37.0104,23.1934,1008.3047,1,117.47,-91.0,0
m3-107,228,1140.31,36.9625,22.9492,1008.1489,1,117.4,-91.0,0
m3-107,229,1145.3,36.9708,23.1934,1008.2505,1,117.4,-91.0,0
m3-107,230,1150.31,37.0146,22.9492,1008.2817,1,117.45,-91.0,0
m3-107,231,1155.32,36.9917,22.9492,1008.2593,0,117.64,-91.0,0
m3-107,232,1160.31,36.975,22.7051,1008.261,1,117.41,-91.0,0
m3-107,233,1165.31,36.9833,23.1934,1008.3665,1,117.54,-91.0,0
m3-107,234,1170.32,37.0021,22.9492,1008.3218,1,117.47,-91.0,0
m3-107,235,1175.33,36.9937,23.4375,1008.2886,1,117.6,-91.0,0
m3-107,236,1180.32,37.0208,23.1934,1008.3406,1,117.27,-91.0,0
m3-107,237,1185.33,37.0,23.4375,1008.2541,1,117.65,-91.0,0
m3-107,238,1190.34,37.0104,22.9492,1008.342,1,117.41,-91.0,0
m3-107,239,1195.34,36.9854,23.4375,1008.2165,2,117.57,-91.0,0
m3-107,240,1200.34,36.9833,23.1934,1008.3557,1,117.27,-91.0,0
m3-107,241,1205.34,36.9771,23.4375,1008.238,1,117.67,-91.0,0
m3-107,242,1210.35,37.0042,23.1934,1008.2996,1,117.06,-91.0,0
m3-107,243,1215.34,37.0208,23.6816,1008.2581,1,117.84,-91.0,0
m3-107,244,1220.35,37.0,23.4375,1008.3274,1,117.41,-91.0,0
m3-107,245,1225.36,37.0417,23.6816,1008.1792,1,117.76,-91.0,0
m3-107,246,1230.37,36.9833,23.4375,1008.3498,1,117.14,-91.0,0
m3-107,247,1235.36,37.0271,23.6816,1008.3364,1,117.8,-91.0,0
m3-107,248,1240.37,37.0333,23.4375,1008.2131,1,117.09,-91.0,0
m3-107,249,1245.37,37.0063,23.6816,1008.3372,1,117.83,-91.0,0
m3-107,250,1250.36,37.0021,23.4375,1008.301,1,117.05,-91.0,0
m3-107,251,1255.37,37.0312,23.9258,1008.2197,1,117.98,-91.0,0
m3-107,252,1260.38,37.0021,23.4375,1008.3604,2,116.92,-91.0,0
m3-107,253,1265.39,37.0521,23.9258,1008.1814,2,117.89,-91.0,0
m3-107,254,1270.38,36.9875,23.4375,1008.1978,1,116.99,-91.0,0
m3-107,255,1275.39,37.0354,23.9258,1008.2234,1,118.0,-91.0,0
m3-107,256,1280.39,37.0,23.4375,1008.2546,1,116.97,-91.0,0
m3-107,257,1285.39,37.0063,23.6816,1008.346,1,118.11,-91.0,0
m3-107,258,1290.39,37.0333,23.6816,1008.1699,0,116.85,-91.0,0
m3-107,259,1295.4,36.9833,23.6816,1008.3069,0,118.06,-91.0,0
m3-107,260,1300.41,37.0312,23.4375,1008.3355,1,116.76,-91.0,0
m3-107,261,1305.4,37.0271,22.9492,1008.3247,1,118.12,-91.0,0
m3-107,262,1310.41,37.0438,23.4375,1008.2664,1,116.78,-91.0,0
m3-107,263,1315.42,37.0063,23.9258,1008.333,1,118.22,-91.0,0
m3-107,264,1320.41,37.0438,23.4375,1008.2434,1,116.77,-91.0,0
m3-107,265,1325.42,37.0167,23.6816,1008.2061,1,118.05,-91.0,0
m3-107,266,1330.42,36.9958,23.6816,1008.1585,0,116.9,-91.0,0
m3-107,267,1335.43,37.0021,23.6816,1008.1936,0,118.17,-91.0,0
m3-107,268,1340.42,37.0146,23.4375,1008.2507,1,116.69,-91.0,0
m3-107,269,1345.43,37.0312,23.9258,1008.2776,1,118.24,-91.0,0
m3-107,270,1350.44,37.0333,23.6816,1008.1311,1,117.01,-91.0,0
m3-107,271,1355.43,37.025,23.9258,1008.1902,1,118.17,-91.0,0
m3-107,272,1360.44,37.0187,23.6816,1008.2131,1,116.7,-91.0,0
m3-107,273,1365.44,37.0417,23.9258,1008.2561,1,118.16,-91.0,0
m3-107,274,1370.45,37.0479,23.6816,1008.2278,1,116.57,-91.0,0
m3-107,275,1375.44,37.0312,24.1699,1008.2966,1,118.22,-91.0,0
m3-107,276,1380.45,37.0792,23.6816,1008.292,1,116.67,-91.0,0
m3-107,277,1385.46,37.0562,23.9258,1008.1489,1,118.43,-91.0,0
m3-107,278,1390.45,37.0229,23.6816,1008.1345,1,116.51,-91.0,0
m3-107,279,1395.46,37.0396,23.9258,1008.21,1,118.44,-91.0,0
m3-107,280,1400.47,37.0229,23.6816,1008.2175,1,116.66,-91.0,0
m3-107,281,1405.47,37.0375,23.6816,1008.2825,0,118.41,-91.0,0
m3-107,282,1410.47,37.0625,23.4375,1008.2659,1,116.59,-91.0,0
m3-107,283,1415.47,37.0354,23.9258,1008.2109,1,118.55,-91.0,0
m3-107,284,1420.48,37.0312,23.6816,1008.2756,1,116.36,-91.0,0
m3-107,285,1425.47,37.0271,23.9258,1008.1316,1,118.45,-91.0,0
m3-107,286,1430.48,37.0146,23.4375,1008.1296,1,116.37,-91.0,0
m3-107,287,1435.49,37.0417,23.9258,1008.3547,2,118.74,-91.0,0
m3-107,288,1440.49,37.0875,23.6816,1008.2053,1,116.31,-91.0,0
m3-107,289,1445.49,37.0479,23.9258,1008.1885,1,118.72,-91.0,0
m3-107,290,1450.49,37.0375,23.6816,1008.0879,1,116.49,-91.0,0
m3-107,291,1455.5,37.0187,24.1699,1008.2744,2,118.55,-91.0,0
m3-107,292,1460.49,37.0625,23.6816,1008.2976,1,116.43,-91.0,0
m3-107,293,1465.5,37.0604,24.1699,1008.3001,1,118.63,-91.0,0
m3-107,294,1470.51,37.0729,23.9258,1008.3262,1,116.22,-91.0,0
m3-107,295,1475.52,37.0896,24.1699,1008.0974,1,118.8,-91.0,0
m3-107,296,1480.51,37.0458,23.9258,1008.2515,1,116.19,-91.0,0
m3-107,297,1485.52,37.075,24.1699,1008.2109,1,118.6,-91.0,0
m3-107,298,1490.52,37.0708,23.9258,1008.1677,1,116.23,-91.0,0
m3-107,299,1495.52,37.0396,24.1699,1008.2754,1,118.62,-91.0,0
m3-107,300,1500.52,37.075,23.9258,1008.3582,1,116.14,-91.0,0
m3-107,301,1505.53,37.0979,24.1699,1008.1467,1,118.79,-91.0,0
m3-107,302,1510.54,37.0479,23.9258,1008.2061,1,116.21,-91.0,0
m3-107,303,1515.53,37.0792,24.4141,1008.2127,1,118.93,-91.0,0
m3-107,304,1520.54,37.0542,23.9258,1008.22,1,116.09,-91.0,0
m3-107,305,1525.54,37.075,24.4141,1008.2781,1,118.79,-91.0,0
m3-107,306,1530.55,37.0833,23.9258,1008.2852,1,116.13,-91.0,0
m3-107,307,1535.54,37.0958,24.4141,1008.2253,1,118.73,-91.0,0
m3-107,308,1540.55,37.0812,23.9258,1008.0964,2,116.13,-91.0,0
m3-107,309,1545.56,37.0625,24.4141,1008.2705,2,118.98,-91.0,0
m3-107,310,1550.55,37.0958,24.1699,1008.1997,1,115.85,-91.0,0
m3-107,311,1555.56,37.1146,24.4141,1008.2473,1,118.97,-91.0,0
m3-107,312,1560.57,37.1271,24.1699,1008.2519,1,115.97,-91.0,0
m3-107,313,1565.57,37.0938,24.4141,1008.2334,1,118.96,-91.0,0
m3-107,314,1570.57,37.075,24.1699,1008.0691,1,116.07,-91.0,0
m3-107,315,1575.57,37.0458,24.4141,1008.2986,1,119.12,-91.0,0
m3-107,316,1580.58,37.1083,24.1699,1008.1519,1,115.89,-91.0,0
m3-107,317,1585.57,37.1271,24.4141,1008.219,1,119.08,-91.0,0
m3-107,318,1590.58,37.0792,24.1699,1008.209,1,115.65,-91.0,0
m3-107,319,1595.59,37.0708,24.4141,1008.2253,1,119.18,-91.0,0
m3-107,320,1600.6,37.1229,24.1699,1008.2324,1,115.72,-91.0,0
m3-107,321,1605.59,37.0812,24.4141,1008.1248,1,119.22,-91.0,0
m3-107,322,1610.59,37.1104,24.1699,1008.1958,1,115.79,-91.0,0
m3-107,323,1615.6,37.0812,24.4141,1008.2988,1,119.06,-91.0,0
m3-107,324,1620.61,37.1208,24.1699,1008.2278,1,115.75,-91.0,0
m3-107,325,1625.6,37.0792,24.4141,1008.1396,1,119.37,-91.0,0
m3-107,326,1630.61,37.0833,24.1699,1008.2229,1,115.66,-91.0,0
m3-107,327,1635.62,37.0875,24.4141,1008.2266,1,119.43,-91.0,0
m3-107,328,1640.61,37.1063,24.1699,1008.2712,1,115.64,-91.0,0
m3-107,329,1645.62,37.1187,24.4141,1008.2771,1,119.19,-91.0,0
m3-107,330,1650.62,37.0896,24.1699,1008.1487,1,115.55,-91.0,0
m3-107,331,1655.63,37.075,24.6582,1008.1226,1,119.3,-91.0,0
m3-107,332,1660.62,37.0646,24.1699,1008.0957,1,115.61,-91.0,0
m3-107,333,1665.63,37.0729,24.6582,1008.0515,1,119.37,-91.0,0
m3-107,334,1670.64,37.05,24.1699,1008.1697,2,115.53,-91.0,0
m3-107,335,1675.63,37.0708,24.6582,1008.2441,1,119.49,-91.0,0
m3-107,336,1680.64,37.0958,24.1699,1008.1848,1,115.53,-91.0,0
m3-107,337,1685.65,37.0771,24.4141,1008.1824,1,119.4,-91.0,0
m3-107,338,1690.65,37.0708,23.9258,1008.2068,1,115.61,-91.0,0
m3-107,339,1695.64,37.0833,24.1699,1008.1812,1,119.38,-91.0,0
m3-107,340,1700.65,37.0979,23.9258,1008.3345,1,115.58,-91.0,0
m3-107,341,1705.66,37.0979,24.1699,1008.2165,1,119.44,-91.0,0
m3-107,342,1710.65,37.0938,23.9258,1008.2646,1,115.43,-91.0,0
m3-107,343,1715.66,37.0958,24.4141,1008.3118,1,119.34,-91.0,0
m3-107,344,1720.67,37.1021,23.9258,1008.2068,1,115.41,-91.0,0
m3-107,345,1725.67,37.0833,24.1699,1008.1751,1,119.48,-91.0,0
m3-107,346,1730.67,37.0667,23.6816,1008.3225,2,115.52,-91.0,0
m3-107,347,1735.67,37.0708,24.1699,1008.2759,1,119.6,-91.0,0
m3-107,348,1740.68,37.1,23.9258,1008.2961,1,115.37,-91.0,0
m3-107,349,1745.67,37.0979,24.4141,1008.2905,1,119.53,-91.0,0
m3-107,350,1750.68,37.0708,23.9258,1008.2127,1,115.3,-91.0,0
m3-107,351,1755.69,37.0958,24.1699,1008.1394,1,119.78,-91.0,0
m3-107,352,1760.7,37.1021,23.9258,1008.219,1,115.21,-91.0,0
m3-107,353,1765.69,37.0833,24.1699,1008.23,1,119.78,-91.0,0
m3-107,354,1770.7,37.0854,23.9258,1008.1816,1,115.21,-91.0,0
m3-107,355,1775.7,37.0958,24.1699,1008.1602,1,119.61,-91.0,0
m3-107,356,1780.69,37.075,23.6816,1008.1931,1,115.26,-91.0,0
m3-107,357,1785.7,37.0917,24.1699,1008.1484,1,119.57,-91.0,0
m3-107,358,1790.71,37.0875,23.9258,1008.2092,1,115.25,-91.0,0
m3-107,359,1795.72,37.0896,24.1699,1008.1941,1,119.76,-91.0,0
m3-107,360,1800.71,37.0771,24.1699,1008.0247,0,115.22,-91.0,0
m3-107,361,1805.72,37.0688,24.4141,1008.1562,1,119.91,-91.0,0
m3-107,362,1810.72,37.0875,24.1699,1008.0789,1,115.08,-91.0,0
m3-107,363,1815.72,37.0562,24.1699,1008.0718,0,119.89,-91.0,0
m3-107,364,1820.72,37.0688,23.9258,1008.1448,1,115.15,-91.0,0
m3-107,365,1825.73,37.0854,24.1699,1008.2808,1,119.81,-91.0,0
m3-107,366,1830.74,37.0917,23.9258,1008.2505,1,114.98,-91.0,0
m3-107,367,1835.73,37.1167,24.1699,1008.1638,1,119.98,-91.0,0
m3-107,368,1840.74,37.0833,23.9258,1008.1958,1,115.16,-91.0,0
m3-107,369,1845.75,37.0917,24.1699,1008.1751,1,119.81,-91.0,0
m3-107,370,1850.74,37.0875,23.9258,1008.2473,1,115.17,-91.0,0
m3-107,371,1855.75,37.1125,23.9258,1008.2109,0,119.75,-91.0,0
m3-107,372,1860.75,37.1,23.9258,1008.2051,0,115.2,-91.0,0
m3-107,373,1865.76,37.1146,23.6816,1008.1653,1,119.82,-91.0,0
m3-107,374,1870.75,37.0958,23.9258,1008.2664,1,115.26,-91.0,0
m3-107,375,1875.76,37.1083,23.9258,1008.0688,0,119.66,-91.0,0
m3-107,376,1880.77,37.0812,23.9258,1008.239,0,115.38,-91.0,0
m3-107,377,1885.77,37.1063,23.6816,1008.2346,1,119.72,-91.0,0
m3-107,378,1890.77,37.1187,23.6816,1008.3618,0,115.09,-91.0,0
m3-107,379,1895.77,37.1604,23.6816,1008.1367,1,119.61,-91.0,0
m3-107,380,1900.78,37.1292,23.9258,1008.3498,1,115.36,-91.0,0
m3-107,381,1905.77,37.1292,23.6816,1008.3779,1,119.62,-91.0,0
m3-107,382,1910.78,37.1708,23.9258,1008.1638,1,115.53,-91.0,0
m3-107,383,1915.79,37.1437,23.6816,1008.2705,1,119.79,-91.0,0
m3-107,384,1920.8,37.1229,23.9258,1008.2671,1,115.36,-91.0,0
m3-107,385,1925.79,37.1104,23.4375,1008.1831,1,119.51,-91.0,0
m3-107,386,1930.8,37.1042,23.6816,1008.2219,1,115.49,-91.0,0
m3-107,387,1935.8,37.1208,23.4375,1008.2947,1,119.57,-91.0,0
m3-107,388,1940.8,37.1437,23.6816,1008.2014,1,115.41,-91.0,0
m3-107,389,1945.8,37.1354,23.4375,1008.2688,1,119.46,-91.0,0
m3-107,390,1950.81,37.1167,23.6816,1008.2683,1,115.54,-91.0,0
m3-107,391,1955.82,37.1104,23.4375,1008.158,1,119.22,-91.0,0
m3-107,392,1960.81,37.1479,23.6816,1008.2949,1,115.68,-91.0,0
m3-107,393,1965.82,37.125,23.4375,1008.1548,1,119.36,-91.0,0
m3-107,394,1970.82,37.1458,23.6816,1008.2117,1,115.76,-91.0,0
m3-107,395,1975.83,37.1229,23.4375,1008.3596,1,119.29,-91.0,0
m3-107,396,1980.82,37.1542,23.9258,1008.241,2,115.69,-91.0,0
m3-107,397,1985.83,37.1375,23.4375,1008.2336,1,119.26,-91.0,0
m3-107,398,1990.84,37.1396,23.9258,1008.1172,2,115.58,-91.0,0
m3-107,399,1995.85,37.0875,23.4375,1008.3455,2,119.31,-91.0,0
m3-107,400,2000.84,37.15,23.6816,1008.1665,1,115.82,-91.0,0
m3-107,401,2005.85,37.1083,23.6816,1008.271,0,119.09,-91.0,0
m3-107,402,2010.85,37.1542,23.9258,1008.2883,1,115.77,-91.0,0
m3-107,403,2015.86,37.1042,23.6816,1008.1587,1,119.16,-91.0,0
m3-107,404,2020.85,37.0896,23.9258,1008.136,1,115.78,-91.0,0
m3-107,405,2025.86,37.0917,23.6816,1008.1697,1,119.25,-91.0,0
m3-107,406,2030.87,37.0833,23.9258,1008.3604,1,115.86,-91.0,0
m3-107,407,2035.86,37.1667,23.6816,1008.2019,1,119.2,-91.0,0
m3-107,408,2040.87,37.1125,23.9258,1008.2319,1,115.77,-91.0,0
m3-107,409,2045.88,37.1,23.6816,1008.259,1,119.15,-91.0,0
m3-107,410,2050.88,37.125,23.9258,1008.3484,1,115.83,-91.0,0
m3-107,411,2055.88,37.1604,23.6816,1008.3396,1,119.02,-91.0,0
m3-107,412,2060.88,37.1854,23.9258,1008.2476,1,115.82,-91.0,0
m3-107,413,2065.89,37.1292,23.6816,1008.2241,1,119.32,-91.0,0
m3-107,414,2070.9,37.1521,23.9258,1008.3057,1,116.04,-91.0,0
m3-107,415,2075.89,37.1375,23.6816,1008.1196,1,118.97,-91.0,0
m3-107,416,2080.9,37.0917,23.9258,1008.3098,1,116.0,-91.0,0
m3-107,417,2085.91,37.125,23.6816,1008.2239,1,118.87,-91.0,0
m3-107,418,2090.9,37.1313,24.1699,1008.2344,1,116.05,-91.0,0
m3-107,419,2095.9,37.1479,23.6816,1008.238,1,119.02,-91.0,0
m3-107,420,2100.91,37.1417,23.9258,1008.3469,1,116.04,-91.0,0
m3-107,421,2105.92,37.1729,23.6816,1008.2712,1,118.74,-91.0,0
m3-107,422,2110.91,37.1646,23.9258,1008.1548,1,116.21,-91.0,0
m3-107,423,2115.92,37.1167,23.6816,1008.27,1,118.68,-91.0,0
m3-107,424,2120.93,37.1521,24.1699,1008.2649,1,116.32,-91.0,0
m3-107,425,2125.92,37.1479,23.9258,1008.3679,1,118.69,-91.0,0
m3-107,426,2130.93,37.1958,23.9258,1008.3701,0,116.23,-91.0,0
m3-107,427,2135.93,37.1771,23.6816,1008.3281,1,118.8,-91.0,0
m3-107,428,2140.94,37.1729,23.9258,1008.4402,1,116.15,-91.0,0
m3-107,429,2145.93,37.1708,23.9258,1008.4094,0,118.74,-91.0,0
m3-107,430,2150.94,37.15,24.1699,1008.4177,1,116.19,-91.0,0
m3-107,431,2155.95,37.1458,23.9258,1008.4138,1,118.77,-91.0,0
m3-107,432,2160.96,37.1792,24.1699,1008.2498,1,116.42,-91.0,0
m3-107,433,2165.95,37.1313,23.9258,1008.2246,1,118.5,-91.0,0
m3-107,434,2170.96,37.1479,24.1699,1008.2976,1,116.34,-91.0,0
m3-107,435,2175.96,37.1646,23.9258,1008.2783,1,118.56,-91.0,0
m3-107,436,2180.95,37.1625,24.1699,1008.3777,1,116.25,-91.0,0
m3-107,437,2185.96,37.1729,23.9258,1008.3286,1,118.65,-91.0,0
m3-107,438,2190.97,37.1562,24.1699,1008.3601,1,116.42,-91.0,0
m3-107,439,2195.98,37.2062,24.1699,1008.2878,0,118.74,-91.0,0
m3-108,1,0.0,34.7792,26.6113,1008.9846,0,115.0,-91.0,0
m3-108,2,4.56,34.7792,26.6113,1009.0435,0,121.2,-91.0,0
m3-108,3,9.56,34.8188,26.8555,1009.0508,1,123.4,-91.0,0
m3-108,4,14.56,34.8583,26.6113,1008.9575,1,122.17,-91.0,0
m3-108,5,19.57,34.8813,26.8555,1008.9915,1,123.59,-91.0,0
m3-108,6,24.58,34.8917,26.8555,1009.0315,0,122.2,-91.0,0
m3-108,7,29.57,34.8563,26.8555,1009.0371,0,123.37,-91.0,0
m3-108,8,34.58,34.9146,26.6113,1009.1133,1,122.17,-91.0,0
m3-108,9,39.59,34.9167,26.8555,1008.9644,1,123.54,-91.0,0
m3-108,10,44.58,34.9271,26.6113,1008.9665,1,122.12,-91.0,0
m3-108,11,49.58,34.9479,26.8555,1009.1052,1,123.49,-91.0,0
m3-108,12,54.59,34.9937,26.6113,1009.0373,1,122.18,-91.0,0
m3-108,13,59.6,34.9896,26.8555,1008.8911,1,123.61,-91.0,0
m3-108,14,64.59,34.975,26.6113,1008.9761,1,121.98,-91.0,0
m3-108,15,69.6,35.05,26.6113,1008.8818,0,123.49,-91.0,0
m3-108,16,74.61,35.0,26.3672,1008.8899,1,122.09,-91.0,0
m3-108,17,79.6,35.0333,26.6113,1008.9819,1,123.48,-91.0,0
m3-108,18,84.61,35.0604,26.3672,1008.9912,1,122.19,-91.0,0
m3-108,19,89.61,35.0833,26.3672,1009.0,0,123.71,-91.0,0
m3-108,20,94.62,35.0812,26.3672,1009.074,0,121.75,-91.0,0
m3-108,21,99.61,35.0812,26.3672,1008.9512,0,123.83,-91.0,0
m3-108,22,104.62,35.1125,26.3672,1008.9521,0,122.08,-91.0,0
m3-108,23,109.63,35.1271,26.6113,1009.0066,1,123.84,-91.0,0
m3-108,24,114.62,35.125,26.123,1009.0127,1,121.93,-91.0,0
m3-108,25,119.63,35.15,26.6113,1009.0437,1,123.77,-91.0,0
m3-108,26,124.64,35.1771,26.3672,1008.9031,1,121.93,-91.0,0
m3-108,27,129.64,35.1437,26.3672,1008.9805,0,123.84,-91.0,0
m3-108,28,134.63,35.1771,26.123,1008.9343,1,121.97,-91.0,0
m3-108,29,139.64,35.175,26.3672,1008.9712,1,123.77,-91.0,0
m3-108,30,144.65,35.1812,26.123,1009.0071,1,122.03,-91.0,0
m3-108,31,149.66,35.2167,26.3672,1008.9956,1,124.04,-91.0,0
m3-108,32,154.65,35.2125,26.123,1008.9272,1,121.89,-91.0,0
m3-108,33,159.66,35.2208,26.3672,1008.9087,1,123.77,-91.0,0
m3-108,34,164.67,35.2521,26.123,1008.9685,1,121.8,-91.0,0
m3-108,35,169.66,35.2229,26.3672,1008.938,1,123.99,-91.0,0
m3-108,36,174.66,35.2625,26.3672,1008.8042,0,121.75,-91.0,0
m3-108,37,179.67,35.2208,26.6113,1008.9297,1,124.08,-91.0,0
m3-108,38,184.68,35.2563,26.3672,1008.9575,1,121.73,-91.0,0
m3-108,39,189.67,35.2938,26.6113,1008.9356,1,124.14,-91.0,0
m3-108,40,194.68,35.2917,26.6113,1008.9688,0,121.66,-91.0,0
m3-108,41,199.69,35.2938,26.8555,1009.0549,1,124.3,-91.0,0
m3-108,42,204.68,35.325,26.6113,1009.0063,1,121.62,-91.0,0
m3-108,43,209.69,35.3229,26.6113,1008.9634,0,124.11,-91.0,0
m3-108,44,214.69,35.3687,26.6113,1008.9334,0,121.73,-91.0,0
m3-108,45,219.7,35.3146,26.8555,1009.094,1,124.24,-91.0,0
m3-108,46,224.69,35.3438,26.6113,1008.9871,1,121.51,-91.0,0
m3-108,47,229.7,35.3521,26.8555,1009.0769,1,124.3,-91.0,0
m3-108,48,234.71,35.3771,26.3672,1009.0105,1,121.86,-91.0,0
m3-108,49,239.7,35.3708,26.6113,1008.887,1,124.24,-91.0,0
m3-108,50,244.71,35.375,26.6113,1008.8684,0,121.47,-91.0,0
m3-108,51,249.72,35.3583,26.8555,1008.9941,1,124.35,-91.0,0
m3-108,52,254.71,35.375,26.6113,1008.9114,1,121.33,-91.0,0
m3-108,53,259.71,35.3604,26.8555,1009.0669,1,124.31,-91.0,0
m3-108,54,264.72,35.4021,26.6113,1008.9692,1,121.46,-91.0,0
m3-108,55,269.73,35.4,26.8555,1008.8723,1,124.4,-91.0,0
m3-108,56,274.72,35.3875,26.6113,1008.915,1,121.29,-91.0,0
m3-108,57,279.73,35.4271,26.8555,1008.9587,1,124.39,-91.0,0
m3-108,58,284.74,35.4167,26.8555,1008.8613,0,121.42,-91.0,0
m3-108,59,289.74,35.4083,26.8555,1008.9434,0,124.39,-91.0,0
m3-108,60,294.74,35.4417,26.6113,1008.9639,1,121.53,-91.0,0
m3-108,61,299.74,35.4583,26.8555,1008.8865,1,124.6,-91.0,0
m3-108,62,304.75,35.4146,26.6113,1008.9373,1,121.25,-91.0,0
m3-108,63,309.74,35.3917,26.6113,1008.9817,0,124.57,-91.0,0
m3-108,64,314.75,35.4708,26.6113,1008.96,0,121.18,-91.0,0
m3-108,65,319.76,35.45,26.8555,1009.0247,1,124.68,-91.0,0
m3-108,66,324.77,35.4937,26.6113,1008.885,1,121.27,-91.0,0
m3-108,67,329.76,35.4333,26.8555,1008.988,1,124.68,-91.0,0
m3-108,68,334.77,35.4958,26.6113,1008.9556,1,121.39,-91.0,0
m3-108,69,339.77,35.4937,27.0996,1008.9468,1,124.47,-91.0,0
m3-108,70,344.76,35.4792,26.6113,1008.9727,1,121.14,-91.0,0
m3-108,71,349.77,35.4958,27.0996,1008.9255,1,124.6,-91.0,0
m3-108,72,354.78,35.4917,26.8555,1009.0,1,121.25,-91.0,0
m3-108,73,359.79,35.4583,27.0996,1008.9893,1,124.62,-91.0,0
m3-108,74,364.78,35.5125,26.6113,1009.0034,1,121.15,-91.0,0
m3-108,75,369.79,35.5229,26.8555,1008.9617,1,124.66,-91.0,0
m3-108,76,374.79,35.5125,26.6113,1008.9619,1,121.1,-91.0,0
m3-108,77,379.79,35.5167,26.8555,1008.8789,1,124.93,-91.0,0
m3-108,78,384.79,35.5,26.6113,1008.9897,1,121.1,-91.0,0
m3-108,79,389.8,35.5333,26.8555,1008.904,1,124.94,-91.0,0
m3-108,80,394.81,35.5167,26.6113,1008.9819,1,121.01,-91.0,0
m3-108,81,399.8,35.5417,26.8555,1008.9705,1,124.93,-91.0,0
m3-108,82,404.81,35.5271,26.6113,1009.0791,1,120.88,-91.0,0
m3-108,83,409.82,35.5542,26.8555,1008.9287,1,124.98,-91.0,0
m3-108,84,414.81,35.5396,26.8555,1008.9644,0,120.91,-91.0,0
m3-108,85,419.82,35.5354,27.0996,1009.0242,1,125.0,-91.0,0
m3-108,86,424.82,35.5729,26.8555,1008.9661,1,120.92,-91.0,0
m3-108,87,429.83,35.5833,27.0996,1008.9824,1,124.78,-91.0,0
m3-108,88,434.82,35.5625,27.0996,1008.9519,0,120.79,-91.0,0
m3-108,89,439.83,35.5688,27.5879,1009.0012,1,124.95,-91.0,0
m3-108,90,444.84,35.5875,27.3438,1008.9373,1,120.89,-91.0,0
m3-108,91,449.83,35.5917,27.5879,1009.0405,1,125.01,-91.0,0
m3-108,92,454.84,35.6,27.3438,1009.0083,1,120.85,-91.0,0
m3-108,93,459.84,35.5667,27.5879,1008.9978,1,125.08,-91.0,0
m3-108,94,464.85,35.5917,27.3438,1008.9502,1,120.69,-91.0,0
m3-108,95,469.84,35.5979,27.5879,1009.071,1,125.24,-91.0,0
m3-108,96,474.85,35.6354,27.3438,1008.9519,1,120.77,-91.0,0
m3-108,97,479.86,35.5917,27.5879,1008.9561,1,125.35,-91.0,0
m3-108,98,484.85,35.5938,27.5879,1009.1074,0,120.61,-91.0,0
m3-108,99,489.86,35.6292,27.832,1009.054,1,125.23,-91.0,0
m3-108,100,494.87,35.6417,27.832,1008.9753,0,120.61,-91.0,0
m3-108,101,499.87,35.6375,27.832,1009.0256,0,125.18,-91.0,0
m3-108,102,504.87,35.6458,27.5879,1008.928,1,120.65,-91.0,0
m3-108,103,509.87,35.6083,27.832,1008.8433,1,125.39,-91.0,0
m3-108,104,514.88,35.5875,27.5879,1008.8699,1,120.42,-91.0,0
m3-108,105,519.89,35.6313,27.832,1008.8982,1,125.27,-91.0,0
m3-108,106,524.88,35.6104,27.5879,1008.969,1,120.4,-91.0,0
m3-108,107,529.89,35.5896,27.832,1009.0098,1,125.36,-91.0,0
m3-108,108,534.9,35.6333,27.5879,1008.9792,1,120.44,-91.0,0
m3-108,109,539.9,35.6104,27.832,1009.053,1,125.45,-91.0,0
m3-108,110,544.9,35.6771,27.3438,1009.0298,1,120.67,-91.0,0
m3-108,111,549.9,35.6562,27.832,1009.0107,1,125.29,-91.0,0
m3-108,112,554.91,35.6604,27.5879,1008.9624,1,120.64,-91.0,0
m3-108,113,559.92,35.6458,27.5879,1008.8916,0,125.45,-91.0,0
m3-108,114,564.91,35.65,27.3438,1009.0542,1,120.5,-91.0,0
m3-108,115,569.92,35.6604,27.5879,1009.0212,1,125.29,-91.0,0
m3-108,116,574.93,35.6583,27.3438,1008.9888,1,120.63,-91.0,0
m3-108,117,579.93,35.6562,27.3438,1009.0022,0,125.2,-91.0,0
m3-108,118,584.94,35.6729,27.5879,1009.0662,1,120.86,-91.0,0
m3-108,119,589.93,35.6583,27.5879,1008.8306,1,125.23,-91.0,0
m3-108,120,594.94,35.6437,27.832,1009.0444,1,120.56,-91.0,0
m3-108,121,599.95,35.6958,27.5879,1009.0461,1,125.12,-91.0,0
m3-108,122,604.94,35.6854,27.5879,1009.1873,0,120.61,-91.0,0
m3-108,123,609.95,35.6688,27.5879,1009.0,0,125.22,-91.0,0
m3-108,124,614.95,35.6917,27.832,1008.9695,1,120.76,-91.0,0
m3-108,125,619.96,35.6854,27.832,1008.8958,0,125.33,-91.0,0
m3-108,126,624.97,35.6708,28.0762,1008.8479,1,120.72,-91.0,0
m3-108,127,629.96,35.6708,27.5879,1009.0105,2,125.11,-91.0,0
m3-108,128,634.97,35.7125,28.0762,1008.9519,1,120.87,-91.0,0
m3-108,129,639.98,35.7146,27.832,1008.9363,1,125.21,-91.0,0
m3-108,130,644.98,35.6854,28.0762,1008.9646,1,120.91,-91.0,0
m3-108,131,649.98,35.7167,27.832,1008.916,1,125.06,-91.0,0
m3-108,132,654.98,35.6854,28.0762,1008.9651,1,120.89,-91.0,0
m3-108,133,659.99,35.7104,27.832,1008.8731,1,124.8,-91.0,0
m3-108,134,665.0,35.7208,28.0762,1008.9226,1,121.18,-91.0,0
m3-108,135,670.01,35.7042,28.0762,1008.9919,0,124.78,-91.0,0
m3-108,136,675.0,35.7313,28.0762,1009.021,0,121.01,-91.0,0
m3-108,137,680.01,35.7354,28.0762,1008.8784,0,124.65,-91.0,0
m3-108,138,685.01,35.7208,28.0762,1008.9617,0,121.11,-91.0,0
m3-108,139,690.02,35.7083,27.832,1008.9443,1,124.86,-91.0,0
m3-108,140,695.01,35.7042,28.3203,1009.0757,2,121.02,-91.0,0
m3-108,141,700.02,35.7708,27.832,1008.9983,1,124.97,-91.0,0
m3-108,142,705.03,35.7437,28.0762,1009.0793,1,121.27,-91.0,0
m3-108,143,710.04,35.7708,27.832,1008.9038,1,124.66,-91.0,0
m3-108,144,715.03,35.75,28.0762,1008.9243,1,121.23,-91.0,0
m3-108,145,720.03,35.725,27.832,1008.989,1,124.75,-91.0,0
m3-108,146,725.04,35.7333,27.832,1008.9426,0,121.32,-91.0,0
m3-108,147,730.05,35.7271,27.5879,1008.8328,1,124.73,-91.0,0
m3-108,148,735.04,35.7354,27.832,1009.0669,1,121.29,-91.0,0
m3-108,149,740.05,35.7583,27.832,1009.1079,0,124.41,-91.0,0
m3-108,150,745.06,35.7625,28.0762,1009.0642,1,121.38,-91.0,0
m3-108,151,750.05,35.7812,27.832,1008.8987,1,124.45,-91.0,0
m3-108,152,755.06,35.7021,28.0762,1009.0569,1,121.52,-91.0,0
m3-108,153,760.06,35.7708,27.832,1008.9224,1,124.38,-91.0,0
m3-108,154,765.07,35.7479,28.0762,1008.9358,1,121.47,-91.0,0
m3-108,155,770.06,35.75,27.832,1009.0183,1,124.67,-91.0,0
m3-108,156,775.07,35.7375,28.0762,1008.9812,1,121.26,-91.0,0
m3-108,157,780.08,35.775,27.832,1008.9849,1,124.54,-91.0,0
m3-108,158,785.07,35.7708,27.832,1008.9431,0,121.7,-91.0,0
m3-108,159,790.08,35.7479,27.3438,1008.9224,1,124.48,-91.0,0
m3-108,160,795.09,35.7521,27.5879,1008.948,1,121.62,-91.0,0
m3-108,161,800.09,35.7667,27.5879,1009.0723,0,124.36,-91.0,0
m3-108,162,805.08,35.7875,27.832,1009.0325,1,121.5,-91.0,0
m3-108,163,810.09,35.7896,27.832,1008.991,0,124.33,-91.0,0
m3-108,164,815.1,35.7792,28.0762,1008.9836,1,121.61,-91.0,0
m3-108,165,820.11,35.8104,27.832,1009.0149,1,124.27,-91.0,0
m3-108,166,825.1,35.7708,28.0762,1009.0293,1,121.52,-91.0,0
m3-108,167,830.11,35.7896,27.832,1008.9724,1,124.19,-91.0,0
m3-108,168,835.11,35.7833,28.0762,1008.9866,1,121.74,-91.0,0
m3-108,169,840.11,35.7708,27.832,1009.0293,1,124.1,-91.0,0
m3-108,170,845.11,35.8125,28.0762,1009.0588,1,121.75,-91.0,0
m3-108,171,850.12,35.7771,27.832,1008.939,1,124.37,-91.0,0
m3-108,172,855.13,35.7958,28.0762,1008.9243,1,121.74,-91.0,0
m3-108,173,860.12,35.8292,27.832,1009.0376,1,124.35,-91.0,0
m3-108,174,865.13,35.8271,28.3203,1009.0569,1,121.82,-91.0,0
m3-108,175,870.14,35.825,27.832,1008.9487,1,124.08,-91.0,0
m3-108,176,875.13,35.7958,28.0762,1008.9553,1,121.9,-91.0,0
m3-108,177,880.14,35.7625,28.0762,1008.9902,0,124.18,-91.0,0
m3-108,178,885.14,35.8333,28.3203,1009.0034,1,121.91,-91.0,0
m3-108,179,890.15,35.8188,28.0762,1009.0117,1,123.86,-91.0,0
m3-108,180,895.14,35.8396,28.0762,1008.9448,0,121.92,-91.0,0
m3-108,181,900.15,35.7896,27.832,1008.9929,1,124.04,-91.0,0
m3-108,182,905.16,35.7958,28.3203,1009.1025,2,122.14,-91.0,0
m3-108,183,910.15,35.8375,28.0762,1009.1863,1,123.77,-91.0,0
m3-108,184,915.16,35.8583,28.3203,1009.167,1,122.04,-91.0,0
m3-108,185,920.16,35.8687,27.832,1009.1477,1,123.91,-91.0,0
m3-108,186,925.17,35.8563,28.3203,1009.0737,1,122.01,-91.0,0
m3-108,187,930.16,35.8375,28.0762,1009.0288,1,123.97,-91.0,0
m3-108,188,935.17,35.8271,28.3203,1008.9678,1,121.98,-91.0,0
m3-108,189,940.18,35.7854,28.0762,1008.9748,1,124.01,-91.0,0
m3-108,190,945.19,35.7917,28.3203,1009.0393,1,122.11,-91.0,0
m3-108,191,950.18,35.8521,28.0762,1008.9185,1,123.96,-91.0,0
m3-108,192,955.19,35.8208,28.0762,1008.9866,0,122.0,-91.0,0
m3-108,193,960.19,35.8292,27.832,1009.0173,1,123.81,-91.0,0
m3-108,194,965.2,35.8542,28.0762,1008.9944,1,122.24,-91.0,0
m3-108,195,970.19,35.8354,27.832,1008.9729,1,123.68,-91.0,0
m3-108,196,975.2,35.8458,28.3203,1009.0532,1,122.14,-91.0,0
m3-108,197,980.21,35.8646,28.0762,1009.0498,1,123.58,-91.0,0
m3-108,198,985.2,35.8458,28.5645,1008.8838,2,122.19,-91.0,0
m3-108,199,990.21,35.8062,28.3203,1009.0557,1,123.69,-91.0,0
m3-108,200,995.22,35.8479,28.3203,1008.9541,0,122.34,-91.0,0
m3-108,201,1000.22,35.8229,28.0762,1009.0469,1,123.64,-91.0,0
m3-108,202,1005.22,35.8375,28.3203,1008.9106,1,122.3,-91.0,0
m3-108,203,1010.22,35.8188,28.0762,1009.1169,1,123.83,-91.0,0
m3-108,204,1015.23,35.8708,28.3203,1009.0439,1,122.26,-91.0,0
m3-108,205,1020.22,35.8687,28.3203,1008.9836,0,123.61,-91.0,0
m3-108,206,1025.23,35.8208,28.5645,1009.0598,1,122.34,-91.0,0
m3-108,207,1030.24,35.8479,28.3203,1009.0537,1,123.67,-91.0,0
m3-108,208,1035.24,35.8521,28.5645,1009.019,1,122.46,-91.0,0
m3-108,209,1040.24,35.8667,28.0762,1009.1018,1,123.48,-91.0,0
m3-108,210,1045.24,35.8625,28.3203,1009.0525,1,122.33,-91.0,0
m3-108,211,1050.25,35.8667,28.0762,1008.968,1,123.42,-91.0,0
m3-108,212,1055.24,35.8854,28.3203,1009.0461,1,122.35,-91.0,0
m3-108,213,1060.25,35.8854,28.3203,1008.9504,0,123.74,-91.0,0
m3-108,214,1065.26,35.8625,28.5645,1009.0395,1,122.65,-91.0,0
m3-108,215,1070.27,35.8896,28.0762,1008.9736,1,123.17,-91.0,0
m3-108,216,1075.26,35.8625,28.3203,1009.1484,1,122.78,-91.0,0
m3-108,217,1080.27,35.9167,28.0762,1009.0308,1,123.25,-91.0,0
m3-108,218,1085.27,35.8833,28.3203,1009.0933,1,122.71,-91.0,0
m3-108,219,1090.27,35.8979,28.0762,1009.0644,1,123.35,-91.0,0
m3-108,220,1095.27,35.9146,28.3203,1009.001,1,122.79,-91.0,0
m3-108,221,1100.28,35.8729,28.3203,1008.9827,0,123.23,-91.0,0
m3-108,222,1105.29,35.875,28.5645,1009.0535,1,122.74,-91.0,0
m3-108,223,1110.28,35.8729,28.0762,1009.0415,1,123.12,-91.0,0
m3-108,224,1115.29,35.8833,28.3203,1009.0107,1,122.74,-91.0,0
m3-108,225,1120.3,35.8771,28.0762,1009.0142,1,123.18,-91.0,0
m3-108,226,1125.29,35.8958,28.3203,1008.9739,1,122.98,-91.0,0
m3-108,227,1130.29,35.8813,28.0762,1008.9348,1,123.05,-91.0,0
m3-108,228,1135.3,35.8729,28.3203,1009.0413,1,122.78,-91.0,0
m3-108,229,1140.31,35.8979,28.0762,1009.1011,1,122.94,-91.0,0
m3-108,230,1145.3,35.9188,28.3203,1008.9724,1,122.92,-91.0,0
m3-108,231,1150.31,35.8813,28.0762,1009.0623,1,123.08,-91.0,0
m3-108,232,1155.32,35.9083,28.3203,1009.0874,1,123.18,-91.0,0
m3-108,233,1160.31,35.8917,28.0762,1009.1128,1,123.21,-91.0,0
m3-108,234,1165.32,35.9188,28.5645,1009.0269,1,122.85,-91.0,0
m3-108,235,1170.32,35.9208,28.0762,1009.083,1,123.02,-91.0,0
m3-108,236,1175.33,35.9167,28.5645,1009.1357,1,123.08,-91.0,0
m3-108,237,1180.32,35.9271,28.5645,1009.1086,0,122.96,-91.0,0
m3-108,238,1185.33,35.9271,28.8086,1009.1057,1,123.13,-91.0,0
m3-108,239,1190.34,35.8896,28.5645,1008.9675,1,123.01,-91.0,0
m3-108,240,1195.33,35.8833,28.8086,1009.0891,1,122.84,-91.0,0
m3-108,241,1200.34,35.9021,28.5645,1008.979,1,122.83,-91.0,0
m3-108,242,1205.35,35.9188,28.8086,1008.9744,1,123.15,-91.0,0
m3-108,243,1210.35,35.9104,28.5645,1008.9692,1,122.74,-91.0,0
m3-108,244,1215.34,35.9083,29.0527,1008.9778,1,123.04,-91.0,0
m3-108,245,1220.35,35.9083,28.8086,1008.9817,1,122.98,-91.0,0
m3-108,246,1225.36,35.9,29.0527,1008.9651,1,123.05,-91.0,0
m3-108,247,1230.35,35.9354,28.8086,1008.9954,1,122.94,-91.0,0
m3-108,248,1235.36,35.9042,29.0527,1008.9707,1,123.07,-91.0,0
m3-108,249,1240.37,35.9146,29.0527,1008.9956,0,122.84,-91.0,0
m3-108,250,1245.37,35.9188,29.0527,1008.9292,0,123.28,-91.0,0
m3-108,251,1250.37,35.9083,28.8086,1008.7844,1,122.76,-91.0,0
m3-108,252,1255.37,35.8687,29.0527,1008.9282,1,123.31,-91.0,0
m3-108,253,1260.38,35.9312,29.0527,1008.9409,0,122.54,-91.0,0
m3-108,254,1265.37,35.8979,29.2969,1008.9204,1,123.36,-91.0,0
m3-108,255,1270.38,35.9125,29.0527,1008.8892,1,122.65,-91.0,0
m3-108,256,1275.39,35.9,29.2969,1009.0139,1,123.4,-91.0,0
m3-108,257,1280.4,35.9479,29.0527,1009.0469,1,122.47,-91.0,0
m3-108,258,1285.39,35.9354,29.0527,1008.9819,0,123.33,-91.0,0
m3-108,259,1290.4,35.9167,29.0527,1008.9365,0,122.42,-91.0,0
m3-108,260,1295.4,35.925,29.2969,1008.9941,1,123.4,-91.0,0
m3-108,261,1300.4,35.9625,28.8086,1008.8914,2,122.5,-91.0,0
m3-108,262,1305.4,35.9271,28.0762,1008.9158,1,123.45,-91.0,0
m3-108,263,1310.41,35.9417,29.0527,1008.9981,1,122.54,-91.0,0
m3-108,264,1315.42,35.9375,29.2969,1009.1011,1,123.57,-91.0,0
m3-108,265,1320.41,35.9229,29.0527,1008.906,1,122.64,-91.0,0
m3-108,266,1325.42,35.9146,29.2969,1009.0015,1,123.34,-91.0,0
m3-108,267,1330.42,35.925,28.8086,1008.8977,1,122.54,-91.0,0
m3-108,268,1335.42,35.9271,29.2969,1009.0447,2,123.6,-91.0,0
m3-108,269,1340.42,35.9167,28.8086,1009.0491,1,122.36,-91.0,0
m3-108,270,1345.43,35.9458,29.2969,1008.9995,1,123.63,-91.0,0
m3-108,271,1350.44,35.9521,29.0527,1008.9441,1,122.4,-91.0,0
m3-108,272,1355.43,35.9375,29.2969,1008.947,1,123.57,-91.0,0
m3-108,273,1360.44,35.9458,29.0527,1008.8604,1,122.34,-91.0,0
m3-108,274,1365.45,35.9083,29.541,1009.0915,2,123.7,-91.0,0
m3-108,275,1370.44,35.9729,29.2969,1009.0332,1,122.15,-91.0,0
m3-108,276,1375.45,35.9771,29.541,1008.9119,1,123.67,-91.0,0
m3-108,277,1380.45,35.9458,29.2969,1009.0022,1,122.24,-91.0,0
m3-108,278,1385.46,35.95,29.541,1008.9561,1,123.73,-91.0,0
m3-108,279,1390.45,35.9417,29.2969,1008.969,1,122.14,-91.0,0
m3-108,280,1395.46,35.9458,29.2969,1009.0078,0,123.88,-91.0,0
m3-108,281,1400.47,35.9667,29.0527,1008.9949,1,122.51,-91.0,0
m3-108,282,1405.46,35.9417,29.0527,1009.0256,0,123.78,-91.0,0
m3-108,283,1410.47,35.9792,28.8086,1009.0037,1,122.26,-91.0,0
m3-108,284,1415.48,35.9458,29.0527,1008.8933,1,123.83,-91.0,0
m3-108,285,1420.48,35.9271,29.0527,1009.0505,0,121.96,-91.0,0
m3-108,286,1425.47,35.9708,29.2969,1008.9646,1,123.86,-91.0,0
m3-108,287,1430.48,35.9375,29.0527,1008.8709,1,122.13,-91.0,0
m3-108,288,1435.49,35.9521,29.2969,1008.9578,1,124.0,-91.0,0
m3-108,289,1440.48,35.975,29.2969,1009.0244,0,121.87,-91.0,0
m3-108,290,1445.49,35.9813,29.541,1009.0295,1,123.91,-91.0,0
m3-108,291,1450.5,35.9771,29.2969,1008.8989,1,122.1,-91.0,0
m3-108,292,1455.5,35.9375,29.2969,1008.9724,0,123.94,-91.0,0
m3-108,293,1460.5,35.9396,29.2969,1008.9795,0,122.06,-91.0,0
m3-108,294,1465.5,35.9625,29.541,1008.9827,1,124.18,-91.0,0
m3-108,295,1470.51,35.9729,29.541,1008.8374,0,121.84,-91.0,0
m3-108,296,1475.5,35.9375,29.7852,1009.0237,1,124.05,-91.0,0
m3-108,297,1480.51,35.9625,29.541,1009.0361,1,121.91,-91.0,0
m3-108,298,1485.52,35.9896,29.7852,1008.9622,1,124.03,-91.0,0
m3-108,299,1490.53,35.975,29.541,1008.978,1,121.96,-91.0,0
m3-108,300,1495.52,35.975,29.7852,1009.0166,1,124.16,-91.0,0
m3-108,301,1500.53,35.9708,29.541,1008.9702,1,121.7,-91.0,0
m3-108,302,1505.53,35.975,29.7852,1009.0,1,124.1,-91.0,0
m3-108,303,1510.54,36.0021,29.541,1008.9209,1,121.58,-91.0,0
m3-108,304,1515.53,35.9583,29.7852,1008.9751,1,124.21,-91.0,0
m3-108,305,1520.54,35.9792,29.541,1009.0151,1,121.68,-91.0,0
m3-108,306,1525.55,35.9771,29.7852,1009.012,1,124.3,-91.0,0
m3-108,307,1530.54,36.0083,29.7852,1008.8984,0,121.75,-91.0,0
m3-108,308,1535.55,35.9896,29.7852,1009.0022,0,124.15,-91.0,0
m3-108,309,1540.55,36.0229,29.541,1008.9265,1,121.67,-91.0,0
m3-108,310,1545.56,35.9583,29.7852,1008.8909,1,124.26,-91.0,0
m3-108,311,1550.55,35.9792,29.7852,1008.8049,0,121.75,-91.0,0
m3-108,312,1555.56,35.9438,30.0293,1008.8501,1,124.29,-91.0,0
m3-108,313,1560.57,35.95,29.7852,1008.894,1,121.75,-91.0,0
m3-108,314,1565.56,35.9854,30.0293,1008.8293,1,124.23,-91.0,0
m3-108,315,1570.57,35.95,29.7852,1009.0051,1,121.47,-91.0,0
m3-108,316,1575.58,35.9813,30.0293,1008.9053,1,124.42,-91.0,0
m3-108,317,1580.58,35.9667,29.7852,1008.8938,1,121.46,-91.0,0
m3-108,318,1585.58,35.9708,30.0293,1009.0232,1,124.51,-91.0,0
m3-108,319,1590.58,35.9813,30.0293,1008.885,0,121.34,-91.0,0
m3-108,320,1595.59,35.9917,30.0293,1008.8528,0,124.46,-91.0,0
m3-108,321,1600.6,35.9542,29.7852,1008.8823,1,121.25,-91.0,0
m3-108,322,1605.59,35.9771,30.0293,1008.8213,1,124.67,-91.0,0
m3-108,323,1610.6,35.9604,29.7852,1008.7756,1,121.51,-91.0,0
m3-108,324,1615.61,35.9708,30.0293,1008.9048,1,124.52,-91.0,0
m3-108,325,1620.6,35.9854,29.7852,1008.8489,1,121.38,-91.0,0
m3-108,326,1625.6,35.9771,30.0293,1008.7844,1,124.47,-91.0,0
m3-108,327,1630.61,35.9562,29.7852,1008.9033,1,121.3,-91.0,0
m3-108,328,1635.6,35.9646,30.0293,1008.8748,1,124.63,-91.0,0
m3-108,329,1640.61,35.9646,29.7852,1008.7703,1,121.44,-91.0,0
m3-108,330,1645.62,35.9708,30.0293,1008.9165,1,124.69,-91.0,0
m3-108,331,1650.63,35.9833,29.7852,1008.9419,1,121.19,-91.0,0
m3-108,332,1655.62,35.9708,30.0293,1008.9326,1,124.58,-91.0,0
m3-108,333,1660.63,35.975,29.7852,1008.8084,1,121.14,-91.0,0
m3-108,334,1665.63,35.9667,30.0293,1008.7463,1,124.69,-91.0,0
m3-108,335,1670.63,35.9438,30.0293,1008.864,0,121.2,-91.0,0
m3-108,336,1675.63,36.0375,30.0293,1008.7866,0,124.64,-91.0,0
m3-108,337,1680.64,35.9729,29.7852,1008.8918,1,121.27,-91.0,0
m3-108,338,1685.65,35.9646,29.7852,1008.8901,0,124.7,-91.0,0
m3-108,339,1690.64,35.9917,29.7852,1008.8381,0,121.42,-91.0,0
m3-108,340,1695.65,35.9896,29.7852,1008.7256,0,124.65,-91.0,0
m3-108,341,1700.66,35.95,29.541,1008.7463,1,121.16,-91.0,0
m3-108,342,1705.66,35.9542,29.541,1008.9827,1,124.96,-91.0,0
m3-108,343,1710.65,36.0125,29.2969,1008.959,1,121.02,-91.0,0
m3-108,344,1715.66,35.9958,29.7852,1008.8606,1,124.8,-91.0,0
m3-108,345,1720.67,35.9771,29.541,1008.7793,1,120.95,-91.0,0
m3-108,346,1725.66,35.9917,29.541,1008.8506,0,124.95,-91.0,0
m3-108,347,1730.67,35.9792,29.2969,1008.834,1,121.01,-91.0,0
m3-108,348,1735.68,35.9833,29.541,1008.8767,1,125.03,-91.0,0
m3-108,349,1740.68,35.9896,29.541,1008.8408,0,120.94,-91.0,0
m3-108,350,1745.68,35.9708,29.7852,1008.7808,1,124.97,-91.0,0
m3-108,351,1750.68,35.9646,29.541,1008.7666,1,120.99,-91.0,0
m3-108,352,1755.69,36.0063,29.541,1008.8945,0,125.06,-91.0,0
m3-108,353,1760.68,35.9813,29.541,1008.8174,0,120.81,-91.0,0
m3-108,354,1765.69,35.9792,29.7852,1008.9836,1,125.19,-91.0,0
m3-108,355,1770.7,36.0146,29.2969,1008.7737,2,121.01,-91.0,0
m3-108,356,1775.69,35.9937,29.7852,1008.9341,2,125.13,-91.0,0
m3-108,357,1780.7,36.025,29.2969,1008.8867,1,120.88,-91.0,0
m3-108,358,1785.71,35.9854,29.541,1008.8867,1,125.04,-91.0,0
m3-108,359,1790.71,36.0063,29.541,1008.9082,0,120.9,-91.0,0
m3-108,360,1795.7,36.0104,29.541,1008.7395,0,125.1,-91.0,0
m3-108,361,1800.71,35.9771,29.541,1008.8389,0,120.82,-91.0,0
m3-108,362,1805.72,35.9854,29.7852,1008.772,1,125.33,-91.0,0
m3-108,363,1810.73,35.9937,29.541,1008.8801,1,120.44,-91.0,0
m3-108,364,1815.72,36.0125,29.7852,1008.843,1,125.38,-91.0,0
m3-108,365,1820.73,35.9979,29.541,1008.948,1,120.7,-91.0,0
m3-108,366,1825.73,36.0521,29.7852,1008.8589,1,125.4,-91.0,0
m3-108,367,1830.73,36.0146,29.2969,1008.8489,1,120.61,-91.0,0
m3-108,368,1835.73,36.0417,29.541,1008.8789,1,125.67,-91.0,0
m3-108,369,1840.74,35.9896,29.2969,1008.9534,1,120.65,-91.0,0
m3-108,370,1845.75,36.0438,29.541,1008.7988,1,125.28,-91.0,0
m3-108,371,1850.74,35.9937,29.541,1008.8652,0,120.67,-91.0,0
m3-108,372,1855.75,35.975,29.541,1008.9753,0,125.31,-91.0,0
m3-108,373,1860.76,36.0208,29.2969,1008.8342,1,120.65,-91.0,0
m3-108,374,1865.75,36.0271,29.541,1008.9773,1,125.27,-91.0,0
m3-108,375,1870.76,36.025,29.0527,1008.7429,2,120.62,-91.0,0
m3-108,376,1875.76,35.9708,29.2969,1008.8682,1,125.27,-91.0,0
m3-108,377,1880.77,36.0167,29.2969,1008.9019,0,120.69,-91.0,0
m3-108,378,1885.76,36.0292,29.2969,1008.7805,0,125.39,-91.0,0
m3-108,379,1890.77,35.9854,29.0527,1008.7212,1,120.49,-91.0,0
m3-108,380,1895.78,35.9958,29.2969,1008.7371,1,125.32,-91.0,0
m3-108,381,1900.77,35.9646,29.2969,1008.7624,0,120.7,-91.0,0
m3-108,382,1905.78,35.9792,29.2969,1008.946,0,125.32,-91.0,0
m3-108,383,1910.79,36.0417,29.0527,1008.8748,1,120.84,-91.0,0
m3-108,384,1915.79,36.0042,29.0527,1008.8308,0,125.5,-91.0,0
m3-108,385,1920.78,36.0063,29.0527,1008.8613,0,120.67,-91.0,0
m3-108,386,1925.79,35.9833,29.0527,1008.9363,0,125.26,-91.0,0
m3-108,387,1930.8,36.0458,29.0527,1008.7227,1,120.88,-91.0,0
m3-108,388,1935.81,35.9875,28.8086,1008.9177,1,125.29,-91.0,0
m3-108,389,1940.8,36.0187,28.8086,1008.7957,0,120.76,-91.0,0
m3-108,390,1945.81,36.0187,28.8086,1008.9131,0,125.25,-91.0,0
m3-108,391,1950.81,36.0312,28.8086,1008.9255,0,120.9,-91.0,0
m3-108,392,1955.81,36.025,28.5645,1008.9292,1,124.96,-91.0,0
m3-108,393,1960.81,36.0438,28.8086,1008.9265,1,120.95,-91.0,0
m3-108,394,1965.82,36.025,28.8086,1008.9429,0,125.01,-91.0,0
m3-108,395,1970.81,36.0521,29.0527,1008.9863,1,120.86,-91.0,0
m3-108,396,1975.82,36.0958,28.8086,1009.0476,1,125.1,-91.0,0
m3-108,397,1980.83,36.0708,29.0527,1008.8699,1,121.15,-91.0,0
m3-108,398,1985.84,36.0562,28.8086,1008.855,1,124.87,-91.0,0
m3-108,399,1990.84,36.0167,29.2969,1008.959,2,121.12,-91.0,0
m3-108,400,1995.84,36.0604,29.0527,1008.9145,1,125.04,-91.0,0
m3-108,401,2000.84,36.0354,29.0527,1008.8804,0,121.18,-91.0,0
m3-108,402,2005.85,36.025,29.0527,1008.9387,0,124.86,-91.0,0
m3-108,403,2010.86,36.0292,29.2969,1008.8562,1,121.14,-91.0,0
m3-108,404,2015.85,36.0292,29.0527,1008.9307,1,124.82,-91.0,0
m3-108,405,2020.86,36.0396,29.2969,1009.0063,1,121.02,-91.0,0
m3-108,406,2025.87,36.0542,29.0527,1008.9209,1,124.92,-91.0,0
m3-108,407,2030.86,36.0604,29.2969,1008.8347,1,121.1,-91.0,0
m3-108,408,2035.86,36.025,29.0527,1008.8562,1,124.84,-91.0,0
m3-108,409,2040.87,36.0104,29.2969,1008.8005,1,121.07,-91.0,0
m3-108,410,2045.88,36.0104,29.2969,1008.8249,0,124.88,-91.0,0
m3-108,411,2050.87,35.9958,29.2969,1008.9055,0,121.21,-91.0,0
m3-108,412,2055.88,36.025,29.0527,1008.936,1,124.82,-91.0,0
m3-108,413,2060.89,36.0417,29.2969,1009.0386,1,121.37,-91.0,0
m3-108,414,2065.89,36.0625,29.0527,1008.9343,1,124.76,-91.0,0
m3-108,415,2070.89,36.0354,29.2969,1008.9575,1,121.38,-91.0,0
m3-108,416,2075.89,36.05,29.0527,1008.9109,1,124.5,-91.0,0
m3-108,417,2080.9,36.0229,29.2969,1008.9605,1,121.46,-91.0,0
m3-108,418,2085.89,36.0479,29.2969,1008.8945,0,124.54,-91.0,0
m3-108,419,2090.9,36.0583,29.2969,1009.0063,0,121.44,-91.0,0
m3-108,420,2095.91,36.0729,29.2969,1008.9231,0,124.6,-91.0,0
m3-108,421,2100.92,36.05,29.2969,1008.8435,0,121.27,-91.0,0
m3-108,422,2105.91,36.0187,29.0527,1008.824,1,124.45,-91.0,0
m3-108,423,2110.92,36.0146,29.2969,1008.978,1,121.37,-91.0,0
m3-108,424,2115.92,36.0792,29.2969,1008.8787,0,124.57,-91.0,0
m3-108,425,2120.92,36.0375,29.2969,1009.0405,0,121.36,-91.0,0
m3-108,426,2125.92,36.0521,29.2969,1008.8787,0,124.78,-91.0,0
m3-108,427,2130.93,36.0479,29.2969,1008.7878,0,121.49,-91.0,0
m3-108,428,2135.94,36.0083,29.0527,1008.8411,1,124.38,-91.0,0
m3-108,429,2140.93,36.0354,29.541,1008.9304,1,121.6,-91.0,0
m3-108,430,2145.94,36.0417,29.2969,1008.9133,1,124.5,-91.0,0
m3-108,431,2150.94,36.0271,29.541,1008.968,1,121.47,-91.0,0
m3-108,432,2155.95,36.0417,29.2969,1008.8613,1,124.53,-91.0,0
m3-108,433,2160.94,36.0479,29.7852,1008.7756,1,121.66,-91.0,0
m3-108,434,2165.95,36.025,29.541,1008.7266,1,124.24,-91.0,0
m3-108,435,2170.96,36.0167,29.541,1008.852,0,121.6,-91.0,0
m3-108,436,2175.95,36.0458,29.2969,1008.9458,1,124.3,-91.0,0
m3-108,437,2180.96,36.05,29.2969,1008.9605,0,121.54,-91.0,0
m3-108,438,2185.97,36.0604,29.2969,1009.0076,0,124.39,-91.0,0
m3-108,439,2190.97,36.0667,29.541,1008.9182,1,121.63,-91.0,0
m3-108,440,2195.97,36.0562,29.7852,1008.8928,1,124.35,-91.0,0
m3-109,1,4.57,35.9292,39.5508,1009.0422,0,119.16,-91.0,0
m3-109,2,9.56,35.9188,39.7949,1008.9175,1,121.15,-91.0,0
m3-109,3,14.56,35.9333,39.5508,1008.9321,1,119.74,-91.0,0
m3-109,4,19.57,35.9875,40.0391,1008.8672,1,121.09,-91.0,0
m3-109,5,24.56,35.9625,39.7949,1008.9673,1,120.02,-91.0,0
m3-109,6,29.57,36.0021,40.2832,1009.0195,1,121.03,-91.0,0
m3-109,7,34.58,35.9958,39.7949,1008.9304,1,120.02,-91.0,0
m3-109,8,39.59,36.0312,40.0391,1009.1033,1,121.39,-91.0,0
m3-109,9,44.58,36.0875,39.7949,1008.9641,1,119.54,-91.0,0
m3-109,10,49.59,36.0854,40.0391,1008.9863,1,121.41,-91.0,0
m3-109,11,54.59,36.0438,39.7949,1009.0696,1,119.62,-91.0,0
m3-109,12,59.6,36.1292,39.7949,1008.9075,0,121.49,-91.0,0
m3-109,13,64.59,36.1021,39.3066,1008.9314,1,119.79,-91.0,0
m3-109,14,69.6,36.1271,39.5508,1008.9192,1,121.32,-91.0,0
m3-109,15,74.61,36.1521,39.0625,1009.0037,1,119.61,-91.0,0
m3-109,16,79.6,36.1729,39.3066,1008.968,1,121.38,-91.0,0
m3-109,17,84.61,36.1979,39.0625,1008.981,1,119.64,-91.0,0
m3-109,18,89.61,36.1812,39.3066,1009.0225,1,121.68,-91.0,0
m3-109,19,94.62,36.225,39.0625,1008.9775,1,119.57,-91.0,0
m3-109,20,99.61,36.2292,39.3066,1009.1296,1,121.45,-91.0,0
m3-109,21,104.62,36.2729,38.8184,1009.0007,2,119.72,-91.0,0
m3-109,22,109.63,36.2333,39.0625,1008.9373,1,121.5,-91.0,0
m3-109,23,114.62,36.2458,38.8184,1008.9968,1,119.55,-91.0,0
m3-109,24,119.63,36.2729,39.0625,1009.1104,1,121.68,-91.0,0
m3-109,25,124.64,36.3208,38.5742,1008.9605,2,119.58,-91.0,0
m3-109,26,129.64,36.3021,38.8184,1009.071,1,121.6,-91.0,0
m3-109,27,134.64,36.3396,38.3301,1009.0479,1,119.49,-91.0,0
m3-109,28,139.64,36.3417,38.5742,1009.0369,1,121.77,-91.0,0
m3-109,29,144.65,36.3417,38.0859,1009.1155,1,119.36,-91.0,0
m3-109,30,149.64,36.3604,38.3301,1008.967,1,121.93,-91.0,0
m3-109,31,154.65,36.3333,38.0859,1009.0208,1,119.55,-91.0,0
m3-109,32,159.66,36.3396,38.5742,1009.1487,2,121.68,-91.0,0
m3-109,33,164.67,36.4062,38.3301,1009.0745,1,119.36,-91.0,0
m3-109,34,169.66,36.3792,38.8184,1008.9812,1,121.84,-91.0,0
m3-109,35,174.66,36.3479,38.5742,1009.0332,1,119.25,-91.0,0
m3-109,36,179.67,36.4062,39.3066,1008.9963,1,122.0,-91.0,0
m3-109,37,184.66,36.4083,38.8184,1008.9143,1,119.44,-91.0,0
m3-109,38,189.67,36.3937,39.3066,1008.8643,1,121.92,-91.0,0
m3-109,39,194.68,36.3854,39.0625,1008.979,1,119.17,-91.0,0
m3-109,40,199.69,36.4333,39.5508,1009.0237,1,121.91,-91.0,0
m3-109,41,204.68,36.425,39.3066,1009.0369,1,119.38,-91.0,0
m3-109,42,209.69,36.45,39.5508,1008.9922,1,121.94,-91.0,0
m3-109,43,214.69,36.4417,39.3066,1009.063,1,119.3,-91.0,0
m3-109,44,219.69,36.4542,39.5508,1009.0442,1,122.05,-91.0,0
m3-109,45,224.69,36.4688,39.5508,1009.1372,0,119.01,-91.0,0
m3-109,46,229.7,36.4979,39.7949,1009.0862,1,122.1,-91.0,0
m3-109,47,234.71,36.4937,39.0625,1009.0059,1,119.35,-91.0,0
m3-109,48,239.7,36.4958,39.3066,1009.0176,1,122.13,-91.0,0
m3-109,49,244.71,36.5167,39.3066,1009.1502,0,119.21,-91.0,0
m3-109,50,249.72,36.5125,40.0391,1009.0947,1,122.21,-91.0,0
m3-109,51,254.71,36.5312,39.3066,1009.1726,1,118.98,-91.0,0
m3-109,52,259.72,36.5583,39.7949,1009.1228,1,122.15,-91.0,0
m3-109,53,264.72,36.5708,39.3066,1009.1311,1,118.97,-91.0,0
m3-109,54,269.73,36.5667,39.7949,1009.2549,2,122.43,-91.0,0
m3-109,55,274.72,36.5938,39.3066,1009.0386,2,118.94,-91.0,0
m3-109,56,279.73,36.5646,39.5508,1009.208,1,122.33,-91.0,0
m3-109,57,284.74,36.5979,39.5508,1009.0032,0,119.01,-91.0,0
m3-109,58,289.73,36.5667,39.7949,1008.9543,1,122.13,-91.0,0
m3-109,59,294.74,36.5562,39.3066,1008.9946,1,119.06,-91.0,0
m3-109,60,299.74,36.5562,39.5508,1008.9263,1,122.49,-91.0,0
m3-109,61,304.75,36.55,39.0625,1009.0173,1,118.84,-91.0,0
m3-109,62,309.74,36.5792,39.3066,1009.0415,1,122.5,-91.0,0
m3-109,63,314.75,36.6063,39.0625,1008.9841,1,118.73,-91.0,0
m3-109,64,319.76,36.5958,39.3066,1009.102,1,122.44,-91.0,0
m3-109,65,324.75,36.6229,39.0625,1009.0591,1,118.84,-91.0,0
m3-109,66,329.76,36.6333,39.5508,1009.0818,1,121.65,-91.0,0
m3-109,67,334.77,36.6333,39.5508,1008.9587,0,118.16,-91.0,0
m3-109,68,339.77,36.6458,40.0391,1009.0339,1,121.49,-91.0,0
m3-109,69,344.77,36.6146,39.5508,1009.0425,1,117.86,-91.0,0
m3-109,70,349.77,36.6292,39.7949,1009.0354,1,121.54,-91.0,0
m3-109,71,354.78,36.6333,39.7949,1009.0696,0,117.88,-91.0,0
m3-109,72,359.79,36.6604,40.0391,1008.9849,1,121.66,-91.0,0
m3-109,73,364.78,36.6354,39.5508,1009.0281,1,117.97,-91.0,0
m3-109,74,369.79,36.6521,39.5508,1008.9536,0,121.58,-91.0,0
m3-109,75,374.8,36.6896,39.3066,1008.9783,1,117.79,-91.0,0
m3-109,76,379.79,36.6667,39.5508,1008.9883,1,121.73,-91.0,0
m3-109,77,384.79,36.6583,39.0625,1009.0952,1,117.67,-91.0,0
m3-109,78,389.8,36.6979,39.3066,1009.1973,1,121.92,-91.0,0
m3-109,79,394.81,36.725,39.0625,1009.0449,1,117.62,-91.0,0
m3-109,80,399.8,36.6792,39.3066,1009.1118,1,121.97,-91.0,0
m3-109,81,404.81,36.7,39.0625,1009.0151,1,117.58,-91.0,0
m3-109,82,409.82,36.6896,39.7949,1008.9612,1,121.94,-91.0,0
m3-109,83,414.81,36.6792,39.5508,1008.9846,1,117.54,-91.0,0
m3-109,84,419.82,36.6833,40.0391,1009.0986,2,121.84,-91.0,0
m3-109,85,424.82,36.7229,39.7949,1008.9334,1,117.66,-91.0,0
m3-109,86,429.82,36.6958,40.5273,1009.1145,2,122.02,-91.0,0
m3-109,87,434.82,36.7396,40.5273,1009.0535,0,117.36,-91.0,0
m3-109,88,439.83,36.7396,41.0156,1009.0173,1,122.0,-91.0,0
m3-109,89,444.84,36.7229,40.7715,1009.0874,1,117.66,-91.0,0
m3-109,90,449.83,36.7146,41.2598,1008.9907,1,121.91,-91.0,0
m3-109,91,454.84,36.7354,41.0156,1009.0503,1,117.63,-91.0,0
m3-109,92,459.85,36.725,41.5039,1009.0491,1,121.93,-91.0,0
m3-109,93,464.84,36.7458,41.2598,1009.009,1,117.4,-91.0,0
m3-109,94,469.84,36.7375,41.5039,1009.0793,1,121.99,-91.0,0
m3-109,95,474.85,36.7437,41.2598,1009.1296,1,117.47,-91.0,0
m3-109,96,479.86,36.775,41.5039,1008.9665,1,122.31,-91.0,0
m3-109,97,484.85,36.7583,41.5039,1009.1792,0,117.39,-91.0,0
m3-109,98,489.86,36.7979,41.748,1009.0691,1,122.13,-91.0,0
m3-109,99,494.87,36.7708,41.9922,1009.0154,1,117.36,-91.0,0
m3-109,100,499.87,36.7938,41.9922,1009.1873,0,122.02,-91.0,0
m3-109,101,504.87,36.8062,41.748,1009.1753,1,117.43,-91.0,0
m3-109,102,509.87,36.8229,41.748,1009.0813,0,122.29,-91.0,0
m3-109,103,514.88,36.7833,41.2598,1009.0669,1,117.29,-91.0,0
m3-109,104,519.89,36.8125,41.5039,1009.1462,1,122.18,-91.0,0
m3-109,105,524.88,36.8125,41.2598,1009.0581,1,117.36,-91.0,0
m3-109,106,529.89,36.8062,41.5039,1008.9644,1,122.02,-91.0,0
m3-109,107,534.9,36.7833,41.2598,1009.1096,1,117.53,-91.0,0
m3-109,108,539.9,36.8188,41.2598,1009.1318,0,122.04,-91.0,0
m3-109,109,544.9,36.8208,41.0156,1009.1843,1,117.57,-91.0,0
m3-109,110,549.9,36.7979,41.2598,1009.0212,1,121.92,-91.0,0
m3-109,111,554.91,36.8062,41.2598,1009.0127,0,117.49,-91.0,0
m3-109,112,559.92,36.7896,41.2598,1009.0027,0,122.1,-91.0,0
m3-109,113,564.91,36.7938,41.2598,1009.1289,0,117.49,-91.0,0
m3-109,114,569.92,36.8396,41.0156,1009.1589,1,122.1,-91.0,0
m3-109,115,574.93,36.85,40.7715,1009.1064,1,117.66,-91.0,0
m3-109,116,579.93,36.8333,40.7715,1009.1038,0,121.79,-91.0,0
m3-109,117,584.94,36.8604,41.0156,1009.0537,1,117.64,-91.0,0
m3-109,118,589.93,36.8542,41.2598,1009.1111,1,121.95,-91.0,0
m3-109,119,594.94,36.875,41.5039,1009.1394,1,117.63,-91.0,0
m3-109,120,599.95,36.8542,41.2598,1009.0759,1,121.98,-91.0,0
m3-109,121,604.94,36.8521,41.2598,1008.9568,0,117.64,-91.0,0
m3-109,122,609.95,36.8417,41.5039,1009.0771,1,121.83,-91.0,0
m3-109,123,614.95,36.8729,41.5039,1009.092,0,117.59,-91.0,0
m3-109,124,619.96,36.8813,41.748,1008.9546,1,121.95,-91.0,0
m3-109,125,624.97,36.8729,41.9922,1009.0271,1,117.75,-91.0,0
m3-109,126,629.96,36.8646,41.5039,1009.029,1,121.86,-91.0,0
m3-109,127,634.97,36.8687,41.9922,1009.0776,1,117.75,-91.0,0
m3-109,128,639.98,36.8583,41.9922,1009.1821,0,121.73,-91.0,0
m3-109,129,644.98,36.8979,42.2363,1009.0073,1,117.68,-91.0,0
m3-109,130,649.98,36.8687,41.9922,1009.1189,1,121.7,-91.0,0
m3-109,131,654.98,36.8729,42.2363,1009.0701,1,117.82,-91.0,0
m3-109,132,659.99,36.875,41.9922,1008.9956,1,121.6,-91.0,0
m3-109,133,665.0,36.8771,42.2363,1009.0049,1,117.99,-91.0,0
m3-109,134,669.99,36.8833,41.9922,1008.9619,1,121.73,-91.0,0
m3-109,135,675.0,36.875,42.4805,1009.0547,1,118.04,-91.0,0
m3-109,136,680.01,36.9021,42.2363,1008.9856,1,121.43,-91.0,0
m3-109,137,685.01,36.875,42.4805,1009.0205,1,118.0,-91.0,0
m3-109,138,690.02,36.8854,41.9922,1009.0552,1,121.48,-91.0,0
m3-109,139,695.01,36.8896,42.4805,1009.1565,1,118.13,-91.0,0
m3-109,140,700.02,36.9188,41.9922,1009.1465,1,121.51,-91.0,0
m3-109,141,705.03,36.8792,42.2363,1009.1126,1,118.25,-91.0,0
m3-109,142,710.04,36.9354,41.748,1009.0886,1,121.39,-91.0,0
m3-109,143,715.03,36.925,41.9922,1009.0452,1,118.04,-91.0,0
m3-109,144,720.04,36.9417,41.5039,1009.1597,2,121.42,-91.0,0
m3-109,145,725.04,36.925,41.748,1009.0479,1,118.22,-91.0,0
m3-109,146,730.03,36.925,41.2598,1008.9661,1,121.4,-91.0,0
m3-109,147,735.04,36.9062,41.748,1009.1191,2,118.32,-91.0,0
m3-109,148,740.05,36.9438,41.748,1009.1965,0,121.16,-91.0,0
m3-109,149,745.06,36.9688,41.9922,1009.0754,1,118.28,-91.0,0
m3-109,150,750.05,36.9354,41.748,1009.0176,1,121.14,-91.0,0
m3-109,151,755.06,36.9167,42.2363,1009.1335,2,118.44,-91.0,0
m3-109,152,760.06,36.9625,41.9922,1009.1333,1,121.17,-91.0,0
m3-109,153,765.07,36.9417,42.2363,1009.0606,1,118.42,-91.0,0
m3-109,154,770.06,36.9771,41.9922,1008.9827,1,121.22,-91.0,0
m3-109,155,775.07,36.9625,41.9922,1009.0842,0,118.3,-91.0,0
m3-109,156,780.08,36.9521,41.5039,1008.9482,2,121.14,-91.0,0
m3-109,157,785.07,36.9312,41.2598,1009.0457,1,118.75,-91.0,0
m3-109,158,790.08,36.9646,40.5273,1009.0962,1,121.04,-91.0,0
m3-109,159,795.09,36.9625,41.0156,1009.1331,1,118.55,-91.0,0
m3-109,160,800.09,36.9854,41.0156,1009.0588,0,121.09,-91.0,0
m3-109,161,805.09,36.9688,41.748,1009.0459,1,118.4,-91.0,0
m3-109,162,810.09,36.9833,41.5039,1009.0627,1,121.08,-91.0,0
m3-109,163,815.1,36.9917,41.748,1009.0659,1,118.61,-91.0,0
m3-109,164,820.09,36.9667,41.5039,1009.1538,1,121.05,-91.0,0
m3-109,165,825.1,36.9875,41.748,1009.1814,1,118.59,-91.0,0
m3-109,166,830.11,37.0167,41.5039,1009.0378,1,120.95,-91.0,0
m3-109,167,835.12,36.9729,41.9922,1009.0522,1,118.82,-91.0,0
m3-109,168,840.11,36.9813,41.748,1009.0642,1,120.68,-91.0,0
m3-109,169,845.11,36.9792,41.9922,1009.1138,1,118.8,-91.0,0
m3-109,170,850.12,36.9833,41.748,1009.0366,1,120.99,-91.0,0
m3-109,171,855.11,36.9792,42.2363,1008.9353,1,118.7,-91.0,0
m3-109,172,860.12,36.9292,41.9922,1008.9353,1,120.82,-91.0,0
m3-109,173,865.13,36.9792,42.2363,1008.9807,1,118.76,-91.0,0
m3-109,174,870.14,36.9708,41.748,1009.0552,1,120.72,-91.0,0
m3-109,175,875.13,37.0125,41.9922,1009.0764,1,118.89,-91.0,0
m3-109,176,880.14,37.0021,41.748,1009.0869,1,120.85,-91.0,0
m3-109,177,885.14,37.0083,42.2363,1009.0791,1,118.84,-91.0,0
m3-109,178,890.15,37.0,41.9922,1009.0442,1,120.65,-91.0,0
m3-109,179,895.14,37.025,42.2363,1009.2043,1,118.82,-91.0,0
m3-109,180,900.15,37.0354,41.748,1009.0725,2,120.76,-91.0,0
m3-109,181,905.16,37.0167,42.2363,1008.9993,1,119.05,-91.0,0
m3-109,182,910.15,37.0354,41.9922,1009.0798,1,120.6,-91.0,0
m3-109,183,915.16,37.0229,42.2363,1009.1956,1,119.03,-91.0,0
m3-109,184,920.17,37.05,41.748,1009.1448,1,120.51,-91.0,0
m3-109,185,925.17,37.025,42.2363,1009.2527,2,118.92,-91.0,0
m3-109,186,930.16,37.0271,41.9922,1009.0774,1,120.54,-91.0,0
m3-109,187,935.17,37.0083,42.2363,1009.1721,1,119.09,-91.0,0
m3-109,188,940.18,37.0458,41.9922,1009.0698,1,120.5,-91.0,0
m3-109,189,945.19,37.0021,42.4805,1009.1831,2,119.19,-91.0,0
m3-109,190,950.18,37.0625,42.2363,1009.1502,1,120.32,-91.0,0
m3-109,191,955.19,37.0604,42.2363,1009.0786,0,119.14,-91.0,0
m3-109,192,960.19,37.0229,41.748,1009.053,1,120.42,-91.0,0
m3-109,193,965.2,37.0542,41.9922,1009.1135,1,119.19,-91.0,0
m3-109,194,970.19,37.0708,41.5039,1009.1191,1,120.49,-91.0,0
m3-109,195,975.2,37.0646,41.9922,1009.0522,1,119.23,-91.0,0
m3-109,196,980.21,37.0771,41.9922,1009.1165,0,120.39,-91.0,0
m3-109,197,985.2,37.0479,42.7246,1009.092,1,119.16,-91.0,0
m3-109,198,990.21,37.0604,42.2363,1009.012,1,120.39,-91.0,0
m3-109,199,995.22,37.0625,42.2363,1009.1172,0,119.25,-91.0,0
m3-109,200,1000.21,37.05,41.9922,1009.0908,1,120.47,-91.0,0
m3-109,201,1005.22,37.05,42.2363,1009.1077,1,119.17,-91.0,0
m3-109,202,1010.22,37.0667,41.9922,1009.1418,1,120.46,-91.0,0
m3-109,203,1015.23,37.0729,42.4805,1009.1521,1,119.18,-91.0,0
m3-109,204,1020.22,37.0792,42.4805,1009.1067,0,120.35,-91.0,0
m3-109,205,1025.23,37.0854,42.9688,1009.1162,1,119.39,-91.0,0
m3-109,206,1030.24,37.0812,42.4805,1009.0637,1,120.14,-91.0,0
m3-109,207,1035.23,37.0604,42.7246,1009.0952,1,119.54,-91.0,0
m3-109,208,1040.24,37.0708,42.2363,1009.1211,1,120.11,-91.0,0
m3-109,209,1045.25,37.0458,41.9922,1009.148,1,119.52,-91.0,0
m3-109,210,1050.25,37.0896,41.748,1009.0911,1,120.07,-91.0,0
m3-109,211,1055.24,37.075,42.4805,1009.0435,1,119.4,-91.0,0
m3-109,212,1060.25,37.0729,42.4805,1009.0923,0,120.38,-91.0,0
m3-109,213,1065.26,37.0896,42.4805,1009.2097,0,119.48,-91.0,0
m3-109,214,1070.27,37.1229,41.9922,1009.074,2,119.99,-91.0,0
m3-109,215,1075.26,37.0812,42.2363,1008.9707,1,119.63,-91.0,0
m3-109,216,1080.27,37.0583,41.748,1009.0129,1,119.93,-91.0,0
m3-109,217,1085.27,37.0792,42.2363,1009.061,1,119.69,-91.0,0
m3-109,218,1090.27,37.0542,41.9922,1009.1357,1,120.08,-91.0,0
m3-109,219,1095.27,37.1167,42.4805,1009.0608,1,119.64,-91.0,0
m3-109,220,1100.28,37.0812,42.2363,1008.9949,1,119.88,-91.0,0
m3-109,221,1105.27,37.1021,42.4805,1009.1038,1,119.61,-91.0,0
m3-109,222,1110.28,37.0854,41.9922,1009.0644,1,119.99,-91.0,0
m3-109,223,1115.29,37.0688,42.4805,1009.0237,1,119.69,-91.0,0
m3-109,224,1120.3,37.1,41.9922,1009.0264,1,119.83,-91.0,0
m3-109,225,1125.29,37.075,42.2363,1009.01,1,120.03,-91.0,0
m3-109,226,1130.3,37.0875,41.9922,1009.1516,1,119.72,-91.0,0
m3-109,227,1135.3,37.1125,42.4805,1009.1199,1,119.74,-91.0,0
m3-109,228,1140.31,37.1229,42.2363,1009.0771,1,119.92,-91.0,0
m3-109,229,1145.3,37.1229,42.2363,1009.1272,0,119.71,-91.0,0
m3-109,230,1150.31,37.1146,41.9922,1009.1623,1,119.93,-91.0,0
m3-109,231,1155.32,37.1271,42.2363,1009.0283,1,119.94,-91.0,0
m3-109,232,1160.31,37.1146,41.9922,1009.1873,1,119.72,-91.0,0
m3-109,233,1165.32,37.1437,42.4805,1009.0644,2,119.82,-91.0,0
m3-109,234,1170.32,37.1,42.2363,1009.0088,1,119.77,-91.0,0
m3-109,235,1175.33,37.1125,42.9688,1009.0344,1,120.0,-91.0,0
m3-109,236,1180.32,37.1063,42.7246,1009.0188,1,119.7,-91.0,0
m3-109,237,1185.33,37.1271,43.2129,1009.0659,1,119.96,-91.0,0
m3-109,238,1190.34,37.1083,42.9688,1009.1807,1,119.66,-91.0,0
m3-109,239,1195.33,37.15,43.2129,1009.0073,1,119.88,-91.0,0
m3-109,240,1200.34,37.1104,42.9688,1009.0122,1,119.63,-91.0,0
m3-109,241,1205.35,37.1292,43.7012,1009.0078,1,120.17,-91.0,0
m3-109,242,1210.35,37.1187,43.457,1009.0708,1,119.51,-91.0,0
m3-109,243,1215.35,37.1542,43.9453,1008.9617,2,120.1,-91.0,0
m3-109,244,1220.35,37.15,43.457,1009.0615,1,119.52,-91.0,0
m3-109,245,1225.36,37.15,43.9453,1009.1475,1,119.96,-91.0,0
m3-109,246,1230.35,37.1187,43.9453,1008.9924,0,119.58,-91.0,0
m3-109,247,1235.36,37.1104,44.1895,1008.9876,1,120.14,-91.0,0
m3-109,248,1240.37,37.125,43.9453,1009.1206,1,119.55,-91.0,0
m3-109,249,1245.38,37.175,44.1895,1009.0652,1,120.13,-91.0,0
m3-109,250,1250.37,37.1479,43.9453,1009.072,1,119.35,-91.0,0
m3-109,251,1255.37,37.1729,44.4336,1009.1147,1,120.25,-91.0,0
m3-109,252,1260.38,37.1792,44.4336,1008.9849,0,119.32,-91.0,0
m3-109,253,1265.37,37.1667,44.6777,1009.0789,1,120.33,-91.0,0
m3-109,254,1270.38,37.175,44.4336,1009.0342,1,119.52,-91.0,0
m3-109,255,1275.39,37.1708,44.6777,1009.0337,1,120.28,-91.0,0
m3-109,256,1280.38,37.175,44.4336,1008.9746,1,119.18,-91.0,0
m3-109,257,1285.39,37.125,44.4336,1009.0508,0,120.35,-91.0,0
m3-109,258,1290.4,37.1688,44.1895,1009.0598,1,119.18,-91.0,0
m3-109,259,1295.4,37.1542,44.9219,1009.2075,2,120.47,-91.0,0
m3-109,260,1300.4,37.1521,44.1895,1009.0352,2,119.26,-91.0,0
m3-109,261,1305.4,37.15,41.2598,1009.0186,1,120.45,-91.0,0
m3-109,262,1310.41,37.1625,44.4336,1009.0911,1,119.08,-91.0,0
m3-109,263,1315.4,37.1708,44.9219,1009.0828,1,120.39,-91.0,0
m3-109,264,1320.41,37.1625,44.1895,1009.0159,1,119.24,-91.0,0
m3-109,265,1325.42,37.1625,44.6777,1009.0129,1,120.45,-91.0,0
m3-109,266,1330.43,37.175,44.1895,1009.0222,1,119.07,-91.0,0
m3-109,267,1335.42,37.1708,44.4336,1009.0325,1,120.75,-91.0,0
m3-109,268,1340.42,37.1729,44.1895,1009.0483,1,118.91,-91.0,0
m3-109,269,1345.43,37.1792,44.6777,1008.9167,2,120.54,-91.0,0
m3-109,270,1350.42,37.1708,44.6777,1008.999,0,119.23,-91.0,0
m3-109,271,1355.43,37.1979,44.9219,1008.9304,1,120.53,-91.0,0
m3-109,272,1360.44,37.1646,44.6777,1008.9373,1,119.12,-91.0,0
m3-109,273,1365.45,37.2104,45.4102,1009.0144,2,120.63,-91.0,0
m3-109,274,1370.44,37.1958,45.166,1008.9346,1,118.85,-91.0,0
m3-109,275,1375.45,37.1479,45.6543,1008.9729,1,120.62,-91.0,0
m3-109,276,1380.45,37.1917,45.166,1009.0249,1,118.93,-91.0,0
m3-109,277,1385.45,37.1833,45.4102,1008.9644,1,120.79,-91.0,0
m3-109,278,1390.45,37.1771,45.166,1009.0361,1,118.87,-91.0,0
m3-109,279,1395.46,37.1938,44.9219,1009.0398,1,120.83,-91.0,0
m3-109,280,1400.47,37.1917,44.4336,1008.9863,1,118.97,-91.0,0
m3-109,281,1405.46,37.1833,44.6777,1008.97,1,120.65,-91.0,0
m3-109,282,1410.47,37.1917,44.1895,1009.0813,2,118.92,-91.0,0
m3-109,283,1415.48,37.2146,44.4336,1009.0813,1,120.93,-91.0,0
m3-109,284,1420.48,37.1833,44.4336,1008.9827,0,118.75,-91.0,0
m3-109,285,1425.48,37.2042,44.9219,1009.0676,1,120.89,-91.0,0
m3-109,286,1430.48,37.2188,44.4336,1008.9561,2,118.75,-91.0,0
m3-109,287,1435.49,37.175,44.9219,1008.9971,1,121.04,-91.0,0
m3-109,288,1440.48,37.1917,44.6777,1008.9348,1,118.68,-91.0,0
m3-109,289,1445.49,37.1979,45.166,1009.0654,2,121.03,-91.0,0
m3-109,290,1450.5,37.2167,44.9219,1008.9536,1,118.87,-91.0,0
m3-109,291,1455.51,37.1875,45.4102,1008.9866,1,120.91,-91.0,0
m3-109,292,1460.5,37.1896,45.166,1009.0078,1,118.57,-91.0,0
m3-109,293,1465.5,37.1896,45.6543,1008.9075,1,121.03,-91.0,0
m3-109,294,1470.51,37.2021,45.6543,1008.9751,0,118.56,-91.0,0
m3-109,295,1475.5,37.2083,45.8984,1008.9922,1,121.09,-91.0,0
m3-109,296,1480.51,37.2125,45.8984,1008.8552,0,118.7,-91.0,0
m3-109,297,1485.52,37.2271,46.1426,1008.946,1,120.98,-91.0,0
m3-109,298,1490.53,37.2125,45.8984,1008.9905,1,118.48,-91.0,0
m3-109,299,1495.52,37.2188,46.1426,1008.9805,1,121.12,-91.0,0
m3-109,300,1500.53,37.2083,45.8984,1009.0872,1,118.44,-91.0,0
m3-109,301,1505.53,37.2604,46.3867,1009.0308,1,121.18,-91.0,0
m3-109,302,1510.53,37.2437,46.1426,1008.915,1,118.5,-91.0,0
m3-109,303,1515.53,37.225,46.6309,1008.9036,1,121.16,-91.0,0
m3-109,304,1520.54,37.2083,46.1426,1009.0005,1,118.29,-91.0,0
m3-109,305,1525.55,37.2313,46.6309,1009.0164,1,121.37,-91.0,0
m3-109,306,1530.54,37.2396,46.3867,1008.9426,1,118.24,-91.0,0
m3-109,307,1535.55,37.2375,46.3867,1009.0168,0,121.23,-91.0,0
m3-109,308,1540.56,37.2417,46.3867,1008.9346,0,118.3,-91.0,0
m3-109,309,1545.56,37.2437,46.6309,1009.0183,1,121.5,-91.0,0
m3-109,310,1550.55,37.2563,46.6309,1008.9416,0,118.21,-91.0,0
m3-109,311,1555.56,37.2271,47.1191,1008.981,1,121.31,-91.0,0
m3-109,312,1560.57,37.2479,46.6309,1008.939,1,118.34,-91.0,0
m3-109,313,1565.56,37.2437,47.1191,1008.9167,1,121.34,-91.0,0
m3-109,314,1570.57,37.2583,46.875,1008.9797,1,118.3,-91.0,0
m3-109,315,1575.58,37.2375,47.1191,1008.9104,1,121.42,-91.0,0
m3-109,316,1580.58,37.2646,46.6309,1008.8538,1,118.09,-91.0,0
m3-109,317,1585.58,37.2188,47.1191,1008.9766,2,121.42,-91.0,0
m3-109,318,1590.58,37.2458,46.875,1008.8865,1,118.13,-91.0,0
m3-109,319,1595.59,37.2396,47.1191,1008.9639,1,121.57,-91.0,0
m3-109,320,1600.58,37.2646,46.3867,1009.0176,1,118.15,-91.0,0
m3-109,321,1605.59,37.2521,46.6309,1008.9907,1,121.54,-91.0,0
m3-109,322,1610.6,37.2729,46.6309,1008.9949,0,118.05,-91.0,0
m3-109,323,1615.61,37.2458,47.3633,1008.946,1,121.59,-91.0,0
m3-109,324,1620.6,37.2521,47.1191,1008.9358,1,117.9,-91.0,0
m3-109,325,1625.61,37.2625,47.1191,1008.9231,0,121.71,-91.0,0
m3-109,326,1630.61,37.2458,46.6309,1008.9724,1,118.05,-91.0,0
m3-109,327,1635.6,37.2875,47.1191,1009.0508,1,121.57,-91.0,0
m3-109,328,1640.61,37.2812,46.6309,1008.9854,1,118.06,-91.0,0
m3-109,329,1645.62,37.2687,47.1191,1009.0339,1,121.69,-91.0,0
m3-109,330,1650.63,37.2854,46.875,1008.9839,1,117.75,-91.0,0
m3-109,331,1655.62,37.2708,47.3633,1008.9153,1,121.77,-91.0,0
m3-109,332,1660.63,37.2479,46.875,1008.8511,1,117.86,-91.0,0
m3-109,333,1665.63,37.2771,47.1191,1008.9014,1,121.79,-91.0,0
m3-109,334,1670.63,37.2542,47.1191,1008.8716,0,117.93,-91.0,0
m3-109,335,1675.63,37.2542,47.3633,1008.8142,1,121.73,-91.0,0
m3-109,336,1680.64,37.2354,46.875,1008.9644,2,117.82,-91.0,0
m3-109,337,1685.65,37.2687,46.6309,1008.959,1,121.9,-91.0,0
m3-109,338,1690.64,37.2875,46.3867,1008.9924,1,117.94,-91.0,0
m3-109,339,1695.65,37.2542,46.6309,1008.938,1,121.78,-91.0,0
m3-109,340,1700.66,37.2646,45.8984,1008.9614,1,117.76,-91.0,0
m3-109,341,1705.65,37.2833,45.8984,1008.9033,0,121.77,-91.0,0
m3-109,342,1710.66,37.2771,45.6543,1009.0022,1,117.84,-91.0,0
m3-109,343,1715.66,37.2583,46.3867,1008.9448,1,121.86,-91.0,0
m3-109,344,1720.67,37.2938,45.8984,1009.0915,2,117.73,-91.0,0
m3-109,345,1725.66,37.275,46.1426,1008.9141,1,121.97,-91.0,0
m3-109,346,1730.67,37.2958,45.6543,1008.9583,1,117.67,-91.0,0
m3-109,347,1735.68,37.2875,45.8984,1009.0017,1,122.03,-91.0,0
m3-109,348,1740.67,37.2979,45.8984,1008.8926,0,117.56,-91.0,0
m3-109,349,1745.68,37.2812,46.6309,1008.9605,1,122.09,-91.0,0
m3-109,350,1750.68,37.2854,46.3867,1008.9436,1,117.71,-91.0,0
m3-109,351,1755.69,37.2854,46.1426,1009.0264,1,122.05,-91.0,0
m3-109,352,1760.68,37.3125,45.8984,1009.0496,1,117.5,-91.0,0
m3-109,353,1765.69,37.3125,46.3867,1008.9424,1,122.04,-91.0,0
m3-109,354,1770.7,37.2729,45.8984,1008.9692,1,117.64,-91.0,0
m3-109,355,1775.69,37.3167,46.3867,1008.9839,1,122.21,-91.0,0
m3-109,356,1780.7,37.2875,45.4102,1008.9517,1,117.53,-91.0,0
m3-109,357,1785.71,37.3042,46.1426,1008.967,1,122.14,-91.0,0
m3-109,358,1790.71,37.3062,46.3867,1008.9299,1,117.44,-91.0,0
m3-109,359,1795.71,37.2979,45.8984,1008.9102,1,122.05,-91.0,0
m3-109,360,1800.71,37.275,46.6309,1008.9026,1,117.53,-91.0,0
m3-109,361,1805.72,37.2896,46.875,1008.9744,1,122.32,-91.0,0
m3-109,362,1810.71,37.2938,46.875,1008.8816,0,117.36,-91.0,0
m3-109,363,1815.72,37.3042,46.875,1008.9126,0,122.23,-91.0,0
m3-109,364,1820.73,37.3062,46.3867,1008.977,1,117.41,-91.0,0
m3-109,365,1825.74,37.3125,46.6309,1008.8865,1,122.25,-91.0,0
m3-109,366,1830.73,37.2958,46.1426,1009.0413,2,117.34,-91.0,0
m3-109,367,1835.74,37.3354,45.8984,1008.9123,1,122.45,-91.0,0
m3-109,368,1840.74,37.3167,45.6543,1008.896,1,117.43,-91.0,0
m3-109,369,1845.73,37.2812,46.1426,1008.9197,1,122.13,-91.0,0
m3-109,370,1850.74,37.3083,46.3867,1009.0112,1,117.42,-91.0,0
m3-109,371,1855.75,37.3021,46.1426,1008.9334,1,122.13,-91.0,0
m3-109,372,1860.76,37.3229,45.6543,1008.9644,1,117.51,-91.0,0
m3-109,373,1865.75,37.3312,45.8984,1008.9294,1,122.25,-91.0,0
m3-109,374,1870.76,37.3208,45.166,1008.9236,1,117.5,-91.0,0
m3-109,375,1875.76,37.3312,45.4102,1008.8645,1,122.07,-91.0,0
m3-109,376,1880.77,37.2938,45.4102,1008.8562,0,117.54,-91.0,0
m3-109,377,1885.76,37.3125,45.4102,1008.9233,0,122.22,-91.0,0
m3-109,378,1890.77,37.2979,45.166,1008.9326,1,117.53,-91.0,0
m3-109,379,1895.78,37.3125,45.6543,1008.9421,1,122.13,-91.0,0
m3-109,380,1900.77,37.3104,45.4102,1008.8857,1,117.55,-91.0,0
m3-109,381,1905.78,37.2979,45.166,1008.8071,1,121.98,-91.0,0
m3-109,382,1910.79,37.325,45.166,1008.8481,0,117.74,-91.0,0
m3-109,383,1915.79,37.2833,45.4102,1008.8787,1,121.96,-91.0,0
m3-109,384,1920.79,37.3146,45.166,1008.9292,1,117.81,-91.0,0
m3-109,385,1925.79,37.3021,44.9219,1008.8765,1,122.02,-91.0,0
m3-109,386,1930.8,37.2938,44.4336,1008.9695,1,117.91,-91.0,0
m3-109,387,1935.79,37.3563,44.4336,1008.9104,0,121.88,-91.0,0
m3-109,388,1940.8,37.2854,44.1895,1008.939,1,117.72,-91.0,0
m3-109,389,1945.81,37.3188,43.9453,1008.9785,1,121.86,-91.0,0
m3-109,390,1950.82,37.3208,44.1895,1008.9739,1,118.02,-91.0,0
m3-109,391,1955.81,37.3146,44.4336,1008.9758,1,121.8,-91.0,0
m3-109,392,1960.81,37.3167,44.6777,1008.9665,1,117.83,-91.0,0
m3-109,393,1965.82,37.3333,44.4336,1008.8423,1,121.78,-91.0,0
m3-109,394,1970.81,37.3354,44.9219,1008.915,1,118.0,-91.0,0
m3-109,395,1975.82,37.3125,44.6777,1008.7744,1,121.8,-91.0,0
m3-109,396,1980.83,37.3021,45.166,1008.897,2,117.92,-91.0,0
m3-109,397,1985.84,37.2979,44.9219,1008.8284,1,121.8,-91.0,0
m3-109,398,1990.84,37.3188,45.4102,1008.833,1,117.97,-91.0,0
m3-109,399,1995.84,37.3042,44.9219,1008.8652,1,121.7,-91.0,0
m3-109,400,2000.84,37.3208,45.166,1008.8508,1,118.09,-91.0,0
m3-109,401,2005.85,37.2958,44.9219,1008.959,1,121.51,-91.0,0
m3-109,402,2010.84,37.3521,45.6543,1008.9724,1,118.25,-91.0,0
m3-109,403,2015.85,37.3438,45.4102,1008.9998,1,121.68,-91.0,0
m3-109,404,2020.86,37.35,45.8984,1008.904,1,118.08,-91.0,0
m3-109,405,2025.87,37.3312,45.4102,1008.9348,1,121.59,-91.0,0
m3-109,406,2030.86,37.3417,45.6543,1008.9841,1,118.0,-91.0,0
m3-109,407,2035.87,37.3083,45.166,1008.9062,1,121.57,-91.0,0
m3-109,408,2040.87,37.2979,45.8984,1009.0154,2,118.25,-91.0,0
m3-109,409,2045.88,37.3396,45.6543,1008.968,1,121.63,-91.0,0
m3-109,410,2050.87,37.3292,45.8984,1008.895,1,118.23,-91.0,0
m3-109,411,2055.88,37.3104,45.4102,1008.9053,1,121.4,-91.0,0
m3-109,412,2060.89,37.3125,45.6543,1008.9746,1,118.21,-91.0,0
m3-109,413,2065.9,37.3292,45.6543,1008.9663,0,121.43,-91.0,0
m3-109,414,2070.89,37.3312,45.6543,1008.884,0,118.41,-91.0,0
m3-109,415,2075.89,37.3188,45.4102,1008.9282,1,121.31,-91.0,0
m3-109,416,2080.9,37.3292,46.1426,1008.9983,1,118.44,-91.0,0
m3-109,417,2085.89,37.3292,45.6543,1008.9873,1,121.18,-91.0,0
m3-109,418,2090.9,37.3583,46.1426,1008.8853,2,118.38,-91.0,0
m3-109,419,2095.91,37.3333,45.8984,1008.8579,1,121.32,-91.0,0
m3-109,420,2100.9,37.3021,46.1426,1008.9534,1,118.38,-91.0,0
m3-109,421,2105.91,37.3479,45.8984,1008.9033,1,121.38,-91.0,0
m3-109,422,2110.92,37.3417,46.1426,1008.9475,1,118.52,-91.0,0
m3-109,423,2115.92,37.3292,45.6543,1008.9609,1,121.07,-91.0,0
m3-109,424,2120.92,37.3563,46.1426,1008.8774,1,118.48,-91.0,0
m3-109,425,2125.92,37.3417,46.1426,1008.8909,0,121.13,-91.0,0
m3-109,426,2130.93,37.3646,45.8984,1008.8633,1,118.59,-91.0,0
m3-109,427,2135.94,37.3563,45.6543,1008.9377,1,121.17,-91.0,0
m3-109,428,2140.93,37.3417,46.3867,1009.0205,1,118.6,-91.0,0
m3-109,429,2145.94,37.3667,46.1426,1009.0537,1,121.11,-91.0,0
m3-109,430,2150.95,37.3521,46.6309,1008.9646,1,118.44,-91.0,0
m3-109,431,2155.95,37.3312,46.3867,1009.0303,1,121.16,-91.0,0
m3-109,432,2160.94,37.3583,46.875,1008.9592,1,118.73,-91.0,0
m3-109,433,2165.95,37.3354,46.3867,1008.9524,1,120.96,-91.0,0
m3-109,434,2170.96,37.3729,46.6309,1008.96,1,118.82,-91.0,0
m3-109,435,2175.95,37.3667,46.1426,1008.9241,1,120.96,-91.0,0
m3-109,436,2180.96,37.35,46.6309,1009.0522,2,118.64,-91.0,0
m3-109,437,2185.97,37.3792,46.1426,1008.9822,1,121.01,-91.0,0
m3-109,438,2190.98,37.3521,46.6309,1008.9531,1,118.8,-91.0,0
m3-109,439,2195.97,37.3542,46.6309,1008.9915,0,120.96,-91.0,0
