node_id,step,time_s,temperature,luminosity,pressure,sensor_volatility,power_mw,rssi,channel_quality
m3-1,1,4.55,43.9271,248.5352,995.281,1,119.86,-91.0,2
m3-1,2,9.56,43.9542,248.291,995.2703,1,122.53,-91.0,2
m3-1,3,14.56,43.9875,249.0234,995.1555,2,120.35,-91.0,2
m3-1,4,19.57,43.9729,247.5586,995.2878,2,122.46,-91.0,2
m3-1,5,24.57,44.025,259.0332,995.1223,2,120.36,-91.0,2
m3-1,6,29.57,44.0,253.9062,995.2449,2,122.45,-91.0,2
m3-1,7,34.58,44.0354,252.6856,995.1948,1,120.27,-91.0,2
m3-1,8,39.58,44.0562,258.3008,995.2234,1,122.75,-91.0,2
m3-1,9,44.58,44.0479,252.4414,995.2773,1,120.18,-91.0,2
m3-1,10,49.59,44.0896,262.207,995.2573,1,122.67,-91.0,2
m3-1,11,54.6,44.1375,252.9297,995.1101,2,120.18,-91.0,2
m3-1,12,59.6,44.0792,252.6856,995.1751,1,122.69,-91.0,2
m3-1,13,64.6,44.1354,254.6387,995.1243,1,120.24,-91.0,2
m3-1,14,69.61,44.1167,253.1738,995.179,1,122.66,-91.0,2
m3-1,15,74.61,44.1479,255.6152,995.2158,1,120.16,-91.0,2
m3-1,16,79.62,44.1896,255.1269,995.2461,1,122.91,-91.0,2
m3-1,17,84.62,44.175,255.6152,995.2456,1,119.95,-91.0,2
m3-1,18,89.63,44.2083,256.1035,995.063,2,122.92,-91.0,2
m3-1,19,94.63,44.1833,266.1133,995.115,1,120.07,-91.0,2
m3-1,20,99.63,44.2083,257.0801,995.2446,2,122.84,-91.0,2
m3-1,21,104.64,44.2521,258.5449,995.155,2,120.11,-91.0,2
m3-1,22,109.64,44.2188,266.8457,995.187,1,122.85,-91.0,2
m3-1,23,114.65,44.2563,275.3906,995.1831,1,119.96,-91.0,2
m3-1,24,119.65,44.2667,265.1367,995.2463,1,123.08,-91.0,2
m3-1,25,124.69,44.2917,265.625,995.1836,1,119.86,-91.0,2
m3-1,26,129.66,44.2979,270.0195,995.2519,1,123.09,-91.0,2
m3-1,27,134.66,44.3354,273.6816,995.1956,1,119.82,-91.0,2
m3-1,28,139.67,44.3208,272.2168,995.1406,1,123.1,-91.0,2
m3-1,29,144.67,44.3312,273.6816,995.1741,1,119.86,-91.0,2
m3-1,30,149.68,44.3396,272.4609,995.0915,1,123.03,-91.0,2
m3-1,31,154.68,44.3375,271.4844,995.1335,1,119.9,-91.0,2
m3-1,32,159.68,44.3625,271.9727,995.1714,1,123.19,-91.0,2
m3-1,33,164.69,44.3771,272.7051,995.1892,1,119.57,-91.0,2
m3-1,34,169.69,44.3729,273.6816,995.2061,1,123.37,-91.0,2
m3-1,35,174.7,44.4417,273.9258,995.1213,1,119.6,-91.0,2
m3-1,36,179.7,44.4292,274.9023,995.104,1,123.36,-91.0,2
m3-1,37,184.71,44.4229,275.1465,995.1765,1,119.61,-91.0,2
m3-1,38,189.71,44.4646,276.123,995.1189,1,123.34,-91.0,2
m3-1,39,194.74,44.4354,275.3906,995.0981,1,119.46,-91.0,2
m3-1,40,199.72,44.4604,276.123,995.0344,1,123.57,-91.0,2
m3-1,41,204.72,44.4708,276.6113,995.0388,1,119.35,-91.0,2
m3-1,42,209.73,44.4771,278.0762,995.1284,1,123.61,-91.0,2
m3-1,43,214.73,44.4917,278.0762,995.2454,0,119.35,-91.0,2
m3-1,44,219.73,44.5271,279.0527,995.2178,1,123.61,-91.0,2
m3-1,45,224.74,44.5333,278.0762,995.1523,1,119.42,-91.0,2
m3-1,46,229.74,44.5333,279.0527,995.1912,1,123.52,-91.0,2
m3-1,47,234.75,44.5604,279.541,995.1609,1,119.46,-91.0,2
m3-1,48,239.75,44.5375,279.0527,995.1936,1,123.5,-91.0,2
m3-1,49,244.76,44.5812,279.2969,995.1209,1,119.36,-91.0,2
m3-1,50,249.76,44.5542,278.8086,995.1519,1,123.81,-91.0,2
m3-1,51,254.77,44.5854,278.5645,995.1094,1,119.26,-91.0,2
m3-1,52,259.77,44.5771,280.2734,995.1499,1,123.73,-91.0,2
m3-1,53,264.77,44.6042,279.2969,995.0723,1,119.28,-91.0,2
m3-1,54,269.78,44.5896,280.0293,995.1531,1,123.69,-91.0,2
m3-1,55,274.78,44.6021,280.2734,995.1606,1,119.26,-91.0,2
m3-1,56,279.79,44.6146,281.25,995.1882,1,123.69,-91.0,2
m3-1,57,284.79,44.6313,282.4707,995.1028,1,119.3,-91.0,2
m3-1,58,289.8,44.6458,282.7148,995.2046,1,123.76,-91.0,2
m3-1,59,294.8,44.6313,281.7383,995.2346,1,119.22,-91.0,2
m3-1,60,299.8,44.6417,281.9824,995.2624,1,123.8,-91.0,2
m3-1,61,304.81,44.6896,282.7148,995.1448,2,119.17,-91.0,2
m3-1,62,309.81,44.6729,282.959,995.0955,1,123.88,-91.0,2
m3-1,63,314.82,44.6604,283.4473,995.115,1,119.13,-91.0,2
m3-1,64,319.82,44.6729,282.959,995.1648,1,123.87,-91.0,2
m3-1,65,324.83,44.6521,282.2266,995.1013,1,119.34,-91.0,2
m3-1,66,329.83,44.7062,282.959,995.1738,1,123.58,-91.0,2
m3-1,67,334.83,44.7,284.1797,995.2329,1,119.37,-91.0,2
m3-1,68,339.84,44.75,284.668,995.1943,1,123.65,-91.0,2
m3-1,69,344.84,44.7375,283.2031,995.2141,1,119.31,-91.0,2
m3-1,70,349.85,44.7604,282.4707,995.2188,1,123.69,-91.0,2
m3-1,71,354.85,44.7437,281.9824,995.2488,1,119.34,-91.0,2
m3-1,72,359.86,44.7771,283.2031,995.23,1,123.72,-91.0,2
m3-1,73,364.86,44.7792,283.2031,995.1755,0,119.21,-91.0,2
m3-1,74,369.86,44.7729,282.4707,995.1514,1,123.81,-91.0,2
m3-1,75,374.87,44.7812,281.0059,995.1794,1,119.42,-91.0,2
m3-1,76,379.87,44.7917,279.7852,995.2441,1,123.5,-91.0,2
m3-1,77,384.87,44.8188,280.2734,995.1692,1,119.55,-91.0,2
m3-1,78,389.92,44.7938,279.0527,995.134,1,123.37,-91.0,2
m3-1,79,394.88,44.8208,277.5879,995.1638,1,119.62,-91.0,2
m3-1,80,399.89,44.8354,277.0996,995.1504,1,123.53,-91.0,2
m3-1,81,404.89,44.8333,275.8789,995.1338,1,119.53,-91.0,2
m3-1,82,409.94,44.8417,271.9727,995.2222,1,123.42,-91.0,2
m3-1,83,414.9,44.8729,268.3105,995.2849,1,119.82,-91.0,2
m3-1,84,419.9,44.8958,267.5781,995.1875,2,123.31,-91.0,2
m3-1,85,424.91,44.8625,267.334,995.1799,1,119.88,-91.0,2
m3-1,86,429.91,44.8833,267.334,995.1958,0,123.3,-91.0,2
m3-1,87,434.92,44.8917,268.7988,995.1687,1,119.89,-91.0,2
m3-1,88,439.92,44.8979,269.5312,995.1514,1,123.35,-91.0,2
m3-1,89,444.92,44.9104,272.4609,995.1431,1,119.78,-91.0,2
m3-1,90,449.93,44.9229,274.1699,995.2617,2,123.42,-91.0,2
m3-1,91,454.97,44.9188,273.6816,995.043,2,119.99,-91.0,2
m3-1,92,459.93,44.9208,274.1699,995.0515,1,123.24,-91.0,2
m3-1,93,464.94,44.9125,280.5176,995.1184,1,119.85,-91.0,2
m3-1,94,469.99,44.9146,281.0059,995.1401,1,123.14,-91.0,2
m3-1,95,474.95,44.925,280.5176,995.1843,1,119.94,-91.0,2
m3-1,96,479.95,44.9271,282.959,995.1392,1,123.18,-91.0,2
m3-1,97,484.96,44.9521,281.25,995.0791,1,119.93,-91.0,2
m3-1,98,489.96,44.9562,276.123,995.2239,2,123.22,-91.0,2
m3-1,99,494.97,44.975,273.9258,995.1802,1,119.94,-91.0,2
m3-1,100,499.97,44.9979,273.6816,995.2039,1,123.12,-91.0,2
m3-1,101,504.98,44.9854,272.9492,995.1499,1,120.21,-91.0,2
m3-1,102,509.98,44.9792,267.0898,995.0867,1,122.99,-91.0,2
m3-1,103,514.98,44.9979,265.3809,995.2481,2,120.29,-91.0,2
m3-1,104,519.99,44.9917,271.4844,995.1343,2,122.99,-91.0,2
m3-1,105,524.99,44.9896,273.4375,995.1689,1,120.22,-91.0,2
m3-1,106,530.0,44.9979,268.0664,995.1694,1,122.99,-91.0,2
m3-1,107,535.0,45.0146,259.0332,995.1338,1,120.24,-91.0,2
m3-1,108,540.0,45.0125,246.582,995.116,1,123.07,-91.0,2
m3-1,109,545.05,45.0396,234.1309,995.1821,1,120.54,-91.0,2
m3-1,110,550.01,45.0271,227.7832,995.0349,2,122.88,-91.0,2
m3-1,111,555.02,45.0167,231.9336,995.0723,1,120.7,-91.0,2
m3-1,112,560.02,45.025,238.5254,995.0676,1,122.89,-91.0,2
m3-1,113,565.02,45.0438,250.2441,995.1611,2,120.6,-91.0,2
m3-1,114,570.03,45.0604,263.916,995.1362,1,122.81,-91.0,2
m3-1,115,575.03,45.0688,273.9258,995.0757,1,120.47,-91.0,2
m3-1,116,580.04,45.0854,278.8086,995.1873,2,122.8,-91.0,2
m3-1,117,585.04,45.0792,281.7383,995.0737,2,120.35,-91.0,2
m3-1,118,590.04,45.0688,283.6914,995.1318,1,122.65,-91.0,2
m3-1,119,595.05,45.0729,284.4238,995.1628,1,120.59,-91.0,2
m3-1,120,600.06,45.0896,283.4473,995.0881,1,122.51,-91.0,2
m3-1,121,605.06,45.0708,281.9824,995.1025,1,120.61,-91.0,2
m3-1,122,610.06,45.1021,279.2969,995.1126,1,122.59,-91.0,2
m3-1,123,615.06,45.1104,281.0059,995.1038,1,120.55,-91.0,2
m3-1,124,620.07,45.1,281.0059,995.1245,0,122.64,-91.0,2
m3-1,125,625.07,45.1083,281.7383,995.1511,1,120.55,-91.0,2
m3-1,126,630.08,45.1375,281.4941,995.1355,1,122.46,-91.0,2
m3-1,127,635.08,45.125,278.3203,995.1484,1,120.84,-91.0,2
m3-1,128,640.09,45.1333,279.2969,995.1052,1,122.37,-91.0,2
m3-1,129,645.09,45.1458,288.8184,995.2915,2,120.83,-91.0,2
m3-1,130,650.1,45.1812,287.8418,995.2275,1,122.33,-91.0,2
m3-1,131,655.1,45.1812,287.3535,995.0112,2,120.82,-91.0,2
m3-1,132,660.1,45.1313,287.8418,995.0674,1,122.29,-91.0,2
m3-1,133,665.11,45.15,291.5039,995.1731,2,120.8,-91.0,2
m3-1,134,670.11,45.1958,291.9922,995.0432,2,122.31,-91.0,2
m3-1,135,675.12,45.1667,293.457,995.136,2,120.91,-91.0,2
m3-1,136,680.12,45.1854,295.4102,995.062,1,122.0,-91.0,2
m3-1,137,685.12,45.1688,295.4102,995.054,0,121.0,-91.0,2
m3-1,138,690.13,45.1688,296.1426,995.1594,2,122.0,-91.0,2
m3-1,139,695.17,45.2104,296.1426,995.21,0,121.18,-91.0,2
m3-1,140,700.14,45.225,294.9219,995.1585,1,121.91,-91.0,2
m3-1,141,705.14,45.2167,299.0723,995.1462,1,120.9,-91.0,2
m3-1,142,710.15,45.2062,295.166,995.1213,1,122.11,-91.0,2
m3-1,143,715.15,45.2167,286.6211,995.1475,1,120.91,-91.0,2
m3-1,144,720.15,45.2104,282.7148,995.145,1,122.23,-91.0,2
m3-1,145,725.16,45.225,268.5547,995.1128,1,121.08,-91.0,2
m3-1,146,730.16,45.225,266.3574,995.1611,1,122.08,-91.0,2
m3-1,147,735.17,45.2292,264.8926,995.0996,1,121.26,-91.0,2
m3-1,148,740.21,45.2229,262.4512,995.135,1,121.93,-91.0,2
m3-1,149,745.17,45.2333,273.1934,995.1443,1,121.4,-91.0,2
m3-1,150,750.18,45.2896,276.6113,995.1001,1,121.98,-91.0,2
m3-1,151,755.18,45.2563,269.2871,995.1321,1,121.25,-91.0,2
m3-1,152,760.23,45.2667,276.8555,995.1592,1,121.99,-91.0,2
m3-1,153,765.19,45.2646,282.2266,995.1106,1,121.4,-91.0,2
m3-1,154,770.19,45.2583,271.9727,995.1362,1,121.69,-91.0,2
m3-1,155,775.2,45.2875,262.207,995.1374,1,121.54,-91.0,2
m3-1,156,780.2,45.3,261.7188,995.0593,1,121.8,-91.0,2
m3-1,157,785.2,45.2979,272.2168,995.1328,1,121.49,-91.0,2
m3-1,158,790.21,45.3021,274.6582,995.0159,2,121.83,-91.0,2
m3-1,159,795.21,45.3,272.2168,995.0615,1,121.38,-91.0,2
m3-1,160,800.22,45.3188,273.4375,995.1226,1,121.85,-91.0,2
m3-1,161,805.22,45.3188,279.7852,995.24,2,121.36,-91.0,2
m3-1,162,810.22,45.3625,279.541,995.1523,1,121.86,-91.0,2
m3-1,163,815.23,45.3188,273.4375,995.1482,1,121.47,-91.0,2
m3-1,164,820.23,45.3479,277.0996,995.1829,1,121.59,-91.0,2
m3-1,165,825.24,45.3438,274.4141,995.0703,2,121.61,-91.0,2
m3-1,166,830.24,45.3312,278.8086,995.1523,1,121.59,-91.0,2
m3-1,167,835.24,45.3458,279.7852,995.2732,2,121.67,-91.0,2
m3-1,168,840.25,45.3729,281.7383,995.1628,2,121.56,-91.0,2
m3-1,169,845.25,45.3625,274.4141,995.2146,1,121.62,-91.0,2
m3-1,170,850.25,45.3625,267.5781,995.1384,1,121.64,-91.0,2
m3-1,171,855.26,45.3854,268.5547,995.1172,1,121.82,-91.0,2
m3-1,172,860.31,45.3563,272.7051,995.054,1,121.34,-91.0,2
m3-1,173,865.27,45.3792,272.7051,995.1296,0,121.92,-91.0,2
m3-1,174,870.27,45.3854,263.1836,995.1497,1,121.41,-91.0,2
m3-1,175,875.28,45.3771,256.8359,995.1704,1,121.93,-91.0,2
m3-1,176,880.28,45.4,256.5918,995.0977,1,121.56,-91.0,2
m3-1,177,885.28,45.3875,266.3574,995.2485,2,121.9,-91.0,2
m3-1,178,890.29,45.4229,274.4141,995.145,2,121.53,-91.0,2
m3-1,179,895.29,45.4167,284.4238,995.093,1,121.76,-91.0,2
m3-1,180,900.3,45.3917,277.0996,995.1257,1,121.4,-91.0,2
m3-1,181,905.3,45.3979,275.8789,995.1685,1,122.04,-91.0,2
m3-1,182,910.3,45.4062,287.8418,995.1519,1,121.23,-91.0,2
m3-1,183,915.31,45.4125,294.9219,995.1269,1,122.04,-91.0,2
m3-1,184,920.31,45.4229,285.1562,995.2283,2,121.16,-91.0,2
m3-1,185,925.32,45.4438,281.4941,995.2358,1,122.02,-91.0,2
m3-1,186,930.32,45.4479,283.4473,995.2256,1,121.26,-91.0,2
m3-1,187,935.32,45.4479,281.9824,995.2546,1,122.03,-91.0,2
m3-1,188,940.33,45.475,292.4805,995.2471,1,121.2,-91.0,2
m3-1,189,945.33,45.4708,302.4902,995.283,1,122.14,-91.0,2
m3-10,1,4.55,43.3604,134.0332,997.7065,2,115.31,-91.0,2
m3-10,2,9.56,43.3208,135.2539,997.8489,2,117.34,-91.0,2
m3-10,3,14.56,43.3813,136.4746,997.5696,2,115.9,-91.0,2
m3-10,4,19.56,43.375,137.4512,997.6404,1,117.36,-91.0,2
m3-10,5,24.57,43.4292,140.3809,997.8247,2,115.8,-91.0,2
m3-10,6,29.57,43.4333,138.6719,997.8247,1,117.38,-91.0,2
m3-10,7,34.58,43.4479,140.3809,997.761,1,115.82,-91.0,2
m3-10,8,39.58,43.4604,140.625,997.6567,1,117.46,-91.0,2
m3-10,9,44.58,43.4896,142.334,997.488,2,115.75,-91.0,2
m3-10,10,49.63,43.4667,143.3106,997.8176,2,117.49,-91.0,2
m3-10,11,54.6,43.525,143.3106,997.4524,1,115.74,-91.0,2
m3-10,12,59.6,43.4854,143.5547,997.6062,1,117.62,-91.0,2
m3-10,13,64.61,43.4937,143.7988,997.8337,1,115.73,-91.0,2
m3-10,14,69.61,43.5729,145.0195,997.533,2,117.67,-91.0,2
m3-10,15,74.61,43.5396,145.0195,997.7683,1,115.72,-91.0,2
m3-10,16,79.62,43.5688,145.0195,997.7165,0,117.72,-91.0,2
m3-10,17,84.62,43.575,145.2637,997.7127,1,115.68,-91.0,2
m3-10,18,89.63,43.5792,145.7519,997.7256,1,117.76,-91.0,2
m3-10,19,94.63,43.625,146.4844,997.6333,2,115.7,-91.0,2
m3-10,20,99.63,43.6167,146.7285,997.7105,1,117.85,-91.0,2
m3-10,21,104.64,43.6375,147.2168,997.8467,2,115.63,-91.0,2
m3-10,22,109.64,43.6688,146.9727,997.6277,1,117.88,-91.0,2
m3-10,23,114.65,43.6167,146.9727,997.6658,0,115.57,-91.0,2
m3-10,24,119.65,43.6521,148.4375,997.5085,2,117.89,-91.0,2
m3-10,25,124.66,43.6792,148.4375,997.6389,0,115.51,-91.0,2
m3-10,26,129.66,43.7042,149.1699,997.6711,1,117.97,-91.0,2
m3-10,27,134.66,43.7,148.6816,997.5825,1,115.45,-91.0,2
m3-10,28,139.67,43.7313,149.4141,997.6934,2,117.94,-91.0,2
m3-10,29,144.67,43.75,149.9023,997.7092,1,115.45,-91.0,2
m3-10,30,149.68,43.7333,150.3906,997.6826,1,118.02,-91.0,2
m3-10,31,154.72,43.7708,150.1465,997.7551,1,115.24,-91.0,2
m3-10,32,159.68,43.7563,150.8789,997.6736,1,118.17,-91.0,2
m3-10,33,164.69,43.7792,151.1231,997.6533,1,115.35,-91.0,2
m3-10,34,169.7,43.7729,151.8555,997.7524,2,118.11,-91.0,2
m3-10,35,174.74,43.8146,152.0996,997.5603,1,115.14,-91.0,2
m3-10,36,179.7,43.8021,152.832,997.7869,2,118.27,-91.0,2
m3-10,37,184.71,43.8125,153.0762,997.6438,1,115.27,-91.0,2
m3-10,38,189.71,43.825,153.3203,997.5823,1,118.19,-91.0,2
m3-10,39,194.71,43.7812,153.0762,997.7537,1,115.17,-91.0,2
m3-10,40,199.72,43.8208,153.8086,997.8264,1,118.2,-91.0,2
m3-10,41,204.72,43.8625,153.8086,997.7219,0,115.17,-91.0,2
m3-10,42,209.73,43.85,154.541,997.6987,1,118.28,-91.0,2
m3-10,43,214.73,43.8458,154.541,997.7327,0,115.11,-91.0,2
m3-10,44,219.74,43.8833,155.0293,997.5898,2,118.35,-91.0,2
m3-10,45,224.74,43.8667,154.2969,997.6726,1,115.08,-91.0,2
m3-10,46,229.74,43.8875,154.7852,997.6157,1,118.34,-91.0,2
m3-10,47,234.75,43.9125,154.7852,997.6018,0,115.06,-91.0,2
m3-10,48,239.75,43.8771,155.0293,997.615,1,118.39,-91.0,2
m3-10,49,244.76,43.9229,154.7852,997.6619,1,114.86,-91.0,2
m3-10,50,249.76,43.9479,155.2734,997.6924,1,118.64,-91.0,2
m3-10,51,254.77,43.9167,155.0293,997.6201,1,114.89,-91.0,2
m3-10,52,259.77,43.9521,155.7617,997.7808,2,118.72,-91.0,2
m3-10,53,264.77,43.9896,155.5176,997.6604,1,114.97,-91.0,2
m3-10,54,269.78,43.9792,156.0059,997.6653,1,118.58,-91.0,2
m3-10,55,274.78,44.0042,156.25,997.8208,1,114.96,-91.0,2
m3-10,56,279.79,44.0,156.7383,997.7175,1,118.64,-91.0,2
m3-10,57,284.79,43.9896,156.7383,997.5076,0,114.78,-91.0,2
m3-10,58,289.8,43.9896,157.2266,997.7127,2,118.89,-91.0,2
m3-10,59,294.8,44.0354,156.7383,997.6934,1,114.78,-91.0,2
m3-10,60,299.8,44.0354,157.2266,997.8035,1,118.95,-91.0,2
m3-10,61,304.81,44.0542,156.7383,997.615,2,114.75,-91.0,2
m3-10,62,309.81,44.0229,157.4707,997.7263,2,118.97,-91.0,2
m3-10,63,314.82,44.0562,157.2266,997.687,1,114.7,-91.0,2
m3-10,64,319.82,44.0312,156.9824,997.697,1,119.04,-91.0,2
m3-10,65,324.83,44.0354,156.4941,997.8462,2,114.68,-91.0,2
m3-10,66,329.83,44.1021,156.4941,997.7058,0,119.01,-91.0,2
m3-10,67,334.83,44.0896,156.7383,997.7485,1,114.55,-91.0,2
m3-10,68,339.84,44.0771,157.2266,997.7817,1,119.08,-91.0,2
m3-10,69,344.84,44.1021,156.4941,997.5713,2,114.58,-91.0,2
m3-10,70,349.85,44.1063,156.4941,997.5989,0,119.08,-91.0,2
m3-10,71,354.85,44.1125,156.25,997.7944,1,114.53,-91.0,2
m3-10,72,359.85,44.125,156.4941,997.5938,1,119.05,-91.0,2
m3-10,73,364.86,44.1271,155.5176,997.8293,2,114.6,-91.0,2
m3-10,74,369.86,44.1542,155.2734,997.6492,1,119.07,-91.0,2
m3-10,75,374.87,44.125,153.8086,997.7517,2,114.55,-91.0,2
m3-10,76,379.87,44.1292,153.8086,997.6968,0,119.05,-91.0,2
m3-10,77,384.88,44.1625,153.3203,997.811,2,114.6,-91.0,2
m3-10,78,389.88,44.1771,152.3438,997.7927,1,118.97,-91.0,2
m3-10,79,394.88,44.1958,151.3672,997.7873,1,114.59,-91.0,2
m3-10,80,399.89,44.1688,151.3672,997.7178,0,118.97,-91.0,2
m3-10,81,404.89,44.1646,150.6348,997.6963,1,114.7,-91.0,2
m3-10,82,409.89,44.1917,148.4375,997.6709,1,118.9,-91.0,2
m3-10,83,414.9,44.1958,145.7519,997.7127,1,114.69,-91.0,2
m3-10,84,419.91,44.1979,145.5078,997.5862,1,118.87,-91.0,2
m3-10,85,424.91,44.1917,144.5312,997.5967,1,114.72,-91.0,2
m3-10,86,429.91,44.1958,144.7754,997.7612,1,118.81,-91.0,2
m3-10,87,434.92,44.2104,145.5078,997.6345,2,114.78,-91.0,2
m3-10,88,439.92,44.2333,145.9961,997.8789,2,118.77,-91.0,2
m3-10,89,444.92,44.2563,147.2168,997.7644,2,114.85,-91.0,2
m3-10,90,449.93,44.2313,148.1934,997.7256,1,118.74,-91.0,2
m3-10,91,454.93,44.2542,147.7051,997.6482,1,114.89,-91.0,2
m3-10,92,459.93,44.2125,148.1934,997.6851,1,118.7,-91.0,2
m3-10,93,464.94,44.2729,151.3672,997.8818,2,114.92,-91.0,2
m3-10,94,469.95,44.3146,151.1231,997.6377,1,118.66,-91.0,2
m3-10,95,474.95,44.2708,151.1231,997.5435,0,114.99,-91.0,2
m3-10,96,479.95,44.2667,152.3438,997.7852,2,118.63,-91.0,2
m3-10,97,484.96,44.2979,151.6113,997.6614,2,115.0,-91.0,2
m3-10,98,489.96,44.3167,148.1934,997.5522,2,118.6,-91.0,2
m3-10,99,494.97,44.2896,147.2168,997.7481,2,115.09,-91.0,2
m3-10,100,499.97,44.3375,146.4844,997.5227,2,118.54,-91.0,2
m3-10,101,504.97,44.2812,145.9961,997.6536,2,115.07,-91.0,2
m3-10,102,509.98,44.3125,142.5781,997.5974,1,118.49,-91.0,2
m3-10,103,514.98,44.2979,141.8457,997.5122,1,115.16,-91.0,2
m3-10,104,519.99,44.3021,144.7754,997.5439,1,118.42,-91.0,2
m3-10,105,524.99,44.3062,145.9961,997.6428,2,115.19,-91.0,2
m3-10,106,530.03,44.2896,142.8223,997.5662,1,118.22,-91.0,2
m3-10,107,535.0,44.3208,137.9394,997.6201,1,115.35,-91.0,2
m3-10,108,540.0,44.3583,130.6152,997.7258,2,118.35,-91.0,2
m3-10,109,545.01,44.3646,124.2676,997.6736,1,115.23,-91.0,2
m3-10,110,550.01,44.3542,121.0938,997.5896,1,118.29,-91.0,2
m3-10,111,555.02,44.3479,123.0469,997.6614,1,115.26,-91.0,2
m3-10,112,560.02,44.3646,126.709,997.8613,2,118.28,-91.0,2
m3-10,113,565.02,44.3333,133.0566,997.7444,2,115.38,-91.0,2
m3-10,114,570.03,44.375,140.1367,997.6645,2,118.24,-91.0,2
m3-10,115,575.03,44.3917,145.7519,997.687,1,115.47,-91.0,2
m3-10,116,580.04,44.4042,148.6816,997.677,1,118.29,-91.0,2
m3-10,117,585.04,44.3667,149.9023,997.5073,2,115.55,-91.0,2
m3-10,118,590.04,44.4167,151.1231,997.5171,1,118.24,-91.0,2
m3-10,119,595.05,44.3854,152.0996,997.7095,2,115.6,-91.0,2
m3-10,120,600.05,44.4167,151.6113,997.7129,1,118.24,-91.0,2
m3-10,121,605.06,44.4646,150.6348,997.7014,1,115.66,-91.0,2
m3-10,122,610.06,44.4125,149.4141,997.6838,1,118.17,-91.0,2
m3-10,123,615.07,44.4104,150.3906,997.699,1,115.7,-91.0,2
m3-10,124,620.07,44.4583,150.8789,997.6824,1,118.16,-91.0,2
m3-10,125,625.08,44.4125,151.1231,997.6636,1,115.76,-91.0,2
m3-10,126,630.08,44.4438,150.3906,997.6638,1,118.14,-91.0,2
m3-10,127,635.08,44.4417,149.4141,997.6873,1,115.8,-91.0,2
m3-10,128,640.09,44.4667,149.9023,997.5591,2,118.07,-91.0,2
m3-10,129,645.09,44.5187,153.0762,997.6658,2,115.84,-91.0,2
m3-10,130,650.1,44.4708,154.541,997.6001,1,118.09,-91.0,2
m3-10,131,655.1,44.475,154.2969,997.5249,1,115.93,-91.0,2
m3-10,132,660.11,44.4396,154.7852,997.7556,2,118.0,-91.0,2
m3-10,133,665.11,44.4604,156.9824,997.6182,2,115.93,-91.0,2
m3-10,134,670.11,44.5167,157.2266,997.7102,1,117.98,-91.0,2
m3-10,135,675.12,44.5146,157.959,997.6331,1,116.03,-91.0,2
m3-10,136,680.12,44.5063,159.1797,997.4746,2,117.94,-91.0,2
m3-10,137,685.12,44.4729,159.4238,997.6567,1,116.06,-91.0,2
m3-10,138,690.13,44.5125,159.668,997.51,1,117.91,-91.0,2
m3-10,139,695.18,44.5042,159.4238,997.7195,1,116.35,-91.0,2
m3-10,140,700.14,44.55,159.1797,997.5325,1,117.64,-91.0,2
m3-10,141,705.14,44.5021,160.6445,997.5969,1,116.14,-91.0,2
m3-10,142,710.15,44.5375,157.959,997.7339,2,117.78,-91.0,2
m3-10,143,715.15,44.5438,153.5644,997.6782,1,116.15,-91.0,2
m3-10,144,720.15,44.55,151.3672,997.6238,1,117.8,-91.0,2
m3-10,145,725.16,44.5729,143.3106,997.6484,1,116.19,-91.0,2
m3-10,146,730.16,44.5479,142.0898,997.7366,2,117.66,-91.0,2
m3-10,147,735.17,44.5542,141.3574,997.759,1,116.21,-91.0,2
m3-10,148,740.21,44.5854,140.625,997.7378,1,117.54,-91.0,2
m3-10,149,745.17,44.5562,145.9961,997.7219,1,116.34,-91.0,2
m3-10,150,750.18,44.5688,147.4609,997.6089,2,117.63,-91.0,2
m3-10,151,755.18,44.5812,143.0664,997.7004,1,116.34,-91.0,2
m3-10,152,760.18,44.5896,147.2168,997.6506,1,117.58,-91.0,2
m3-10,153,765.19,44.5979,150.1465,997.667,1,116.4,-91.0,2
m3-10,154,770.19,44.5771,145.2637,997.5725,2,117.54,-91.0,2
m3-10,155,775.2,44.5771,139.4043,997.6475,1,116.41,-91.0,2
m3-10,156,780.2,44.6187,139.4043,997.6201,0,117.44,-91.0,2
m3-10,157,785.2,44.6167,144.5312,997.6885,1,116.44,-91.0,2
m3-10,158,790.21,44.6208,145.5078,997.5474,2,117.49,-91.0,2
m3-10,159,795.21,44.5771,144.7754,997.5972,1,116.53,-91.0,2
m3-10,160,800.22,44.6146,145.0195,997.5813,1,117.39,-91.0,2
m3-10,161,805.22,44.6125,148.9258,997.4768,2,116.55,-91.0,2
m3-10,162,810.22,44.6229,148.1934,997.8415,2,117.41,-91.0,2
m3-10,163,815.23,44.6437,146.4844,997.7368,2,116.61,-91.0,2
m3-10,164,820.23,44.6458,146.7285,997.4316,1,117.33,-91.0,2
m3-10,165,825.23,44.5792,147.4609,997.6411,2,116.65,-91.0,2
m3-10,166,830.24,44.6479,149.9023,997.6685,1,117.32,-91.0,2
m3-10,167,835.24,44.6417,150.8789,997.5837,1,116.71,-91.0,2
m3-10,168,840.25,44.6354,151.1231,997.7165,1,117.27,-91.0,2
m3-10,169,845.25,44.65,146.9727,997.6248,1,116.75,-91.0,2
m3-10,170,850.26,44.6667,142.8223,997.7835,2,117.21,-91.0,2
m3-10,171,855.26,44.6646,142.5781,997.6602,1,116.76,-91.0,2
m3-10,172,860.26,44.6667,144.7754,997.6641,1,117.18,-91.0,2
m3-10,173,865.27,44.65,145.0195,997.761,1,116.82,-91.0,2
m3-10,174,870.27,44.6812,139.4043,997.6667,2,117.09,-91.0,2
m3-10,175,875.28,44.7104,136.7188,997.5664,2,116.82,-91.0,2
m3-10,176,880.28,44.6667,137.207,997.5395,1,117.05,-91.0,2
m3-10,177,885.28,44.6667,142.5781,997.5896,1,116.89,-91.0,2
m3-10,178,890.29,44.6667,146.4844,997.584,1,117.04,-91.0,2
m3-10,179,895.29,44.6812,151.1231,997.6672,1,116.95,-91.0,2
m3-10,180,900.3,44.6604,147.9492,997.7485,1,117.01,-91.0,2
m3-10,181,905.3,44.7188,148.4375,997.6443,2,117.01,-91.0,2
m3-10,182,910.3,44.6979,153.8086,997.699,1,116.96,-91.0,2
m3-10,183,915.31,44.7,157.4707,997.7715,1,117.07,-91.0,2
m3-10,184,920.31,44.7083,153.3203,997.5386,2,116.93,-91.0,2
m3-10,185,925.32,44.6958,151.1231,997.7185,2,117.08,-91.0,2
m3-10,186,930.32,44.7271,152.0996,997.6074,2,116.9,-91.0,2
m3-10,187,935.32,44.7271,151.1231,997.6675,1,117.15,-91.0,2
m3-10,188,940.33,44.7479,156.7383,997.6733,1,116.82,-91.0,2
m3-10,189,945.33,44.7479,161.1328,997.6946,1,117.27,-91.0,2
m3-11,1,4.55,43.5792,54.6875,997.3086,0,119.4,-91.0,2
m3-11,2,9.56,43.575,55.1758,997.2581,1,121.52,-91.0,2
m3-11,3,14.56,43.5979,54.6875,997.8103,2,120.37,-91.0,2
m3-11,4,19.57,43.6917,54.9316,997.417,2,121.58,-91.0,2
m3-11,5,24.61,43.6521,54.6875,997.4543,1,120.29,-91.0,2
m3-11,6,29.58,43.6167,54.6875,997.3491,0,121.72,-91.0,2
m3-11,7,34.58,43.6396,54.6875,997.3184,0,120.26,-91.0,2
m3-11,8,39.58,43.6771,55.1758,997.2236,2,121.56,-91.0,2
m3-11,9,44.59,43.7062,54.9316,997.6086,2,120.32,-91.0,2
m3-11,10,49.59,43.7292,55.4199,997.3584,2,121.69,-91.0,2
m3-11,11,54.6,43.6812,55.1758,997.429,1,120.24,-91.0,2
m3-11,12,59.6,43.7354,55.4199,997.3208,1,121.65,-91.0,2
m3-11,13,64.61,43.7708,55.1758,997.2168,1,120.06,-91.0,2
m3-11,14,69.61,43.7604,55.4199,997.0877,1,121.96,-91.0,2
m3-11,15,74.61,43.7792,55.1758,997.4937,2,120.07,-91.0,2
m3-11,16,79.62,43.7812,55.4199,997.0461,2,121.89,-91.0,2
m3-11,17,84.62,43.7896,55.1758,997.3342,1,120.03,-91.0,2
m3-11,18,89.62,43.7958,55.4199,997.4519,1,121.94,-91.0,2
m3-11,19,94.63,43.8208,55.4199,997.4751,0,120.14,-91.0,2
m3-11,20,99.63,43.8104,55.6641,997.5166,1,121.88,-91.0,2
m3-11,21,104.64,43.8604,55.4199,997.3904,1,120.07,-91.0,2
m3-11,22,109.64,43.9208,55.6641,997.304,1,121.91,-91.0,2
m3-11,23,114.65,43.9104,55.1758,997.5422,2,120.15,-91.0,2
m3-11,24,119.65,43.9188,56.1523,997.7043,2,122.13,-91.0,2
m3-11,25,124.66,43.9167,55.6641,997.2361,2,119.88,-91.0,2
m3-11,26,129.66,43.9438,55.9082,997.4834,1,122.08,-91.0,2
m3-11,27,134.66,43.9229,55.6641,997.4587,1,119.87,-91.0,2
m3-11,28,139.67,43.9896,56.1523,997.4324,1,122.24,-91.0,2
m3-11,29,144.67,43.9708,55.9082,997.3906,1,119.83,-91.0,2
m3-11,30,149.68,43.9438,56.3965,997.1809,2,122.15,-91.0,2
m3-11,31,154.68,43.9729,56.1523,997.4995,1,119.82,-91.0,2
m3-11,32,159.73,43.9813,56.3965,997.666,1,122.46,-91.0,2
m3-11,33,164.69,44.0667,56.3965,997.1345,1,119.54,-91.0,2
m3-11,34,169.69,44.0396,56.6406,997.2676,1,122.32,-91.0,2
m3-11,35,174.7,44.0271,56.6406,997.3865,0,119.72,-91.0,2
m3-11,36,179.7,44.0,56.8848,997.3076,1,122.34,-91.0,2
m3-11,37,184.7,44.0646,56.8848,997.1655,0,119.79,-91.0,2
m3-11,38,189.71,44.0354,57.1289,997.208,1,122.44,-91.0,2
m3-11,39,194.71,44.0667,56.8848,997.4275,1,119.68,-91.0,2
m3-11,40,199.72,44.0917,57.1289,997.2695,1,122.53,-91.0,2
m3-11,41,204.72,44.1021,56.8848,997.4617,1,119.5,-91.0,2
m3-11,42,209.73,44.0812,57.373,997.1179,2,122.67,-91.0,2
m3-11,43,214.73,44.0854,57.373,997.5852,1,119.49,-91.0,2
m3-11,44,219.78,44.0958,57.6172,997.3286,1,122.57,-91.0,2
m3-11,45,224.74,44.1604,56.8848,997.2107,2,119.46,-91.0,2
m3-11,46,229.74,44.1063,57.6172,997.2532,1,122.61,-91.0,2
m3-11,47,234.75,44.1083,57.373,997.2073,1,119.58,-91.0,2
m3-11,48,239.75,44.1437,57.6172,997.5344,1,122.56,-91.0,2
m3-11,49,244.76,44.175,57.373,997.5906,1,119.37,-91.0,2
m3-11,50,249.76,44.2167,57.6172,997.3352,1,122.78,-91.0,2
m3-11,51,254.77,44.2167,57.6172,997.3921,0,119.39,-91.0,2
m3-11,52,259.77,44.1333,57.8613,997.5625,1,122.84,-91.0,2
m3-11,53,264.77,44.1854,57.6172,997.2339,1,119.28,-91.0,2
m3-11,54,269.78,44.1875,57.8613,997.3015,1,122.84,-91.0,2
m3-11,55,274.78,44.2021,57.8613,997.4751,0,119.28,-91.0,2
m3-11,56,279.78,44.2062,58.1055,997.4299,1,122.94,-91.0,2
m3-11,57,284.79,44.2563,58.1055,997.4788,0,119.32,-91.0,2
m3-11,58,289.79,44.2646,58.3496,997.6533,1,122.83,-91.0,2
m3-11,59,294.8,44.2292,58.1055,997.5584,1,119.3,-91.0,2
m3-11,60,299.81,44.2708,58.5938,997.593,1,123.02,-91.0,2
m3-11,61,304.81,44.2292,58.5938,997.6846,0,119.15,-91.0,2
m3-11,62,309.81,44.2604,58.5938,997.4529,1,122.96,-91.0,2
m3-11,63,314.82,44.2583,58.3496,997.209,1,119.08,-91.0,2
m3-11,64,319.82,44.2292,58.5938,997.2146,1,123.05,-91.0,2
m3-11,65,324.83,44.2917,58.1055,997.321,2,119.12,-91.0,2
m3-11,66,329.83,44.2792,58.3496,997.1882,1,123.07,-91.0,2
m3-11,67,334.88,44.2896,58.3496,997.5813,1,118.86,-91.0,2
m3-11,68,339.84,44.3021,58.8379,997.3923,2,123.26,-91.0,2
m3-11,69,344.84,44.3,58.3496,997.2095,2,119.06,-91.0,2
m3-11,70,349.85,44.2812,58.5938,997.3699,1,123.15,-91.0,2
m3-11,71,354.85,44.3271,58.3496,997.3926,1,118.9,-91.0,2
m3-11,72,359.85,44.3167,58.5938,997.6968,1,123.22,-91.0,2
m3-11,73,364.86,44.3813,58.1055,997.4246,2,118.91,-91.0,2
m3-11,74,369.86,44.4104,58.1055,997.6333,0,123.28,-91.0,2
m3-11,75,374.87,44.3396,57.6172,997.5002,2,118.99,-91.0,2
m3-11,76,379.87,44.3458,57.8613,997.4407,1,123.3,-91.0,2
m3-11,77,384.88,44.3604,57.6172,997.4678,1,118.84,-91.0,2
m3-11,78,389.88,44.35,57.6172,997.529,0,123.33,-91.0,2
m3-11,79,394.88,44.3813,56.8848,997.2212,2,118.88,-91.0,2
m3-11,80,399.89,44.3854,57.1289,997.0576,1,123.45,-91.0,2
m3-11,81,404.93,44.3792,56.6406,997.1084,1,119.0,-91.0,2
m3-11,82,409.9,44.4042,56.3965,997.291,1,123.23,-91.0,2
m3-11,83,414.9,44.4042,55.1758,997.2383,1,118.82,-91.0,2
m3-11,84,419.9,44.3813,55.4199,997.1965,1,123.39,-91.0,2
m3-11,85,424.91,44.3729,55.1758,997.1411,1,118.93,-91.0,2
m3-11,86,429.91,44.4271,55.1758,997.5188,1,123.35,-91.0,2
m3-11,87,434.91,44.45,55.6641,997.2346,2,118.84,-91.0,2
m3-11,88,439.92,44.4729,55.4199,997.3606,1,123.33,-91.0,2
m3-11,89,444.92,44.4792,55.9082,997.2835,1,118.86,-91.0,2
m3-11,90,449.92,44.4375,56.6406,997.6831,2,123.45,-91.0,2
m3-11,91,454.93,44.5021,56.1523,997.501,2,119.05,-91.0,2
m3-11,92,459.94,44.4813,56.6406,997.2546,2,123.25,-91.0,2
m3-11,93,464.94,44.5229,57.6172,997.1616,2,118.99,-91.0,2
m3-11,94,469.95,44.5083,57.8613,997.2891,1,123.23,-91.0,2
m3-11,95,474.95,44.4729,57.8613,997.2334,0,119.14,-91.0,2
m3-11,96,479.95,44.4771,58.1055,997.269,1,123.15,-91.0,2
m3-11,97,484.96,44.5,58.1055,997.1465,0,119.1,-91.0,2
m3-11,98,489.96,44.5021,56.6406,997.5044,2,123.13,-91.0,2
m3-11,99,494.97,44.5604,56.3965,997.2205,1,119.19,-91.0,2
m3-11,100,499.97,44.5042,56.1523,997.1787,1,123.01,-91.0,2
m3-11,101,504.97,44.5292,56.1523,997.4683,1,119.24,-91.0,2
m3-11,102,509.98,44.4979,54.6875,997.6104,2,122.99,-91.0,2
m3-11,103,514.98,44.5729,54.4434,997.2996,1,119.26,-91.0,2
m3-11,104,519.98,44.5708,55.1758,997.363,1,123.06,-91.0,2
m3-11,105,524.99,44.5708,55.6641,997.3806,1,119.34,-91.0,2
m3-11,106,529.99,44.5354,54.1992,997.5425,2,122.97,-91.0,2
m3-11,107,535.0,44.6271,52.4902,997.5373,1,119.34,-91.0,2
m3-11,108,540.01,44.5688,49.8047,997.3267,2,122.99,-91.0,2
m3-11,109,545.01,44.55,47.6074,997.2463,1,119.69,-91.0,2
m3-11,110,550.01,44.6167,46.1426,997.3582,2,122.91,-91.0,2
m3-11,111,555.02,44.6167,47.1191,997.2822,1,119.64,-91.0,2
m3-11,112,560.02,44.5646,48.0957,997.2598,1,122.84,-91.0,2
m3-11,113,565.03,44.5875,50.5371,997.6946,2,119.6,-91.0,2
m3-11,114,570.03,44.6479,52.4902,997.4937,2,122.93,-91.0,2
m3-11,115,575.04,44.6313,54.6875,997.2952,2,119.59,-91.0,2
m3-11,116,580.04,44.6417,55.4199,997.3601,1,122.81,-91.0,2
m3-11,117,585.04,44.5958,56.1523,997.449,2,119.52,-91.0,2
m3-11,118,590.09,44.6333,56.3965,997.5022,1,122.58,-91.0,2
m3-11,119,595.05,44.6292,56.8848,997.2397,2,119.79,-91.0,2
m3-11,120,600.05,44.6208,56.3965,997.4019,2,122.59,-91.0,2
m3-11,121,605.06,44.6396,56.1523,997.2957,1,119.79,-91.0,2
m3-11,122,610.06,44.6875,55.6641,997.3611,1,122.5,-91.0,2
m3-11,123,615.07,44.6854,56.1523,997.1877,2,119.77,-91.0,2
m3-11,124,620.07,44.6958,56.1523,997.2471,0,122.62,-91.0,2
m3-11,125,625.07,44.6375,56.3965,997.4307,1,119.82,-91.0,2
m3-11,126,630.08,44.6542,56.1523,997.4827,1,122.57,-91.0,2
m3-11,127,635.08,44.6896,55.6641,997.3523,2,119.73,-91.0,2
m3-11,128,640.09,44.7083,55.6641,997.4356,0,122.59,-91.0,2
m3-11,129,645.09,44.7208,57.1289,997.4543,1,120.03,-91.0,2
m3-11,130,650.1,44.6938,57.1289,997.2292,1,122.41,-91.0,2
m3-11,131,655.1,44.6792,57.373,997.4568,1,119.97,-91.0,2
m3-11,132,660.11,44.6625,57.373,997.5728,0,122.27,-91.0,2
m3-11,133,665.11,44.725,58.1055,997.2708,2,120.05,-91.0,2
m3-11,134,670.11,44.7104,58.1055,997.5234,1,122.37,-91.0,2
m3-11,135,675.12,44.7208,58.5938,997.5378,1,120.05,-91.0,2
m3-11,136,680.12,44.7125,58.5938,997.322,0,122.33,-91.0,2
m3-11,137,685.12,44.7313,58.8379,997.3054,1,119.95,-91.0,2
m3-11,138,690.13,44.75,58.5938,997.4111,1,122.18,-91.0,2
m3-11,139,695.13,44.7042,58.8379,997.5127,1,120.18,-91.0,2
m3-11,140,700.14,44.7021,58.3496,997.4023,1,122.18,-91.0,2
m3-11,141,705.14,44.7313,59.082,997.3254,1,120.17,-91.0,2
m3-11,142,710.19,44.7333,58.1055,997.3643,1,122.05,-91.0,2
m3-11,143,715.15,44.7396,56.6406,997.4126,1,120.22,-91.0,2
m3-11,144,720.15,44.7792,55.4199,997.2248,2,122.12,-91.0,2
m3-11,145,725.16,44.7229,53.2227,997.3047,2,120.36,-91.0,2
m3-11,146,730.16,44.7896,52.4902,997.5464,2,122.14,-91.0,2
m3-11,147,735.16,44.7812,52.2461,997.2339,1,120.26,-91.0,2
m3-11,148,740.17,44.7854,51.7578,997.4238,2,122.16,-91.0,2
m3-11,149,745.17,44.7583,53.7109,997.5435,2,120.29,-91.0,2
m3-11,150,750.17,44.7792,54.1992,997.5083,1,122.24,-91.0,2
m3-11,151,755.18,44.7875,52.9785,997.5093,1,120.49,-91.0,2
m3-11,152,760.18,44.8146,54.1992,997.323,2,121.95,-91.0,2
m3-11,153,765.19,44.7979,55.1758,997.4062,1,120.44,-91.0,2
m3-11,154,770.19,44.7812,53.4668,997.6274,2,121.9,-91.0,2
m3-11,155,775.24,44.8396,51.5137,997.6013,1,120.61,-91.0,2
m3-11,156,780.2,44.8104,51.2695,997.3001,1,121.97,-91.0,2
m3-11,157,785.2,44.8,53.2227,997.2551,1,120.57,-91.0,2
m3-11,158,790.21,44.8167,53.4668,997.2014,1,121.87,-91.0,2
m3-11,159,795.25,44.8458,53.2227,997.5962,2,120.73,-91.0,2
m3-11,160,800.21,44.8438,53.2227,997.3054,1,121.77,-91.0,2
m3-11,161,805.22,44.8292,54.6875,997.2493,1,120.58,-91.0,2
m3-11,162,810.23,44.7812,54.1992,997.4421,2,121.75,-91.0,2
m3-11,163,815.27,44.8104,53.7109,997.4944,1,120.8,-91.0,2
m3-11,164,820.23,44.8604,53.7109,997.2534,1,121.57,-91.0,2
m3-11,165,825.23,44.8208,53.9551,997.24,1,120.74,-91.0,2
m3-11,166,830.24,44.8271,54.4434,997.4443,2,121.74,-91.0,2
m3-11,167,835.24,44.8396,54.9316,997.1851,2,120.81,-91.0,2
m3-11,168,840.25,44.8312,54.9316,997.4102,1,121.66,-91.0,2
m3-11,169,845.29,44.8563,53.4668,997.4509,1,120.89,-91.0,2
m3-11,170,850.25,44.8333,52.002,997.3398,2,121.54,-91.0,2
m3-11,171,855.26,44.8125,52.002,997.4309,0,120.98,-91.0,2
m3-11,172,860.26,44.8542,52.4902,997.6775,2,121.64,-91.0,2
m3-11,173,865.27,44.9396,52.7344,997.4802,1,120.93,-91.0,2
m3-11,174,870.32,44.8792,50.5371,997.3916,2,121.38,-91.0,2
m3-11,175,875.28,44.8708,49.8047,997.7324,2,121.08,-91.0,2
m3-11,176,880.33,44.9104,49.8047,997.2961,1,121.53,-91.0,2
m3-11,177,885.28,44.8729,51.7578,997.279,1,121.15,-91.0,2
m3-11,178,890.29,44.9,52.7344,997.3479,1,121.47,-91.0,2
m3-11,179,895.29,44.9375,54.4434,997.2588,2,121.01,-91.0,2
m3-11,180,900.29,44.8833,53.2227,997.2297,1,121.42,-91.0,2
m3-11,181,905.3,44.8583,53.4668,997.3257,1,121.03,-91.0,2
m3-11,182,910.3,44.9167,55.1758,997.4824,2,121.4,-91.0,2
m3-11,183,915.31,44.9083,56.6406,997.408,1,121.17,-91.0,2
m3-11,184,920.31,44.9438,54.9316,997.2732,2,121.31,-91.0,2
m3-11,185,925.32,44.9542,54.4434,997.4155,2,121.1,-91.0,2
m3-11,186,930.32,44.9438,54.6875,997.2429,1,121.32,-91.0,2
m3-11,187,935.32,44.9354,54.4434,997.4624,1,121.26,-91.0,2
m3-11,188,940.37,44.9354,56.3965,997.6958,2,121.32,-91.0,2
m3-11,189,945.33,44.9813,58.1055,997.6604,1,121.61,-91.0,2
m3-12,1,4.55,43.0729,50.293,997.7146,0,120.68,-91.0,2
m3-12,2,9.56,43.125,50.5371,997.6536,1,122.56,-91.0,2
m3-12,3,14.56,43.1042,50.293,997.613,1,121.63,-91.0,2
m3-12,4,19.57,43.1208,50.5371,997.6269,1,122.65,-91.0,2
m3-12,5,24.57,43.1292,50.0488,997.6353,1,121.62,-91.0,2
m3-12,6,29.57,43.1646,50.293,997.6414,1,122.71,-91.0,2
m3-12,7,34.58,43.1562,50.0488,997.6309,1,121.72,-91.0,2
m3-12,8,39.58,43.1917,50.5371,997.6079,1,122.67,-91.0,2
m3-12,9,44.59,43.1917,50.293,997.6443,1,121.52,-91.0,2
m3-12,10,49.59,43.1875,50.7812,997.5173,2,122.84,-91.0,2
m3-12,11,54.6,43.1938,50.5371,997.5942,1,121.4,-91.0,2
m3-12,12,59.6,43.2271,50.7812,997.655,1,122.75,-91.0,2
m3-12,13,64.6,43.2292,50.293,997.5713,1,121.53,-91.0,2
m3-12,14,69.61,43.2583,50.5371,997.5344,1,122.82,-91.0,2
m3-12,15,74.61,43.2875,50.293,997.6018,1,121.44,-91.0,2
m3-12,16,79.62,43.3062,50.5371,997.6465,1,122.96,-91.0,2
m3-12,17,84.62,43.3146,50.293,997.6047,1,121.45,-91.0,2
m3-12,18,89.62,43.3146,50.5371,997.7427,1,122.97,-91.0,2
m3-12,19,94.63,43.3708,50.5371,997.6856,0,121.31,-91.0,2
m3-12,20,99.63,43.3354,50.5371,997.6018,0,123.08,-91.0,2
m3-12,21,104.64,43.3583,50.5371,997.6248,0,121.22,-91.0,2
m3-12,22,109.64,43.4021,50.293,997.7422,1,123.12,-91.0,2
m3-12,23,114.69,43.4292,50.293,997.7124,0,121.07,-91.0,2
m3-12,24,119.65,43.4167,50.7812,997.658,1,123.25,-91.0,2
m3-12,25,124.66,43.4438,50.5371,997.6042,1,121.21,-91.0,2
m3-12,26,129.7,43.4417,50.7812,997.6519,1,123.41,-91.0,2
m3-12,27,134.66,43.425,50.5371,997.5881,1,120.84,-91.0,2
m3-12,28,139.67,43.45,50.7812,997.6123,1,123.38,-91.0,2
m3-12,29,144.72,43.4896,50.7812,997.6077,0,121.01,-91.0,2
m3-12,30,149.68,43.4688,50.7812,997.5073,0,123.4,-91.0,2
m3-12,31,154.68,43.45,50.5371,997.6418,1,121.05,-91.0,2
m3-12,32,159.68,43.4917,51.0254,997.5974,1,123.39,-91.0,2
m3-12,33,164.69,43.5146,50.7812,997.5806,1,120.88,-91.0,2
m3-12,34,169.69,43.5229,51.0254,997.6128,1,123.42,-91.0,2
m3-12,35,174.7,43.525,51.0254,997.688,0,120.95,-91.0,2
m3-12,36,179.7,43.5417,51.2695,997.6306,1,123.45,-91.0,2
m3-12,37,184.7,43.5521,51.0254,997.6216,1,120.88,-91.0,2
m3-12,38,189.71,43.5708,51.2695,997.5845,1,123.53,-91.0,2
m3-12,39,194.71,43.6,51.0254,997.7095,1,120.96,-91.0,2
m3-12,40,199.72,43.5896,51.2695,997.6458,1,123.49,-91.0,2
m3-12,41,204.72,43.6063,51.0254,997.5969,1,120.82,-91.0,2
m3-12,42,209.73,43.5958,51.5137,997.6357,1,123.65,-91.0,2
m3-12,43,214.73,43.6229,51.2695,997.4778,1,120.68,-91.0,2
m3-12,44,219.77,43.5833,51.5137,997.4956,1,123.73,-91.0,2
m3-12,45,224.74,43.6021,51.0254,997.5669,1,120.59,-91.0,2
m3-12,46,229.75,43.6458,51.5137,997.585,1,123.69,-91.0,2
m3-12,47,234.75,43.6479,51.2695,997.5715,1,120.72,-91.0,2
m3-12,48,239.75,43.6479,51.5137,997.5449,1,123.77,-91.0,2
m3-12,49,244.75,43.6521,51.0254,997.616,1,120.72,-91.0,2
m3-12,50,249.8,43.6708,51.5137,997.4897,2,123.9,-91.0,2
m3-12,51,254.77,43.6583,51.2695,997.5915,1,120.37,-91.0,2
m3-12,52,259.77,43.7021,51.7578,997.4985,2,123.89,-91.0,2
m3-12,53,264.77,43.6729,51.2695,997.615,2,120.52,-91.0,2
m3-12,54,269.82,43.7229,51.5137,997.6602,1,123.92,-91.0,2
m3-12,55,274.78,43.7417,51.2695,997.6291,1,120.44,-91.0,2
m3-12,56,279.79,43.6792,51.5137,997.5208,1,123.88,-91.0,2
m3-12,57,284.83,43.7188,51.5137,997.5749,0,120.48,-91.0,2
m3-12,58,289.8,43.7521,51.7578,997.5395,1,124.09,-91.0,2
m3-12,59,294.8,43.7313,51.2695,997.5776,1,120.34,-91.0,2
m3-12,60,299.8,43.7437,51.7578,997.5513,1,124.18,-91.0,2
m3-12,61,304.81,43.7583,51.5137,997.6099,1,120.37,-91.0,2
m3-12,62,309.82,43.7687,51.7578,997.5872,1,124.03,-91.0,2
m3-12,63,314.82,43.7646,51.2695,997.5508,1,120.31,-91.0,2
m3-12,64,319.82,43.7792,51.5137,997.6626,1,124.21,-91.0,2
m3-12,65,324.82,43.8,51.0254,997.6118,1,120.16,-91.0,2
m3-12,66,329.87,43.7854,51.2695,997.5457,1,124.32,-91.0,2
m3-12,67,334.83,43.7833,51.0254,997.522,1,120.01,-91.0,2
m3-12,68,339.84,43.7792,51.5137,997.6707,2,124.35,-91.0,2
m3-12,69,344.84,43.8354,51.0254,997.6562,1,120.15,-91.0,2
m3-12,70,349.85,43.8208,51.2695,997.6775,1,124.36,-91.0,2
m3-12,71,354.85,43.8458,51.0254,997.5991,1,120.23,-91.0,2
m3-12,72,359.86,43.8396,51.0254,997.6372,0,124.28,-91.0,2
m3-12,73,364.86,43.8646,50.5371,997.6362,1,120.05,-91.0,2
m3-12,74,369.86,43.8542,50.7812,997.5901,1,124.44,-91.0,2
m3-12,75,374.87,43.8479,50.0488,997.5908,1,119.06,-91.0,2
m3-12,76,379.87,43.8312,50.293,997.5366,1,123.58,-91.0,2
m3-12,77,384.87,43.85,50.0488,997.5769,1,119.1,-91.0,2
m3-12,78,389.88,43.8896,50.0488,997.6494,0,123.65,-91.0,2
m3-12,79,394.88,43.9062,49.3164,997.5942,1,119.05,-91.0,2
m3-12,80,399.89,43.9,49.5605,997.4829,1,123.73,-91.0,2
m3-12,81,404.89,43.8667,49.0723,997.5915,2,119.11,-91.0,2
m3-12,82,409.9,43.8937,48.584,997.5596,1,123.62,-91.0,2
m3-12,83,414.9,43.9104,47.6074,997.5942,1,118.92,-91.0,2
m3-12,84,419.91,43.9062,47.8516,997.6233,1,123.71,-91.0,2
m3-12,85,424.91,43.9458,47.3633,997.5808,1,118.86,-91.0,2
m3-12,86,429.91,43.9167,47.8516,997.5874,1,123.83,-91.0,2
m3-12,87,434.91,43.9604,47.8516,997.6531,0,118.97,-91.0,2
m3-12,88,439.92,43.9479,48.0957,997.624,1,123.81,-91.0,2
m3-12,89,444.92,43.9604,48.0957,997.5615,0,119.0,-91.0,2
m3-12,90,449.93,43.9229,48.584,997.564,1,123.67,-91.0,2
m3-12,91,454.93,43.9417,48.3398,997.5945,1,118.98,-91.0,2
m3-12,92,459.98,43.9417,48.584,997.5413,1,123.54,-91.0,2
m3-12,93,464.94,43.9583,49.5605,997.6011,1,119.14,-91.0,2
m3-12,94,469.94,43.9875,49.5605,997.6384,0,123.62,-91.0,2
m3-12,95,474.95,43.9958,49.3164,997.5752,1,119.11,-91.0,2
m3-12,96,479.95,43.9979,49.8047,997.6191,1,123.71,-91.0,2
m3-12,97,484.96,43.9979,49.3164,997.5806,1,119.14,-91.0,2
m3-12,98,489.96,43.9854,48.584,997.5208,1,123.53,-91.0,2
m3-12,99,494.97,44.0438,48.0957,997.5344,1,119.29,-91.0,2
m3-12,100,499.97,44.0,47.8516,997.5903,1,123.4,-91.0,2
m3-12,101,504.97,44.0104,47.6074,997.5862,1,119.14,-91.0,2
m3-12,102,509.98,44.0042,46.3867,997.5588,1,123.5,-91.0,2
m3-12,103,515.02,43.9979,46.1426,997.584,1,119.51,-91.0,2
m3-12,104,519.98,44.0271,46.875,997.5942,1,123.16,-91.0,2
m3-12,105,524.99,44.0354,47.3633,997.5798,1,119.34,-91.0,2
m3-12,106,529.99,44.0229,46.1426,997.5723,1,123.44,-91.0,2
m3-12,107,535.0,44.0417,44.6777,997.5178,1,119.38,-91.0,2
m3-12,108,540.0,44.0292,42.2363,997.5625,1,123.28,-91.0,2
m3-12,109,545.01,44.0542,40.5273,997.489,1,119.5,-91.0,2
m3-12,110,550.01,44.0375,39.0625,997.5019,1,123.2,-91.0,2
m3-12,111,555.02,44.025,39.7949,997.5752,1,119.54,-91.0,2
m3-12,112,560.02,44.0667,40.5273,997.6362,1,123.15,-91.0,2
m3-12,113,565.07,44.0771,42.7246,997.5012,2,119.71,-91.0,2
m3-12,114,570.03,44.0979,44.4336,997.5625,1,122.94,-91.0,2
m3-12,115,575.03,44.0729,46.3867,997.5198,1,119.62,-91.0,2
m3-12,116,580.04,44.0708,47.1191,997.5828,1,122.97,-91.0,2
m3-12,117,585.04,44.0708,47.8516,997.6355,1,119.78,-91.0,2
m3-12,118,590.04,44.1083,47.6074,997.5598,1,123.1,-91.0,2
m3-12,119,595.09,44.0729,47.8516,997.5486,1,119.71,-91.0,2
m3-12,120,600.05,44.0854,47.6074,997.5312,1,123.0,-91.0,2
m3-12,121,605.06,44.125,47.6074,997.5566,0,119.76,-91.0,2
m3-12,122,610.06,44.0917,46.875,997.4651,2,122.94,-91.0,2
m3-12,123,615.06,44.0958,47.3633,997.4856,1,119.72,-91.0,2
m3-12,124,620.07,44.0896,47.1191,997.5872,1,122.94,-91.0,2
m3-12,125,625.07,44.1083,47.3633,997.4475,1,119.84,-91.0,2
m3-12,126,630.08,44.1208,47.1191,997.5623,1,122.74,-91.0,2
m3-12,127,635.08,44.1187,46.875,997.6255,1,120.04,-91.0,2
m3-12,128,640.09,44.1437,46.6309,997.5664,1,122.92,-91.0,2
m3-12,129,645.09,44.1333,47.8516,997.4163,2,119.91,-91.0,2
m3-12,130,650.1,44.0958,47.8516,997.5928,0,122.84,-91.0,2
m3-12,131,655.1,44.1292,48.0957,997.4993,1,119.99,-91.0,2
m3-12,132,660.1,44.1313,47.8516,997.5242,1,122.65,-91.0,2
m3-12,133,665.11,44.1667,48.8281,997.5134,1,120.01,-91.0,2
m3-12,134,670.11,44.1625,48.3398,997.584,1,122.69,-91.0,2
m3-12,135,675.12,44.1729,48.8281,997.4233,2,120.13,-91.0,2
m3-12,136,680.12,44.1542,48.8281,997.6772,1,122.56,-91.0,2
m3-12,137,685.12,44.2083,49.0723,997.6995,1,120.21,-91.0,2
m3-12,138,690.13,44.2125,48.8281,997.5576,1,122.64,-91.0,2
m3-12,139,695.13,44.175,48.8281,997.4883,0,120.17,-91.0,2
m3-12,140,700.14,44.1625,48.584,997.5933,1,122.61,-91.0,2
m3-12,141,705.14,44.1979,49.0723,997.6287,1,120.23,-91.0,2
m3-12,142,710.14,44.2062,48.0957,997.5933,1,122.44,-91.0,2
m3-12,143,715.15,44.1938,47.1191,997.5569,1,120.21,-91.0,2
m3-12,144,720.15,44.2167,45.8984,997.605,1,122.47,-91.0,2
m3-12,145,725.16,44.2292,43.7012,997.5181,1,120.34,-91.0,2
m3-12,146,730.16,44.1792,43.2129,997.4846,1,122.31,-91.0,2
m3-12,147,735.16,44.1875,43.2129,997.5491,0,120.45,-91.0,2
m3-12,148,740.17,44.2229,42.4805,997.5681,1,122.36,-91.0,2
m3-12,149,745.17,44.2208,44.1895,997.6824,2,120.4,-91.0,2
m3-12,150,750.17,44.2521,44.4336,997.488,1,122.36,-91.0,2
m3-12,151,755.18,44.2208,43.2129,997.562,1,120.44,-91.0,2
m3-12,152,760.18,44.2417,44.1895,997.6873,2,122.26,-91.0,2
m3-12,153,765.19,44.2687,45.166,997.499,2,120.4,-91.0,2
m3-12,154,770.19,44.2208,43.457,997.6003,2,122.22,-91.0,2
m3-12,155,775.19,44.2521,41.9922,997.5693,1,120.58,-91.0,2
m3-12,156,780.2,44.3,41.748,997.592,1,122.1,-91.0,2
m3-12,157,785.2,44.2687,43.457,997.6348,1,120.68,-91.0,2
m3-12,158,790.21,44.2521,43.457,997.6094,0,122.17,-91.0,2
m3-12,159,795.21,44.2604,43.2129,997.5759,1,120.68,-91.0,2
m3-12,160,800.22,44.2542,43.2129,997.6448,0,122.12,-91.0,2
m3-12,161,805.22,44.3021,44.4336,997.5281,2,120.7,-91.0,2
m3-12,162,810.22,44.2667,43.9453,997.5256,1,122.06,-91.0,2
m3-12,163,815.23,44.2875,43.7012,997.5989,1,120.61,-91.0,2
m3-12,164,820.23,44.3125,43.457,997.6741,1,122.08,-91.0,2
m3-12,165,825.23,44.2792,43.7012,997.5842,1,120.77,-91.0,2
m3-12,166,830.24,44.2958,44.1895,997.6606,1,121.94,-91.0,2
m3-12,167,835.24,44.2979,44.6777,997.6033,1,120.96,-91.0,2
m3-12,168,840.25,44.3208,44.1895,997.6221,1,121.95,-91.0,2
m3-12,169,845.25,44.3271,43.2129,997.6304,1,120.89,-91.0,2
m3-12,170,850.26,44.2875,41.748,997.5007,2,121.87,-91.0,2
m3-12,171,855.3,44.2958,41.9922,997.5335,1,120.96,-91.0,2
m3-12,172,860.26,44.3021,42.2363,997.5728,1,121.82,-91.0,2
m3-12,173,865.27,44.3021,42.4805,997.6396,1,120.85,-91.0,2
m3-12,174,870.27,44.3333,40.5273,997.5942,1,121.83,-91.0,2
m3-12,175,875.27,44.3292,40.0391,997.5237,1,121.03,-91.0,2
m3-12,176,880.28,44.3396,40.0391,997.54,0,121.85,-91.0,2
m3-12,177,885.28,44.3208,41.5039,997.5405,1,121.0,-91.0,2
m3-12,178,890.29,44.3417,42.4805,997.5146,1,121.71,-91.0,2
m3-12,179,895.29,44.3396,43.9453,997.5759,1,121.13,-91.0,2
m3-12,180,900.3,44.3479,42.7246,997.6382,1,121.68,-91.0,2
m3-12,181,905.3,44.3646,42.9688,997.6057,1,121.03,-91.0,2
m3-12,182,910.31,44.35,44.1895,997.6418,1,121.73,-91.0,2
m3-12,183,915.31,44.3354,45.4102,997.6023,1,121.1,-91.0,2
m3-12,184,920.31,44.3521,43.9453,997.6875,1,121.65,-91.0,2
m3-12,185,925.32,44.3646,43.457,997.5234,2,121.25,-91.0,2
m3-12,186,930.32,44.35,43.7012,997.4907,1,121.67,-91.0,2
m3-12,187,935.32,44.3542,43.457,997.6306,1,121.23,-91.0,2
m3-12,188,940.33,44.4021,44.9219,997.5273,2,121.52,-91.0,2
m3-12,189,945.33,44.3646,46.3867,997.5432,1,122.17,-91.0,2
m3-2,1,4.55,42.4417,99.3652,995.4893,0,119.17,-91.0,2
m3-2,2,9.56,42.4479,99.6094,995.437,1,120.82,-91.0,2
m3-2,3,14.56,42.5,99.3652,995.3296,1,120.22,-91.0,2
m3-2,4,19.57,42.4813,99.3652,995.4792,0,120.97,-91.0,2
m3-2,5,24.61,42.5583,99.8535,995.3999,2,120.11,-91.0,2
m3-2,6,29.58,42.5312,99.3652,995.408,1,121.08,-91.0,2
m3-2,7,34.58,42.575,99.3652,995.4268,0,120.13,-91.0,2
m3-2,8,39.58,42.5708,99.6094,995.4614,1,120.97,-91.0,2
m3-2,9,44.59,42.5958,99.6094,995.292,0,119.93,-91.0,2
m3-2,10,49.59,42.5646,100.0977,995.3638,1,121.17,-91.0,2
m3-2,11,54.6,42.6021,99.6094,995.3391,1,119.9,-91.0,2
m3-2,12,59.6,42.6125,99.6094,995.4002,0,121.26,-91.0,2
m3-2,13,64.6,42.625,99.6094,995.3547,0,119.94,-91.0,2
m3-2,14,69.61,42.6458,99.8535,995.3652,1,121.32,-91.0,2
m3-2,15,74.66,42.6479,100.0977,995.3215,1,119.92,-91.0,2
m3-2,16,79.62,42.6604,99.3652,995.4748,2,121.38,-91.0,2
m3-2,17,84.62,42.7042,99.1211,995.4475,1,119.87,-91.0,2
m3-2,18,89.63,42.7208,99.6094,995.3123,2,121.41,-91.0,2
m3-2,19,94.63,42.7021,100.3418,995.4055,2,119.82,-91.0,2
m3-2,20,99.63,42.7437,98.8769,995.4055,1,121.42,-91.0,2
m3-2,21,104.64,42.7646,98.8769,995.4758,0,119.78,-91.0,2
m3-2,22,109.64,42.775,99.6094,995.4082,1,121.43,-91.0,2
m3-2,23,114.65,42.8021,100.5859,995.3738,1,119.78,-91.0,2
m3-2,24,119.65,42.7771,99.8535,995.4111,1,121.5,-91.0,2
m3-2,25,124.65,42.8292,100.3418,995.3469,1,119.75,-91.0,2
m3-2,26,129.66,42.7875,102.2949,995.3853,1,121.55,-91.0,2
m3-2,27,134.66,42.8438,101.8066,995.2864,2,119.76,-91.0,2
m3-2,28,139.67,42.8396,101.5625,995.2837,1,121.63,-91.0,2
m3-2,29,144.67,42.8771,100.5859,995.3489,1,119.68,-91.0,2
m3-2,30,149.68,42.85,101.3184,995.4036,1,121.72,-91.0,2
m3-2,31,154.68,42.8771,100.5859,995.3433,1,119.46,-91.0,2
m3-2,32,159.69,42.8708,101.3184,995.2644,1,121.71,-91.0,2
m3-2,33,164.69,42.875,100.5859,995.3289,1,119.41,-91.0,2
m3-2,34,169.69,42.8917,101.0742,995.3813,1,121.66,-91.0,2
m3-2,35,174.7,42.925,100.8301,995.3538,1,119.58,-91.0,2
m3-2,36,179.7,42.9375,100.8301,995.3772,0,121.87,-91.0,2
m3-2,37,184.71,42.9438,101.3184,995.3452,1,119.44,-91.0,2
m3-2,38,189.71,42.9542,101.5625,995.4282,1,121.95,-91.0,2
m3-2,39,194.71,42.9729,100.8301,995.3835,1,119.4,-91.0,2
m3-2,40,199.72,42.975,101.3184,995.3662,1,121.98,-91.0,2
m3-2,41,204.76,42.9583,101.0742,995.3428,1,119.19,-91.0,2
m3-2,42,209.73,42.975,102.0508,995.3845,1,122.1,-91.0,2
m3-2,43,214.73,43.0125,101.5625,995.2854,2,119.25,-91.0,2
m3-2,44,219.74,43.025,102.2949,995.3545,1,121.96,-91.0,2
m3-2,45,224.74,43.0292,101.0742,995.4058,1,119.27,-91.0,2
m3-2,46,229.74,43.0146,101.8066,995.3694,1,122.01,-91.0,2
m3-2,47,234.75,43.0167,101.5625,995.3784,1,119.24,-91.0,2
m3-2,48,239.75,43.0646,101.8066,995.3267,1,122.12,-91.0,2
m3-2,49,244.75,43.05,101.8066,995.2991,0,119.22,-91.0,2
m3-2,50,249.76,43.0604,102.0508,995.4294,1,122.14,-91.0,2
m3-2,51,254.76,43.0896,101.5625,995.3423,1,119.25,-91.0,2
m3-2,52,259.77,43.0688,102.5391,995.3779,1,122.2,-91.0,2
m3-2,53,264.77,43.0938,101.8066,995.2747,2,119.11,-91.0,2
m3-2,54,269.78,43.0688,102.0508,995.3298,1,122.17,-91.0,2
m3-2,55,274.78,43.1521,102.0508,995.3489,0,119.09,-91.0,2
m3-2,56,279.79,43.1187,102.2949,995.228,1,122.14,-91.0,2
m3-2,57,284.79,43.1208,102.5391,995.4609,1,118.91,-91.0,2
m3-2,58,289.8,43.1646,102.7832,995.4981,1,122.44,-91.0,2
m3-2,59,294.8,43.1792,102.7832,995.259,1,118.95,-91.0,2
m3-2,60,299.8,43.1146,103.0273,995.334,1,122.52,-91.0,2
m3-2,61,304.81,43.1271,102.7832,995.3709,1,118.92,-91.0,2
m3-2,62,309.81,43.1583,103.2715,995.3879,1,122.55,-91.0,2
m3-2,63,314.82,43.1792,103.0273,995.3731,1,118.83,-91.0,2
m3-2,64,319.82,43.1833,103.0273,995.3108,0,122.52,-91.0,2
m3-2,65,324.83,43.1792,102.2949,995.3769,1,118.79,-91.0,2
m3-2,66,329.83,43.2188,102.5391,995.3752,1,122.57,-91.0,2
m3-2,67,334.84,43.2229,102.5391,995.3169,0,118.75,-91.0,2
m3-2,68,339.84,43.2021,103.0273,995.4043,1,122.62,-91.0,2
m3-2,69,344.84,43.2417,102.5391,995.3623,1,118.75,-91.0,2
m3-2,70,349.85,43.2313,103.0273,995.3345,1,122.67,-91.0,2
m3-2,71,354.85,43.2313,102.0508,995.3984,1,118.74,-91.0,2
m3-2,72,359.86,43.2354,103.0273,995.4539,1,122.78,-91.0,2
m3-2,73,364.86,43.2833,102.2949,995.4614,1,118.74,-91.0,2
m3-2,74,369.86,43.275,102.0508,995.303,1,122.81,-91.0,2
m3-2,75,374.87,43.2604,101.3184,995.4014,2,118.74,-91.0,2
m3-2,76,379.87,43.275,101.5625,995.4309,1,122.81,-91.0,2
m3-2,77,384.87,43.2958,101.3184,995.4495,1,118.63,-91.0,2
m3-2,78,389.88,43.3229,100.8301,995.3552,1,122.82,-91.0,2
m3-2,79,394.88,43.3104,100.0977,995.2942,1,118.56,-91.0,2
m3-2,80,399.89,43.3271,100.3418,995.3301,1,122.98,-91.0,2
m3-2,81,404.89,43.3188,99.8535,995.3472,1,118.33,-91.0,2
m3-2,82,409.89,43.3167,98.6328,995.3528,1,122.93,-91.0,2
m3-2,83,414.9,43.3417,97.168,995.2302,2,118.58,-91.0,2
m3-2,84,419.9,43.2917,97.4121,995.3372,1,123.11,-91.0,2
m3-2,85,424.91,43.3604,96.9238,995.2996,1,118.38,-91.0,2
m3-2,86,429.91,43.3438,97.168,995.3914,1,123.14,-91.0,2
m3-2,87,434.91,43.3646,97.4121,995.2781,1,118.45,-91.0,2
m3-2,88,439.92,43.3312,97.9004,995.259,1,123.17,-91.0,2
m3-2,89,444.92,43.3375,98.1445,995.3477,1,118.42,-91.0,2
m3-2,90,449.93,43.375,99.1211,995.3176,1,123.15,-91.0,2
m3-2,91,454.93,43.425,98.6328,995.2976,1,118.36,-91.0,2
m3-2,92,459.93,43.3875,99.1211,995.3408,1,123.09,-91.0,2
m3-2,93,464.94,43.4229,100.8301,995.4087,1,118.36,-91.0,2
m3-2,94,469.95,43.4229,101.0742,995.3142,1,123.04,-91.0,2
m3-2,95,474.95,43.3854,100.8301,995.4248,1,118.41,-91.0,2
m3-2,96,479.95,43.4354,102.0508,995.2598,2,123.04,-91.0,2
m3-2,97,484.96,43.4188,101.3184,995.3389,1,118.51,-91.0,2
m3-2,98,489.96,43.4104,99.6094,995.2917,1,123.08,-91.0,2
m3-2,99,494.97,43.425,98.8769,995.2632,1,118.56,-91.0,2
m3-2,100,499.97,43.4062,98.3887,995.2566,1,123.03,-91.0,2
m3-2,101,504.97,43.4333,98.1445,995.2661,1,118.59,-91.0,2
m3-2,102,509.98,43.4229,96.1914,995.2771,1,122.97,-91.0,2
m3-2,103,515.02,43.4583,95.459,995.26,1,118.83,-91.0,2
m3-2,104,519.99,43.4542,97.168,995.3914,2,122.79,-91.0,2
m3-2,105,524.99,43.4521,97.9004,995.3301,1,118.64,-91.0,2
m3-2,106,529.99,43.4792,95.9473,995.3491,1,122.86,-91.0,2
m3-2,107,535.0,43.4958,92.7734,995.2554,2,118.85,-91.0,2
m3-2,108,540.01,43.4854,88.8672,995.1436,2,122.77,-91.0,2
m3-2,109,545.01,43.4771,84.7168,995.3059,2,118.98,-91.0,2
m3-2,110,550.01,43.5146,82.5195,995.1836,2,122.81,-91.0,2
m3-2,111,555.02,43.4667,83.7402,995.2358,1,119.11,-91.0,2
m3-2,112,560.02,43.4979,85.6934,995.3389,2,122.83,-91.0,2
m3-2,113,565.02,43.5292,89.5996,995.2153,2,119.06,-91.0,2
m3-2,114,570.03,43.4979,93.75,995.2563,1,122.71,-91.0,2
m3-2,115,575.03,43.5396,96.9238,995.3369,2,119.02,-91.0,2
m3-2,116,580.04,43.5458,98.6328,995.1916,2,122.61,-91.0,2
m3-2,117,585.04,43.5458,99.8535,995.2915,1,119.0,-91.0,2
m3-2,118,590.09,43.5583,100.0977,995.3276,1,122.35,-91.0,2
m3-2,119,595.05,43.5646,100.8301,995.3069,1,119.19,-91.0,2
m3-2,120,600.1,43.5562,100.5859,995.3855,1,122.32,-91.0,2
m3-2,121,605.06,43.6042,100.0977,995.2671,2,119.2,-91.0,2
m3-2,122,610.06,43.6146,99.3652,995.238,1,122.55,-91.0,2
m3-2,123,615.07,43.6063,99.8535,995.3245,1,119.18,-91.0,2
m3-2,124,620.11,43.5896,99.8535,995.3057,0,122.44,-91.0,2
m3-2,125,625.08,43.5938,100.5859,995.2615,1,119.31,-91.0,2
m3-2,126,630.08,43.6021,100.3418,995.375,1,122.46,-91.0,2
m3-2,127,635.08,43.6417,100.0977,995.2566,1,119.24,-91.0,2
m3-2,128,640.09,43.6125,99.8535,995.2561,1,122.4,-91.0,2
m3-2,129,645.09,43.6146,103.0273,995.2624,1,119.22,-91.0,2
m3-2,130,650.1,43.6063,102.7832,995.2459,1,122.14,-91.0,2
m3-2,131,655.1,43.6083,103.0273,995.2312,1,119.37,-91.0,2
m3-2,132,660.1,43.6104,103.0273,995.3005,0,122.29,-91.0,2
m3-2,133,665.11,43.6479,104.4922,995.2312,1,119.33,-91.0,2
m3-2,134,670.11,43.6104,104.4922,995.25,0,122.11,-91.0,2
m3-2,135,675.12,43.6125,105.4688,995.2803,1,119.51,-91.0,2
m3-2,136,680.12,43.6688,105.957,995.2681,1,122.14,-91.0,2
m3-2,137,685.12,43.6375,105.957,995.2153,0,119.56,-91.0,2
m3-2,138,690.13,43.6375,105.957,995.2676,0,122.08,-91.0,2
m3-2,139,695.13,43.6625,105.957,995.332,0,119.61,-91.0,2
m3-2,140,700.14,43.6708,105.4688,995.2756,1,122.08,-91.0,2
m3-2,141,705.14,43.6979,106.9336,995.3911,2,119.62,-91.0,2
m3-2,142,710.19,43.6979,105.4688,995.2839,2,121.96,-91.0,2
m3-2,143,715.15,43.6729,102.7832,995.323,1,119.63,-91.0,2
m3-2,144,720.15,43.7021,101.3184,995.3228,1,121.92,-91.0,2
m3-2,145,725.16,43.7146,96.6797,995.3413,1,119.66,-91.0,2
m3-2,146,730.16,43.7167,95.9473,995.2637,1,121.95,-91.0,2
m3-2,147,735.17,43.725,95.459,995.4446,2,119.8,-91.0,2
m3-2,148,740.17,43.7146,94.7266,995.2673,2,121.95,-91.0,2
m3-2,149,745.17,43.7313,98.1445,995.3391,1,119.82,-91.0,2
m3-2,150,750.18,43.7271,99.1211,995.3247,1,121.94,-91.0,2
m3-2,151,755.18,43.7521,96.6797,995.3374,1,119.85,-91.0,2
m3-2,152,760.18,43.7417,99.1211,995.3721,1,121.91,-91.0,2
m3-2,153,765.19,43.7604,100.8301,995.2839,1,119.95,-91.0,2
m3-2,154,770.19,43.7396,97.6562,995.2395,1,121.89,-91.0,2
m3-2,155,775.2,43.7854,94.4824,995.4075,2,119.94,-91.0,2
m3-2,156,780.2,43.7458,94.2383,995.4546,1,121.87,-91.0,2
m3-2,157,785.2,43.8125,97.6562,995.3997,1,119.99,-91.0,2
m3-2,158,790.21,43.7875,97.9004,995.1743,1,121.76,-91.0,2
m3-2,159,795.21,43.7167,97.9004,995.1667,0,119.95,-91.0,2
m3-2,160,800.22,43.7333,97.9004,995.1455,0,121.7,-91.0,2
m3-2,161,805.22,43.7625,100.0977,995.3123,2,119.99,-91.0,2
m3-2,162,810.23,43.7604,99.8535,995.2944,1,121.63,-91.0,2
m3-2,163,815.23,43.7979,98.6328,995.2832,1,120.19,-91.0,2
m3-2,164,820.23,43.7771,99.1211,995.3232,1,121.51,-91.0,2
m3-2,165,825.27,43.7958,98.8769,995.2688,1,120.21,-91.0,2
m3-2,166,830.24,43.7917,100.3418,995.24,1,121.45,-91.0,2
m3-2,167,835.24,43.7729,100.8301,995.2248,1,120.13,-91.0,2
m3-2,168,840.25,43.8042,100.8301,995.3687,0,121.63,-91.0,2
m3-2,169,845.25,43.8667,98.3887,995.2693,2,120.36,-91.0,2
m3-2,170,850.25,43.7896,95.9473,995.2776,1,121.46,-91.0,2
m3-2,171,855.26,43.7958,95.9473,995.2473,0,120.53,-91.0,2
m3-2,172,860.26,43.8104,97.168,995.2749,1,121.5,-91.0,2
m3-2,173,865.27,43.8271,97.168,995.2942,0,120.47,-91.0,2
m3-2,174,870.27,43.8188,93.9941,995.2481,1,121.44,-91.0,2
m3-2,175,875.27,43.8396,92.2852,995.262,1,120.51,-91.0,2
m3-2,176,880.28,43.8354,92.2852,995.2266,0,121.39,-91.0,2
m3-2,177,885.28,43.85,95.459,995.3564,2,120.51,-91.0,2
m3-2,178,890.29,43.8792,97.6562,995.3147,1,121.34,-91.0,2
m3-2,179,895.29,43.8708,100.8301,995.3874,1,120.54,-91.0,2
m3-2,180,900.29,43.9021,98.6328,995.2541,2,121.3,-91.0,2
m3-2,181,905.3,43.8438,98.6328,995.3782,0,120.61,-91.0,2
m3-2,182,910.3,43.8813,101.8066,995.3286,1,121.3,-91.0,2
m3-2,183,915.31,43.8521,104.2481,995.2886,1,120.62,-91.0,2
m3-2,184,920.31,43.8896,101.5625,995.3655,1,121.27,-91.0,2
m3-2,185,925.31,43.8771,100.3418,995.249,2,120.73,-91.0,2
m3-2,186,930.32,43.8687,100.8301,995.2185,1,121.29,-91.0,2
m3-2,187,935.32,43.8667,100.5859,995.3274,1,120.77,-91.0,2
m3-2,188,940.33,43.9312,103.5156,995.24,2,121.19,-91.0,2
m3-2,189,945.33,43.8729,106.6894,995.2583,1,121.26,-91.0,2
m3-3,1,9.56,43.8583,75.6836,995.9778,0,115.97,-91.0,2
m3-3,2,14.56,43.8917,75.6836,995.948,0,116.77,-91.0,2
m3-3,3,19.57,43.9146,75.1953,995.8887,1,115.9,-91.0,2
m3-3,4,24.57,43.9021,75.4394,995.8735,1,116.7,-91.0,2
m3-3,5,29.57,43.9146,75.1953,995.9981,1,115.97,-91.0,2
m3-3,6,34.58,43.9771,75.4394,996.1282,1,116.71,-91.0,2
m3-3,7,39.58,44.0083,75.1953,995.9436,1,115.9,-91.0,2
m3-3,8,44.59,43.9854,75.6836,995.8936,1,116.78,-91.0,2
m3-3,9,49.59,43.9854,75.6836,995.9456,0,115.88,-91.0,2
m3-3,10,54.64,44.0104,75.9277,995.8958,1,116.87,-91.0,2
m3-3,11,59.6,44.0104,75.6836,995.8779,1,115.62,-91.0,2
m3-3,12,64.6,44.0375,75.6836,995.8523,0,117.02,-91.0,2
m3-3,13,69.61,44.0354,75.4394,995.9297,1,115.66,-91.0,2
m3-3,14,74.61,44.0604,75.9277,995.8355,1,117.05,-91.0,2
m3-3,15,79.62,44.0312,75.1953,995.8894,1,115.66,-91.0,2
m3-3,16,84.62,44.075,75.4394,995.9385,1,117.03,-91.0,2
m3-3,17,89.63,44.1167,75.4394,995.8618,0,115.76,-91.0,2
m3-3,18,94.63,44.0979,75.9277,995.8936,1,116.91,-91.0,2
m3-3,19,99.63,44.1354,74.9512,996.0137,2,115.84,-91.0,2
m3-3,20,104.64,44.175,75.6836,995.9121,2,117.04,-91.0,2
m3-3,21,109.64,44.1521,75.1953,995.8899,1,115.54,-91.0,2
m3-3,22,114.65,44.1667,76.1719,995.9702,1,117.24,-91.0,2
m3-3,23,119.65,44.1958,75.1953,995.9578,1,115.5,-91.0,2
m3-3,24,124.65,44.1875,75.6836,995.845,2,117.26,-91.0,2
m3-3,25,129.66,44.1833,76.416,995.9514,2,115.52,-91.0,2
m3-3,26,134.66,44.225,76.1719,995.8518,1,117.19,-91.0,2
m3-3,27,139.67,44.1917,75.9277,995.7607,1,115.53,-91.0,2
m3-3,28,144.67,44.1938,75.9277,995.9377,0,117.24,-91.0,2
m3-3,29,149.68,44.2542,75.9277,995.824,0,115.38,-91.0,2
m3-3,30,154.68,44.2354,75.9277,995.9199,0,117.55,-91.0,2
m3-3,31,159.68,44.2875,75.9277,995.9758,0,115.27,-91.0,2
m3-3,32,164.69,44.3042,75.9277,995.7681,0,117.45,-91.0,2
m3-3,33,169.69,44.2979,75.6836,995.9602,1,115.38,-91.0,2
m3-3,34,174.7,44.3375,75.9277,995.9385,1,117.38,-91.0,2
m3-3,35,179.7,44.2938,75.6836,995.9651,1,115.45,-91.0,2
m3-3,36,184.71,44.3292,76.1719,995.8198,2,117.4,-91.0,2
m3-3,37,189.71,44.375,75.6836,995.9627,2,115.38,-91.0,2
m3-3,38,194.71,44.3521,75.6836,995.9297,0,117.45,-91.0,2
m3-3,39,199.72,44.3792,75.4394,996.0046,1,115.22,-91.0,2
m3-3,40,204.72,44.3792,75.6836,995.9702,1,117.7,-91.0,2
m3-3,41,209.73,44.4042,75.9277,995.8799,1,115.15,-91.0,2
m3-3,42,214.73,44.3917,75.9277,995.9614,0,117.71,-91.0,2
m3-3,43,219.74,44.4292,75.6836,995.864,1,115.15,-91.0,2
m3-3,44,224.74,44.4021,75.6836,995.9014,0,117.74,-91.0,2
m3-3,45,229.74,44.425,75.6836,995.9624,0,115.12,-91.0,2
m3-3,46,234.75,44.4479,75.6836,995.8188,0,117.68,-91.0,2
m3-3,47,239.75,44.4083,75.6836,995.9238,0,115.26,-91.0,2
m3-3,48,244.75,44.4562,75.6836,995.9587,0,117.7,-91.0,2
m3-3,49,249.76,44.4813,75.6836,995.8845,0,115.02,-91.0,2
m3-3,50,254.76,44.4562,75.6836,995.9045,0,117.86,-91.0,2
m3-3,51,259.77,44.4667,75.6836,995.9651,0,114.98,-91.0,2
m3-3,52,264.77,44.4958,75.9277,995.8938,1,117.91,-91.0,2
m3-3,53,269.78,44.4917,75.4394,995.8823,1,114.94,-91.0,2
m3-3,54,274.78,44.4937,75.9277,995.9807,1,117.88,-91.0,2
m3-3,55,279.79,44.5271,75.4394,995.8928,1,115.03,-91.0,2
m3-3,56,284.79,44.5021,76.1719,995.9929,2,117.89,-91.0,2
m3-3,57,289.8,44.525,75.6836,995.9182,1,114.87,-91.0,2
m3-3,58,294.8,44.5312,76.1719,995.9226,1,118.19,-91.0,2
m3-3,59,299.81,44.5167,75.6836,995.8359,1,114.66,-91.0,2
m3-3,60,304.81,44.5187,75.9277,995.8435,1,118.19,-91.0,2
m3-3,61,309.81,44.5604,75.6836,995.7502,1,114.74,-91.0,2
m3-3,62,314.82,44.5625,75.9277,995.8728,1,118.13,-91.0,2
m3-3,63,319.82,44.5479,75.4394,995.8577,1,114.83,-91.0,2
m3-3,64,324.87,44.5667,75.1953,995.8132,1,118.25,-91.0,2
m3-3,65,329.83,44.6,74.9512,995.8562,1,114.62,-91.0,2
m3-3,66,334.84,44.5833,75.4394,995.9724,2,118.18,-91.0,2
m3-3,67,339.84,44.6125,75.4394,995.8569,0,114.53,-91.0,2
m3-3,68,344.84,44.6146,75.4394,996.03,0,118.39,-91.0,2
m3-3,69,349.85,44.6458,75.1953,995.8127,1,114.51,-91.0,2
m3-3,70,354.85,44.6063,74.9512,995.9429,1,118.38,-91.0,2
m3-3,71,359.85,44.6479,74.9512,995.9673,0,114.56,-91.0,2
m3-3,72,364.86,44.6667,74.707,996.0852,1,118.34,-91.0,2
m3-3,73,369.86,44.7104,74.2188,996.0481,1,114.59,-91.0,2
m3-3,74,374.87,44.6896,73.9746,996.0034,1,118.35,-91.0,2
m3-3,75,379.87,44.6875,73.4863,995.9331,1,114.57,-91.0,2
m3-3,76,384.87,44.6667,73.7305,995.9766,1,118.44,-91.0,2
m3-3,77,389.88,44.7042,72.9981,996.0132,1,114.38,-91.0,2
m3-3,78,394.88,44.7042,72.7539,995.969,1,118.51,-91.0,2
m3-3,79,399.89,44.7146,72.5098,995.8538,1,114.43,-91.0,2
m3-3,80,404.89,44.6833,72.5098,995.926,0,118.51,-91.0,2
m3-3,81,409.89,44.7104,71.2891,995.9736,1,114.36,-91.0,2
m3-3,82,414.9,44.7313,70.5566,996.0298,1,118.64,-91.0,2
m3-3,83,419.95,44.7646,70.0684,995.9143,2,114.3,-91.0,2
m3-3,84,424.91,44.7521,70.0684,995.9548,0,118.71,-91.0,2
m3-3,85,429.91,44.7542,69.8242,995.9106,1,114.28,-91.0,2
m3-3,86,434.91,44.7646,70.3125,995.9619,1,118.78,-91.0,2
m3-3,87,439.92,44.7437,70.3125,995.9209,0,114.22,-91.0,2
m3-3,88,444.92,44.8,71.0449,995.8901,1,118.72,-91.0,2
m3-3,89,449.93,44.7833,71.5332,995.9937,2,114.21,-91.0,2
m3-3,90,454.93,44.7646,71.0449,995.9377,1,118.79,-91.0,2
m3-3,91,459.94,44.8083,71.2891,995.9202,1,114.16,-91.0,2
m3-3,92,464.94,44.8042,72.7539,995.9844,1,118.78,-91.0,2
m3-3,93,469.95,44.8312,72.5098,995.7886,1,114.17,-91.0,2
m3-3,94,474.95,44.7917,72.5098,995.9353,0,118.68,-91.0,2
m3-3,95,479.95,44.8354,72.9981,995.9067,1,114.26,-91.0,2
m3-3,96,484.96,44.8333,72.5098,995.9692,1,118.75,-91.0,2
m3-3,97,489.96,44.85,71.0449,995.978,1,114.19,-91.0,2
m3-3,98,494.97,44.8729,70.3125,995.939,1,118.78,-91.0,2
m3-3,99,500.01,44.8396,70.0684,995.9351,1,114.45,-91.0,2
m3-3,100,504.97,44.8604,70.0684,995.8801,0,118.57,-91.0,2
m3-3,101,509.98,44.8417,68.3594,995.8367,1,114.34,-91.0,2
m3-3,102,514.98,44.85,67.6269,995.9097,1,118.68,-91.0,2
m3-3,103,519.99,44.8875,69.0918,995.9062,1,114.28,-91.0,2
m3-3,104,525.04,44.8854,69.5801,995.8953,1,118.61,-91.0,2
m3-3,105,529.99,44.8771,68.1152,995.8259,1,114.53,-91.0,2
m3-3,106,535.0,44.8646,65.6738,995.8882,1,118.6,-91.0,2
m3-3,107,540.0,44.8771,62.5,995.9145,1,114.48,-91.0,2
m3-3,108,545.01,44.9042,59.5703,995.8328,1,118.62,-91.0,2
m3-3,109,550.01,44.8937,58.1055,995.8159,1,114.53,-91.0,2
m3-3,110,555.02,44.8854,58.5938,995.8555,1,118.59,-91.0,2
m3-3,111,560.02,44.9042,60.3027,995.8147,1,114.54,-91.0,2
m3-3,112,565.02,44.9021,62.7441,995.8955,1,118.6,-91.0,2
m3-3,113,570.03,44.875,65.918,995.8201,1,114.68,-91.0,2
m3-3,114,575.03,44.9438,67.8711,995.8001,1,118.29,-91.0,2
m3-3,115,580.04,44.9292,69.3359,995.8391,1,114.8,-91.0,2
m3-3,116,585.04,44.9438,69.5801,995.9475,1,118.27,-91.0,2
m3-3,117,590.05,44.9792,70.0684,995.8918,1,114.79,-91.0,2
m3-3,118,595.05,44.9271,70.3125,995.8591,1,118.3,-91.0,2
m3-3,119,600.05,44.9417,70.3125,995.823,0,114.72,-91.0,2
m3-3,120,605.06,44.9792,69.5801,995.8064,1,118.41,-91.0,2
m3-3,121,610.06,45.0167,69.3359,995.8779,1,114.63,-91.0,2
m3-3,122,615.11,44.9708,69.0918,995.9097,1,118.32,-91.0,2
m3-3,123,620.07,45.0,69.5801,995.9233,1,114.94,-91.0,2
m3-3,124,625.08,45.0125,69.5801,995.8477,0,118.11,-91.0,2
m3-3,125,630.12,44.9937,69.5801,995.8479,0,115.04,-91.0,2
m3-3,126,635.08,44.9854,68.8477,995.9634,2,118.05,-91.0,2
m3-3,127,640.09,45.0208,69.3359,995.9202,1,115.04,-91.0,2
m3-3,128,645.09,45.0354,70.5566,995.8516,1,118.13,-91.0,2
m3-3,129,650.09,45.0083,71.0449,995.8381,1,114.93,-91.0,2
m3-3,130,655.1,45.0292,70.8008,995.8259,1,118.21,-91.0,2
m3-3,131,660.11,45.0333,71.0449,995.8733,1,114.94,-91.0,2
m3-3,132,665.11,45.0333,71.7773,995.9397,1,118.21,-91.0,2
m3-3,133,670.11,45.0521,72.0215,995.936,1,115.08,-91.0,2
m3-3,134,675.12,45.0562,72.2656,995.9043,1,117.91,-91.0,2
m3-3,135,680.12,45.0417,72.7539,995.9851,1,115.19,-91.0,2
m3-3,136,685.17,45.1083,72.5098,996.0073,1,117.85,-91.0,2
m3-3,137,690.13,45.0583,72.5098,995.822,0,115.23,-91.0,2
m3-3,138,695.13,45.0917,72.0215,995.9387,2,117.94,-91.0,2
m3-3,139,700.14,45.0875,72.0215,995.8828,0,115.21,-91.0,2
m3-3,140,705.14,45.1104,72.5098,995.9492,1,117.93,-91.0,2
m3-3,141,710.15,45.1167,71.7773,995.9153,1,115.17,-91.0,2
m3-3,142,715.19,45.0979,69.5801,995.8843,1,117.82,-91.0,2
m3-3,143,720.15,45.0896,68.8477,995.9358,1,115.4,-91.0,2
m3-3,144,725.16,45.0958,65.1856,995.884,1,117.77,-91.0,2
m3-3,145,730.16,45.0896,64.9414,995.9143,1,115.37,-91.0,2
m3-3,146,735.16,45.1,63.9648,995.8906,1,117.82,-91.0,2
m3-3,147,740.17,45.1146,63.7207,995.9297,1,115.38,-91.0,2
m3-3,148,745.17,45.1125,65.6738,995.8498,1,117.72,-91.0,2
m3-3,149,750.18,45.1083,66.6504,995.834,1,115.48,-91.0,2
m3-3,150,755.18,45.1104,64.4531,995.8171,1,117.74,-91.0,2
m3-3,151,760.23,45.1146,66.1621,995.9167,2,115.69,-91.0,2
m3-3,152,765.19,45.1542,67.1387,995.898,1,117.46,-91.0,2
m3-3,153,770.19,45.1417,65.4297,995.8213,1,115.63,-91.0,2
m3-3,154,775.2,45.1479,62.7441,995.8589,1,117.62,-91.0,2
m3-3,155,780.2,45.125,62.7441,995.8469,0,115.61,-91.0,2
m3-3,156,785.2,45.1354,64.6973,995.8879,1,117.59,-91.0,2
m3-3,157,790.21,45.1667,65.1856,995.8347,1,115.72,-91.0,2
m3-3,158,795.21,45.1167,64.4531,995.78,1,117.49,-91.0,2
m3-3,159,800.21,45.1437,64.9414,995.884,2,115.7,-91.0,2
m3-3,160,805.22,45.1604,66.1621,995.9082,1,117.55,-91.0,2
m3-3,161,810.22,45.1833,66.1621,995.9353,0,115.58,-91.0,2
m3-3,162,815.23,45.1875,64.9414,995.9722,1,117.51,-91.0,2
m3-3,163,820.23,45.2083,65.4297,995.8989,1,115.84,-91.0,2
m3-3,164,825.24,45.2,64.9414,995.8936,1,117.38,-91.0,2
m3-3,165,830.24,45.2021,66.1621,995.9172,1,115.89,-91.0,2
m3-3,166,835.24,45.2146,66.1621,995.9009,0,117.34,-91.0,2
m3-3,167,840.25,45.1854,66.8945,995.9424,1,115.93,-91.0,2
m3-3,168,845.25,45.2188,64.4531,995.9326,1,117.33,-91.0,2
m3-3,169,850.3,45.2229,63.2324,995.9338,1,116.08,-91.0,2
m3-3,170,855.26,45.2188,62.7441,995.8242,2,117.25,-91.0,2
m3-3,171,860.26,45.1917,63.7207,995.8831,1,115.83,-91.0,2
m3-3,172,865.27,45.2229,63.4766,995.8589,1,117.27,-91.0,2
m3-3,173,870.27,45.2375,61.5234,995.8355,1,116.11,-91.0,2
m3-3,174,875.28,45.2229,60.0586,995.7939,1,117.15,-91.0,2
m3-3,175,880.28,45.2146,60.5469,995.9089,2,116.12,-91.0,2
m3-3,176,885.28,45.2687,62.2559,995.9531,1,117.18,-91.0,2
m3-3,177,890.29,45.2333,63.9648,995.8477,2,116.13,-91.0,2
m3-3,178,895.29,45.2208,65.6738,995.971,2,117.16,-91.0,2
m3-3,179,900.3,45.2604,64.4531,995.8391,2,116.08,-91.0,2
m3-3,180,905.3,45.2417,64.209,995.8008,1,117.17,-91.0,2
m3-3,181,910.3,45.2521,66.6504,995.8958,2,116.09,-91.0,2
m3-3,182,915.31,45.2604,67.6269,995.9419,1,117.01,-91.0,2
m3-3,183,920.31,45.2917,66.4062,995.8906,1,116.36,-91.0,2
m3-3,184,925.32,45.2896,64.9414,995.9204,1,116.95,-91.0,2
m3-3,185,930.32,45.2708,65.6738,995.8955,1,116.28,-91.0,2
m3-3,186,935.32,45.275,65.1856,995.8528,1,117.01,-91.0,2
m3-3,187,940.33,45.2771,67.6269,995.9309,1,116.29,-91.0,2
m3-3,188,945.33,45.275,69.3359,995.8694,1,116.01,-91.0,2
m3-4,1,0.01,42.7458,260.498,995.2446,0,115.0,-91.0,2
m3-4,2,4.55,42.7458,261.7188,995.3528,2,120.95,-91.0,2
m3-4,3,9.56,42.7375,263.4277,995.27,1,122.86,-91.0,2
m3-4,4,14.56,42.7604,263.6719,995.3022,1,121.62,-91.0,2
m3-4,5,19.57,42.7708,264.4043,995.3088,1,122.85,-91.0,2
m3-4,6,24.57,42.7875,264.6484,995.1982,1,121.6,-91.0,2
m3-4,7,29.58,42.7896,265.3809,995.1216,1,122.94,-91.0,2
m3-4,8,34.58,42.7938,266.3574,995.3628,2,121.59,-91.0,2
m3-4,9,39.58,42.8438,268.5547,995.2849,2,122.98,-91.0,2
m3-4,10,44.59,42.8604,270.2637,995.2219,1,121.49,-91.0,2
m3-4,11,49.59,42.8396,272.2168,995.0925,2,123.16,-91.0,2
m3-4,12,54.6,42.8646,272.7051,995.2942,2,121.48,-91.0,2
m3-4,13,59.6,42.9188,273.4375,995.1931,2,123.0,-91.0,2
m3-4,14,64.61,42.8958,274.1699,995.2588,1,121.41,-91.0,2
m3-4,15,69.61,42.9417,276.123,995.2971,1,123.19,-91.0,2
m3-4,16,74.61,42.9479,276.6113,995.2229,1,121.31,-91.0,2
m3-4,17,79.62,42.9625,276.8555,995.3716,1,123.23,-91.0,2
m3-4,18,84.62,42.9875,276.3672,995.2459,2,121.3,-91.0,2
m3-4,19,89.62,42.9875,279.0527,995.3613,2,123.14,-91.0,2
m3-4,20,94.63,43.0167,282.7148,995.304,1,121.31,-91.0,2
m3-4,21,99.63,43.0187,279.7852,995.2778,1,123.28,-91.0,2
m3-4,22,104.64,43.0292,283.2031,995.2537,1,121.24,-91.0,2
m3-4,23,109.64,43.0312,283.9355,995.2317,1,123.33,-91.0,2
m3-4,24,114.65,43.0542,270.5078,995.2165,1,121.12,-91.0,2
m3-4,25,119.65,43.0354,285.1562,995.2776,1,123.5,-91.0,2
m3-4,26,124.66,43.0792,287.5977,995.2227,1,121.2,-91.0,2
m3-4,27,129.66,43.0708,288.8184,995.2102,1,123.32,-91.0,2
m3-4,28,134.67,43.1104,288.0859,995.2937,2,121.18,-91.0,2
m3-4,29,139.67,43.1229,289.7949,995.2163,1,123.52,-91.0,2
m3-4,30,144.67,43.125,289.7949,995.2507,0,121.03,-91.0,2
m3-4,31,149.68,43.1417,289.3066,995.2527,1,123.56,-91.0,2
m3-4,32,154.68,43.1625,288.3301,995.2437,1,120.96,-91.0,2
m3-4,33,159.69,43.1229,290.2832,995.2593,1,123.48,-91.0,2
m3-4,34,164.69,43.1708,289.7949,995.1582,2,120.97,-91.0,2
m3-4,35,169.69,43.1625,290.5273,995.2229,1,123.59,-91.0,2
m3-4,36,174.74,43.1854,291.2598,995.1519,1,120.92,-91.0,2
m3-4,37,179.7,43.1896,291.5039,995.1885,1,123.64,-91.0,2
m3-4,38,184.7,43.1688,291.748,995.3352,1,120.96,-91.0,2
m3-4,39,189.71,43.2375,291.5039,995.1763,1,123.66,-91.0,2
m3-4,40,194.71,43.2313,291.2598,995.3025,1,120.84,-91.0,2
m3-4,41,199.72,43.2771,291.748,995.1152,2,123.71,-91.0,2
m3-4,42,204.72,43.2792,291.748,995.2515,0,120.84,-91.0,2
m3-4,43,209.73,43.2875,292.7246,995.2046,1,123.83,-91.0,2
m3-4,44,214.73,43.2792,293.457,995.1772,1,120.66,-91.0,2
m3-4,45,219.73,43.2625,294.1895,995.2117,1,123.77,-91.0,2
m3-4,46,224.74,43.2896,292.7246,995.2073,1,120.83,-91.0,2
m3-4,47,229.75,43.2875,292.2363,995.2703,1,123.8,-91.0,2
m3-4,48,234.75,43.3646,292.7246,995.1733,2,120.64,-91.0,2
m3-4,49,239.79,43.3438,291.2598,995.3618,2,124.13,-91.0,2
m3-4,50,244.8,43.3667,290.7715,995.2466,2,120.34,-91.0,2
m3-4,51,249.76,43.3563,291.2598,995.3418,1,124.02,-91.0,2
m3-4,52,254.76,43.3937,289.7949,995.3101,1,120.7,-91.0,2
m3-4,53,259.77,43.3521,292.7246,995.2253,2,124.0,-91.0,2
m3-4,54,264.82,43.3708,290.5273,995.2144,1,120.43,-91.0,2
m3-4,55,269.78,43.4,291.5039,995.1943,1,124.21,-91.0,2
m3-4,56,274.78,43.3813,291.9922,995.2905,1,120.52,-91.0,2
m3-4,57,279.79,43.4292,293.2129,995.2776,1,124.17,-91.0,2
m3-4,58,284.79,43.4271,294.1895,995.2468,1,120.32,-91.0,2
m3-4,59,289.8,43.3979,295.166,995.2556,1,124.28,-91.0,2
m3-4,60,294.8,43.4729,293.9453,995.2607,1,120.32,-91.0,2
m3-4,61,299.81,43.4542,294.4336,995.2376,1,124.16,-91.0,2
m3-4,62,304.81,43.4875,294.1895,995.1856,1,120.36,-91.0,2
m3-4,63,309.81,43.4417,296.1426,995.3308,2,124.37,-91.0,2
m3-4,64,314.82,43.4604,295.166,995.3398,1,120.27,-91.0,2
m3-4,65,319.82,43.4979,295.4102,995.2466,1,124.36,-91.0,2
m3-4,66,324.83,43.4688,294.6777,995.3232,1,120.22,-91.0,2
m3-4,67,329.83,43.5021,295.6543,995.2983,1,124.57,-91.0,2
m3-4,68,334.83,43.5312,296.1426,995.2046,1,120.2,-91.0,2
m3-4,69,339.84,43.4937,297.3633,995.291,2,124.4,-91.0,2
m3-4,70,344.84,43.55,297.1191,995.0886,1,120.22,-91.0,2
m3-4,71,349.89,43.4979,297.1191,995.3062,1,124.5,-91.0,2
m3-4,72,354.89,43.5542,296.1426,995.346,1,120.07,-91.0,2
m3-4,73,359.86,43.5667,297.1191,995.2449,2,124.66,-91.0,2
m3-4,74,364.86,43.5458,295.8984,995.2563,1,119.99,-91.0,2
m3-4,75,369.86,43.5708,295.166,995.188,1,124.58,-91.0,2
m3-4,76,374.87,43.5604,293.457,995.217,1,120.15,-91.0,2
m3-4,77,379.87,43.6021,293.457,995.3367,0,124.73,-91.0,2
m3-4,78,384.88,43.6,293.2129,995.2815,1,120.05,-91.0,2
m3-4,79,389.92,43.6271,291.5039,995.2971,1,124.69,-91.0,2
m3-4,80,394.88,43.6104,289.7949,995.1809,2,120.11,-91.0,2
m3-4,81,399.89,43.5812,289.3066,995.1807,1,124.61,-91.0,2
m3-4,82,404.89,43.5958,287.8418,995.1455,1,120.02,-91.0,2
m3-4,83,409.9,43.6187,284.4238,995.2434,2,124.71,-91.0,2
m3-4,84,414.9,43.6292,279.541,995.0264,2,120.08,-91.0,2
m3-4,85,419.91,43.6292,278.8086,995.2075,2,124.64,-91.0,2
m3-4,86,424.91,43.6417,278.0762,995.1238,1,120.19,-91.0,2
m3-4,87,429.91,43.6375,277.5879,995.2383,2,124.81,-91.0,2
m3-4,88,434.92,43.6479,279.0527,995.187,1,120.11,-91.0,2
m3-4,89,439.92,43.6562,280.2734,995.2996,2,124.72,-91.0,2
m3-4,90,444.92,43.675,282.2266,995.2339,1,120.26,-91.0,2
m3-4,91,449.93,43.6938,284.9121,995.1304,2,124.53,-91.0,2
m3-4,92,454.93,43.6625,283.6914,995.1343,1,120.37,-91.0,2
m3-4,93,459.98,43.6833,283.9355,995.1514,1,124.31,-91.0,2
m3-4,94,464.94,43.6875,290.2832,995.1685,1,120.31,-91.0,2
m3-4,95,469.94,43.7167,290.2832,995.273,0,124.49,-91.0,2
m3-4,96,474.95,43.6729,289.5508,995.1941,2,120.36,-91.0,2
m3-4,97,479.95,43.7167,292.2363,995.0591,2,124.46,-91.0,2
m3-4,98,484.96,43.6896,290.2832,995.1392,1,120.37,-91.0,2
m3-4,99,489.96,43.6979,284.668,995.0295,2,124.52,-91.0,2
m3-4,100,494.97,43.7208,281.4941,995.2092,2,120.45,-91.0,2
m3-4,101,499.97,43.7604,281.0059,995.103,2,124.41,-91.0,2
m3-4,102,504.97,43.7292,279.541,995.1868,1,120.51,-91.0,2
m3-4,103,509.98,43.7792,273.1934,995.2466,1,124.41,-91.0,2
m3-4,104,514.98,43.7771,271.4844,995.1377,2,120.6,-91.0,2
m3-4,105,519.99,43.8,277.5879,995.136,1,124.27,-91.0,2
m3-4,106,524.99,43.7708,279.541,995.2053,1,120.55,-91.0,2
m3-4,107,530.0,43.8062,274.1699,995.0276,2,124.34,-91.0,2
m3-4,108,535.0,43.7625,263.916,995.1558,2,120.6,-91.0,2
m3-4,109,540.0,43.7958,250.4883,995.0586,2,124.31,-91.0,2
m3-4,110,545.01,43.7792,237.5488,995.2083,2,120.9,-91.0,2
m3-4,111,550.01,43.8229,231.2012,995.1724,1,124.31,-91.0,2
m3-4,112,555.02,43.8229,234.8633,995.074,1,120.99,-91.0,2
m3-4,113,560.02,43.7917,241.4551,995.1165,1,124.44,-91.0,2
m3-4,114,565.02,43.8062,253.1738,995.1645,1,120.88,-91.0,2
m3-4,115,570.03,43.8208,266.6016,995.2165,1,124.17,-91.0,2
m3-4,116,575.03,43.8375,277.832,995.1353,1,120.94,-91.0,2
m3-4,117,580.04,43.8333,283.4473,995.1807,1,124.04,-91.0,2
m3-4,118,585.04,43.8813,284.9121,995.1438,1,120.87,-91.0,2
m3-4,119,590.05,43.8312,287.3535,995.0818,1,123.95,-91.0,2
m3-4,120,595.05,43.8521,288.8184,995.2527,2,120.87,-91.0,2
m3-4,121,600.05,43.8771,288.0859,995.1943,1,123.89,-91.0,2
m3-4,122,605.06,43.8792,285.4004,995.1963,1,120.93,-91.0,2
m3-4,123,610.06,43.8854,283.2031,995.179,1,123.91,-91.0,2
m3-4,124,615.07,43.875,284.668,995.2124,1,120.97,-91.0,2
m3-4,125,620.07,43.9,285.1562,995.2332,1,123.74,-91.0,2
m3-4,126,625.08,43.8417,285.1562,995.0889,0,121.17,-91.0,2
m3-4,127,630.08,43.8771,284.1797,995.1248,1,123.82,-91.0,2
m3-4,128,635.08,43.9208,281.0059,995.0906,1,121.02,-91.0,2
m3-4,129,640.13,43.9021,281.25,995.2175,1,123.67,-91.0,2
m3-4,130,645.13,43.9396,288.0859,995.1748,1,121.25,-91.0,2
m3-4,131,650.1,43.9312,289.3066,995.1228,1,123.6,-91.0,2
m3-4,132,655.1,43.9333,287.5977,995.2129,1,121.22,-91.0,2
m3-4,133,660.1,43.9396,288.5742,994.9988,2,123.61,-91.0,2
m3-4,134,665.11,43.9375,291.748,995.0908,1,121.11,-91.0,2
m3-4,135,670.11,43.9479,291.2598,995.1328,1,123.56,-91.0,2
m3-4,136,675.12,43.9375,292.4805,995.063,1,121.25,-91.0,2
m3-4,137,680.12,43.9333,293.2129,995.0068,1,123.43,-91.0,2
m3-4,138,685.13,43.9542,293.2129,995.1338,0,121.25,-91.0,2
m3-4,139,690.13,43.9917,292.9688,995.2053,1,123.56,-91.0,2
m3-4,140,695.13,43.9896,291.5039,995.1868,1,121.27,-91.0,2
m3-4,141,700.14,43.9458,290.7715,995.1003,2,123.38,-91.0,2
m3-4,142,705.14,43.9688,292.7246,995.1497,1,121.38,-91.0,2
m3-4,143,710.15,43.9708,288.3301,995.0435,2,123.37,-91.0,2
m3-4,144,715.15,43.9625,279.541,995.196,2,121.43,-91.0,2
m3-4,145,720.15,44.0333,275.1465,995.0745,2,123.32,-91.0,2
m3-4,146,725.16,43.9875,260.2539,995.1611,2,121.48,-91.0,2
m3-4,147,730.16,44.0312,258.0566,995.0718,2,123.42,-91.0,2
m3-4,148,735.16,44.0083,256.1035,995.1782,2,121.57,-91.0,2
m3-4,149,740.17,44.0333,254.3945,995.0005,2,123.4,-91.0,2
m3-4,150,745.17,43.9667,263.4277,995.0454,1,121.66,-91.0,2
m3-4,151,750.18,44.0021,266.8457,995.0449,1,123.2,-91.0,2
m3-4,152,755.18,44.0292,258.7891,995.0444,1,121.82,-91.0,2
m3-4,153,760.18,44.0042,265.8691,994.8955,2,123.29,-91.0,2
m3-4,154,765.19,44.0063,270.752,995.146,2,121.69,-91.0,2
m3-4,155,770.19,44.0562,262.6953,995.0388,2,123.24,-91.0,2
m3-4,156,775.19,44.0458,252.1973,994.9988,1,121.77,-91.0,2
m3-4,157,780.2,44.0271,252.4414,994.9434,1,123.15,-91.0,2
m3-4,158,785.2,43.9958,261.7188,995.1343,2,121.79,-91.0,2
m3-4,159,790.21,44.0688,263.1836,995.0361,2,123.19,-91.0,2
m3-4,160,795.21,44.0688,261.9629,995.0459,1,121.77,-91.0,2
m3-4,161,800.22,44.0417,261.9629,995.1404,0,123.14,-91.0,2
m3-4,162,805.22,44.0938,268.7988,995.0606,2,121.9,-91.0,2
m3-4,163,810.23,44.0646,268.3105,994.9846,1,122.93,-91.0,2
m3-4,164,815.23,44.0625,264.6484,995.1533,2,122.01,-91.0,2
m3-4,165,820.23,44.0979,264.8926,995.1177,1,123.06,-91.0,2
m3-4,166,825.24,44.1042,264.8926,995.1196,0,121.89,-91.0,2
m3-4,167,830.24,44.1063,270.0195,995.2744,2,123.0,-91.0,2
m3-4,168,835.24,44.1375,271.4844,995.2083,1,122.05,-91.0,2
m3-4,169,840.25,44.1625,271.2402,995.1775,1,122.79,-91.0,2
m3-4,170,845.25,44.1437,263.6719,995.0051,2,121.96,-91.0,2
m3-4,171,850.26,44.1271,255.8594,995.2969,2,122.98,-91.0,2
m3-4,172,855.26,44.1938,254.8828,994.9724,2,122.08,-91.0,2
m3-4,173,860.26,44.125,258.5449,995.083,2,122.88,-91.0,2
m3-4,174,865.27,44.1333,258.5449,995.1304,0,122.21,-91.0,2
m3-4,175,870.32,44.1542,248.5352,995.1414,1,122.79,-91.0,2
m3-4,176,875.28,44.1583,242.6758,995.0439,1,122.33,-91.0,2
m3-4,177,880.28,44.1313,243.4082,995.1199,1,122.98,-91.0,2
m3-4,178,885.28,44.1771,251.9531,995.0947,1,122.28,-91.0,2
m3-4,179,890.29,44.1542,259.0332,995.0381,1,122.78,-91.0,2
m3-4,180,895.29,44.1688,266.8457,995.2129,2,122.33,-91.0,2
m3-4,181,900.29,44.2146,261.2305,995.1113,2,122.59,-91.0,2
m3-4,182,905.3,44.1562,260.9863,995.1267,1,122.39,-91.0,2
m3-4,183,910.3,44.1875,270.2637,995.1011,1,122.56,-91.0,2
m3-4,184,915.31,44.1708,276.6113,995.0884,1,122.3,-91.0,2
m3-4,185,920.31,44.1688,269.5312,995.2681,2,122.52,-91.0,2
m3-4,186,925.32,44.2146,265.3809,995.1597,2,122.47,-91.0,2
m3-4,187,930.32,44.225,267.334,995.1504,1,122.54,-91.0,2
m3-4,188,935.32,44.2188,265.8691,995.2893,2,122.46,-91.0,2
m3-4,189,940.33,44.2417,275.6348,995.094,2,122.61,-91.0,2
m3-4,190,945.33,44.2021,284.668,995.2749,2,122.95,-91.0,2
m3-5,1,4.55,42.9458,86.9141,995.5154,0,116.51,-91.0,2
m3-5,2,9.56,42.9833,87.1582,995.3887,1,118.54,-91.0,2
m3-5,3,14.56,42.9583,86.6699,995.4165,1,117.42,-91.0,2
m3-5,4,19.57,42.9646,86.6699,995.3323,0,118.62,-91.0,2
m3-5,5,24.57,43.0167,85.9375,995.4331,2,117.13,-91.0,2
m3-5,6,29.58,43.0125,86.4258,995.3896,1,118.85,-91.0,2
m3-5,7,34.58,43.0333,85.4492,995.4685,1,117.13,-91.0,2
m3-5,8,39.58,43.0583,85.6934,995.2932,1,118.78,-91.0,2
m3-5,9,44.59,43.0292,85.9375,995.3223,1,117.24,-91.0,2
m3-5,10,49.59,43.0562,86.4258,995.3748,1,118.72,-91.0,2
m3-5,11,54.6,43.0917,85.9375,995.3394,1,117.23,-91.0,2
m3-5,12,59.6,43.0646,85.9375,995.2441,0,118.78,-91.0,2
m3-5,13,64.65,43.0938,85.4492,995.229,1,117.08,-91.0,2
m3-5,14,69.61,43.0792,85.9375,995.3237,1,118.88,-91.0,2
m3-5,15,74.61,43.0979,85.2051,995.3936,1,117.2,-91.0,2
m3-5,16,79.62,43.1562,84.9609,995.3933,1,118.85,-91.0,2
m3-5,17,84.62,43.1625,84.7168,995.4409,1,116.92,-91.0,2
m3-5,18,89.62,43.1917,84.7168,995.26,0,119.1,-91.0,2
m3-5,19,94.63,43.1604,84.9609,995.4224,1,116.82,-91.0,2
m3-5,20,99.63,43.2,84.4727,995.3638,1,119.15,-91.0,2
m3-5,21,104.64,43.1979,84.4727,995.4023,0,116.87,-91.0,2
m3-5,22,109.64,43.2125,84.2285,995.3752,1,119.08,-91.0,2
m3-5,23,114.65,43.2313,81.2988,995.2754,2,116.9,-91.0,2
m3-5,24,119.69,43.2146,84.2285,995.3613,1,119.23,-91.0,2
m3-5,25,124.65,43.2667,83.9844,995.3921,1,116.68,-91.0,2
m3-5,26,129.66,43.2771,84.9609,995.3901,1,119.13,-91.0,2
m3-5,27,134.66,43.2938,83.9844,995.4351,1,116.94,-91.0,2
m3-5,28,139.67,43.2833,84.2285,995.3694,1,119.18,-91.0,2
m3-5,29,144.67,43.3083,83.4961,995.3711,1,116.71,-91.0,2
m3-5,30,149.68,43.3208,83.4961,995.4106,0,119.34,-91.0,2
m3-5,31,154.68,43.3188,83.0078,995.2673,2,116.69,-91.0,2
m3-5,32,159.68,43.3188,83.4961,995.3335,1,119.37,-91.0,2
m3-5,33,164.69,43.3208,83.0078,995.2949,1,116.68,-91.0,2
m3-5,34,169.69,43.3583,83.2519,995.2725,1,119.28,-91.0,2
m3-5,35,174.7,43.325,82.7637,995.2217,1,116.77,-91.0,2
m3-5,36,179.7,43.3833,82.7637,995.3259,0,119.28,-91.0,2
m3-5,37,184.7,43.3854,82.7637,995.3713,0,116.68,-91.0,2
m3-5,38,189.71,43.3979,82.5195,995.438,1,119.37,-91.0,2
m3-5,39,194.71,43.4292,81.7871,995.3347,2,116.68,-91.0,2
m3-5,40,199.72,43.3979,82.0312,995.4829,1,119.43,-91.0,2
m3-5,41,204.72,43.4562,81.7871,995.3313,1,116.43,-91.0,2
m3-5,42,209.73,43.4396,82.2754,995.404,1,119.63,-91.0,2
m3-5,43,214.73,43.4729,81.7871,995.4182,1,116.39,-91.0,2
m3-5,44,219.74,43.4688,82.0312,995.282,1,119.71,-91.0,2
m3-5,45,224.74,43.4604,81.2988,995.4002,2,116.36,-91.0,2
m3-5,46,229.74,43.4813,81.543,995.376,1,119.67,-91.0,2
m3-5,47,234.75,43.4833,81.0547,995.4153,1,116.42,-91.0,2
m3-5,48,239.75,43.5021,81.0547,995.3916,0,119.66,-91.0,2
m3-5,49,244.76,43.5042,80.8106,995.4568,1,116.34,-91.0,2
m3-5,50,249.76,43.5292,80.8106,995.4048,0,119.73,-91.0,2
m3-5,51,254.77,43.5271,80.5664,995.3887,1,116.25,-91.0,2
m3-5,52,259.77,43.5208,81.2988,995.4004,1,119.96,-91.0,2
m3-5,53,264.77,43.5271,80.5664,995.4319,1,116.21,-91.0,2
m3-5,54,269.78,43.5583,80.8106,995.4021,1,119.87,-91.0,2
m3-5,55,274.78,43.5354,80.8106,995.3384,0,116.18,-91.0,2
m3-5,56,279.79,43.5521,81.2988,995.3679,1,119.95,-91.0,2
m3-5,57,284.79,43.5521,81.2988,995.3821,0,116.16,-91.0,2
m3-5,58,289.8,43.5604,81.543,995.3899,1,119.9,-91.0,2
m3-5,59,294.8,43.5958,81.2988,995.3769,1,116.22,-91.0,2
m3-5,60,299.8,43.5979,81.543,995.3159,1,119.84,-91.0,2
m3-5,61,304.81,43.5729,81.2988,995.3086,1,116.21,-91.0,2
m3-5,62,309.81,43.5833,81.7871,995.363,1,119.92,-91.0,2
m3-5,63,314.82,43.6146,81.543,995.3928,1,116.05,-91.0,2
m3-5,64,319.82,43.6333,81.543,995.4377,0,120.2,-91.0,2
m3-5,65,324.82,43.6521,81.2988,995.3496,1,115.94,-91.0,2
m3-5,66,329.83,43.6354,81.543,995.457,1,120.16,-91.0,2
m3-5,67,334.84,43.6667,81.543,995.3906,0,115.91,-91.0,2
m3-5,68,339.84,43.6521,82.0312,995.447,1,120.24,-91.0,2
m3-5,69,344.84,43.6604,81.543,995.4002,1,115.83,-91.0,2
m3-5,70,349.85,43.6729,81.7871,995.4629,1,120.27,-91.0,2
m3-5,71,354.85,43.7167,81.0547,995.3711,2,115.87,-91.0,2
m3-5,72,359.85,43.6938,81.543,995.3801,1,120.2,-91.0,2
m3-5,73,364.86,43.6917,80.8106,995.4211,1,115.88,-91.0,2
m3-5,74,369.86,43.7125,80.8106,995.417,0,120.28,-91.0,2
m3-5,75,374.87,43.7062,80.0781,995.3325,1,115.91,-91.0,2
m3-5,76,379.87,43.6875,80.0781,995.2288,0,120.26,-91.0,2
m3-5,77,384.88,43.6875,80.0781,995.3511,0,115.96,-91.0,2
m3-5,78,389.88,43.7167,80.0781,995.3613,0,120.22,-91.0,2
m3-5,79,394.88,43.725,79.5898,995.3626,1,115.92,-91.0,2
m3-5,80,399.89,43.7333,79.5898,995.3208,0,120.28,-91.0,2
m3-5,81,404.89,43.7437,79.1016,995.3254,1,115.94,-91.0,2
m3-5,82,409.89,43.7188,78.3691,995.3494,1,120.25,-91.0,2
m3-5,83,414.9,43.7437,77.3926,995.3569,1,116.0,-91.0,2
m3-5,84,419.91,43.7687,77.6367,995.3064,1,120.19,-91.0,2
m3-5,85,424.91,43.7583,77.6367,995.3594,0,115.95,-91.0,2
m3-5,86,429.91,43.7854,77.1484,995.3296,1,120.25,-91.0,2
m3-5,87,434.92,43.7854,77.3926,995.2502,1,116.14,-91.0,2
m3-5,88,439.96,43.7396,77.6367,995.2754,1,119.88,-91.0,2
m3-5,89,444.92,43.7854,78.3691,995.3567,2,116.24,-91.0,2
m3-5,90,449.93,43.8042,79.1016,995.3572,1,119.95,-91.0,2
m3-5,91,454.93,43.8125,79.1016,995.3403,0,116.17,-91.0,2
m3-5,92,459.93,43.7917,79.5898,995.3874,1,119.96,-91.0,2
m3-5,93,464.94,43.8375,81.7871,995.3359,1,116.23,-91.0,2
m3-5,94,469.94,43.825,82.0312,995.3777,1,119.96,-91.0,2
m3-5,95,474.95,43.8458,82.7637,995.3186,1,116.21,-91.0,2
m3-5,96,480.0,43.8271,83.9844,995.3682,1,119.86,-91.0,2
m3-5,97,484.96,43.8604,84.4727,995.3154,1,116.25,-91.0,2
m3-5,98,489.96,43.8583,83.0078,995.3154,1,120.08,-91.0,2
m3-5,99,494.97,43.8396,82.2754,995.2268,1,116.35,-91.0,2
m3-5,100,499.97,43.8813,81.543,995.2891,1,119.71,-91.0,2
m3-5,101,504.97,43.8521,80.8106,995.4109,2,116.46,-91.0,2
m3-5,102,509.98,43.8771,79.1016,995.2927,2,119.82,-91.0,2
m3-5,103,514.98,43.8438,78.6133,995.3252,1,116.4,-91.0,2
m3-5,104,519.99,43.8896,79.1016,995.2832,1,119.8,-91.0,2
m3-5,105,524.99,43.8792,78.8574,995.2761,1,116.49,-91.0,2
m3-5,106,530.0,43.8875,76.416,995.3271,1,119.72,-91.0,2
m3-5,107,535.0,43.8896,73.4863,995.343,1,116.5,-91.0,2
m3-5,108,540.0,43.8937,69.3359,995.2734,1,119.78,-91.0,2
m3-5,109,545.01,43.9,65.4297,995.2117,1,116.47,-91.0,2
m3-5,110,550.01,43.9,63.2324,995.2656,1,119.76,-91.0,2
m3-5,111,555.02,43.9208,63.7207,995.2678,1,116.69,-91.0,2
m3-5,112,560.02,43.9104,64.9414,995.28,1,119.41,-91.0,2
m3-5,113,565.03,43.9188,67.8711,995.3452,1,116.83,-91.0,2
m3-5,114,570.03,43.9229,71.0449,995.279,1,119.47,-91.0,2
m3-5,115,575.03,43.9312,73.9746,995.3215,1,116.78,-91.0,2
m3-5,116,580.04,43.9333,75.1953,995.2615,1,119.45,-91.0,2
m3-5,117,585.04,43.9312,75.6836,995.2383,1,116.85,-91.0,2
m3-5,118,590.05,43.9292,75.4394,995.2002,1,119.4,-91.0,2
m3-5,119,595.05,43.9375,75.9277,995.3242,2,116.84,-91.0,2
m3-5,120,600.05,43.9688,75.9277,995.3154,0,119.5,-91.0,2
m3-5,121,605.06,43.9792,75.9277,995.2295,0,116.78,-91.0,2
m3-5,122,610.06,43.9562,74.9512,995.27,1,119.49,-91.0,2
m3-5,123,615.07,43.9646,75.1953,995.2524,1,116.83,-91.0,2
m3-5,124,620.11,43.9458,74.707,995.2649,1,119.34,-91.0,2
m3-5,125,625.07,43.9896,75.6836,995.1694,2,117.01,-91.0,2
m3-5,126,630.12,43.9771,75.1953,995.2759,2,119.28,-91.0,2
m3-5,127,635.08,43.9958,75.6836,995.1104,2,117.04,-91.0,2
m3-5,128,640.09,43.9458,75.4394,995.2664,1,119.24,-91.0,2
m3-5,129,645.09,43.9854,76.1719,995.2627,1,117.08,-91.0,2
m3-5,130,650.1,44.0125,75.9277,995.2639,1,119.26,-91.0,2
m3-5,131,655.1,44.0333,78.125,995.2192,1,117.02,-91.0,2
m3-5,132,660.1,44.0083,78.3691,995.2783,1,119.31,-91.0,2
m3-5,133,665.11,44.0229,79.3457,995.2244,1,116.99,-91.0,2
m3-5,134,670.11,44.0125,79.3457,995.241,0,119.26,-91.0,2
m3-5,135,675.12,44.0271,80.0781,995.2698,1,117.04,-91.0,2
m3-5,136,680.12,44.0312,80.0781,995.3064,0,119.27,-91.0,2
m3-5,137,685.12,44.0396,80.3223,995.2761,1,116.96,-91.0,2
m3-5,138,690.13,44.0354,80.3223,995.2219,0,119.13,-91.0,2
m3-5,139,695.13,44.0646,79.3457,995.2532,1,117.36,-91.0,2
m3-5,140,700.14,44.0646,79.1016,995.3025,1,118.9,-91.0,2
m3-5,141,705.14,44.075,80.0781,995.2319,1,117.35,-91.0,2
m3-5,142,710.14,44.0604,80.5664,995.2786,1,118.99,-91.0,2
m3-5,143,715.15,44.0625,78.6133,995.251,1,117.31,-91.0,2
m3-5,144,720.15,44.0667,77.6367,995.2092,1,118.94,-91.0,2
m3-5,145,725.16,44.0875,74.2188,995.1726,1,117.41,-91.0,2
m3-5,146,730.16,44.0708,73.9746,995.2434,1,118.93,-91.0,2
m3-5,147,735.17,44.0729,72.7539,995.2661,1,117.33,-91.0,2
m3-5,148,740.17,44.075,72.7539,995.2373,0,118.98,-91.0,2
m3-5,149,745.17,44.0958,75.1953,995.2786,1,117.35,-91.0,2
m3-5,150,750.18,44.0938,76.416,995.1543,2,118.77,-91.0,2
m3-5,151,755.18,44.0729,74.4629,995.2459,2,117.7,-91.0,2
m3-5,152,760.19,44.1208,76.1719,995.2856,1,118.67,-91.0,2
m3-5,153,765.19,44.15,77.6367,995.1667,2,117.61,-91.0,2
m3-5,154,770.19,44.1,74.2188,995.1741,1,118.69,-91.0,2
m3-5,155,775.2,44.0958,72.0215,995.2642,1,117.64,-91.0,2
m3-5,156,780.2,44.1229,72.0215,995.2437,0,118.62,-91.0,2
m3-5,157,785.2,44.1229,74.2188,995.2444,1,117.64,-91.0,2
m3-5,158,790.21,44.15,74.707,995.3179,1,118.75,-91.0,2
m3-5,159,795.21,44.1437,74.707,995.1904,0,117.57,-91.0,2
m3-5,160,800.22,44.1375,74.707,995.2422,0,118.7,-91.0,2
m3-5,161,805.22,44.1667,75.6836,995.2583,1,117.61,-91.0,2
m3-5,162,810.27,44.1458,75.9277,995.3076,1,118.59,-91.0,2
m3-5,163,815.23,44.1562,73.9746,995.2805,1,117.81,-91.0,2
m3-5,164,820.24,44.1646,74.9512,995.2927,1,118.51,-91.0,2
m3-5,165,825.28,44.1688,73.9746,995.3701,1,117.84,-91.0,2
m3-5,166,830.24,44.1917,74.707,995.3313,1,118.44,-91.0,2
m3-5,167,835.24,44.1917,74.9512,995.2849,1,117.85,-91.0,2
m3-5,168,840.25,44.1854,73.7305,995.4028,2,118.52,-91.0,2
m3-5,169,845.25,44.2125,71.7773,995.3086,2,117.79,-91.0,2
m3-5,170,850.26,44.2062,70.3125,995.2075,2,118.49,-91.0,2
m3-5,171,855.26,44.175,70.5566,995.2781,1,117.89,-91.0,2
m3-5,172,860.26,44.2208,71.2891,995.3086,1,118.45,-91.0,2
m3-5,173,865.27,44.2146,71.2891,995.4004,0,117.83,-91.0,2
m3-5,174,870.27,44.2646,69.0918,995.2832,2,118.54,-91.0,2
m3-5,175,875.28,44.225,67.8711,995.3518,1,118.01,-91.0,2
m3-5,176,880.28,44.2354,67.8711,995.3477,0,118.19,-91.0,2
m3-5,177,885.28,44.2479,70.3125,995.2131,2,118.21,-91.0,2
m3-5,178,890.29,44.2625,72.0215,995.2861,1,118.22,-91.0,2
m3-5,179,895.29,44.2354,74.707,995.2908,1,118.13,-91.0,2
m3-5,180,900.3,44.2437,72.7539,995.2556,1,118.2,-91.0,2
m3-5,181,905.3,44.2313,72.5098,995.4092,1,118.21,-91.0,2
m3-5,182,910.31,44.2708,75.6836,995.398,1,118.11,-91.0,2
m3-5,183,915.31,44.2708,78.125,995.3318,1,118.24,-91.0,2
m3-5,184,920.31,44.275,75.9277,995.3926,1,118.22,-91.0,2
m3-5,185,925.36,44.2854,75.4394,995.2966,1,118.37,-91.0,2
m3-5,186,930.32,44.2542,76.416,995.2253,1,118.02,-91.0,2
m3-5,187,935.33,44.2792,76.6602,995.2686,1,118.48,-91.0,2
m3-5,188,940.37,44.2583,79.834,995.3877,2,117.91,-91.0,2
m3-5,189,945.33,44.2292,82.5195,995.2766,2,118.59,-91.0,2
m3-6,1,4.55,42.7021,76.6602,995.2026,0,117.09,-91.0,2
m3-6,2,9.56,42.7125,76.6602,995.2607,0,118.96,-91.0,2
m3-6,3,14.56,42.7313,76.416,995.2236,1,117.61,-91.0,2
m3-6,4,19.57,42.7479,76.1719,995.2273,1,118.98,-91.0,2
m3-6,5,24.57,42.75,75.9277,995.2463,1,117.58,-91.0,2
m3-6,6,29.58,42.7542,75.9277,995.2986,0,119.09,-91.0,2
m3-6,7,34.58,42.8083,75.1953,995.2588,1,117.54,-91.0,2
m3-6,8,39.58,42.8104,75.1953,995.3945,0,119.21,-91.0,2
m3-6,9,44.59,42.8646,75.1953,995.3174,0,117.55,-91.0,2
m3-6,10,49.59,42.8729,75.6836,995.3508,1,119.1,-91.0,2
m3-6,11,54.59,42.8813,74.9512,995.4072,1,117.59,-91.0,2
m3-6,12,59.6,42.8729,74.9512,995.3843,0,119.11,-91.0,2
m3-6,13,64.61,42.9125,74.4629,995.2336,2,117.49,-91.0,2
m3-6,14,69.61,42.8813,74.707,995.3355,1,119.14,-91.0,2
m3-6,15,74.66,42.9146,73.9746,995.238,2,117.36,-91.0,2
m3-6,16,79.62,42.9167,73.7305,995.3398,1,119.38,-91.0,2
m3-6,17,84.62,42.9438,73.2422,995.2105,2,117.45,-91.0,2
m3-6,18,89.62,42.9583,73.4863,995.3008,1,119.39,-91.0,2
m3-6,19,94.63,42.9792,73.2422,995.2708,1,117.43,-91.0,2
m3-6,20,99.63,42.9646,72.9981,995.2781,1,119.43,-91.0,2
m3-6,21,104.64,42.9771,72.7539,995.2681,1,117.32,-91.0,2
m3-6,22,109.64,43.0042,72.5098,995.2966,1,119.45,-91.0,2
m3-6,23,114.65,43.0125,70.0684,995.2522,1,117.21,-91.0,2
m3-6,24,119.65,43.0375,72.0215,995.2417,1,119.49,-91.0,2
m3-6,25,124.66,43.0396,72.2656,995.2588,1,117.18,-91.0,2
m3-6,26,129.66,43.05,72.5098,995.3638,1,119.57,-91.0,2
m3-6,27,134.66,43.0812,71.7773,995.2417,2,117.19,-91.0,2
m3-6,28,139.67,43.05,71.5332,995.3166,1,119.73,-91.0,2
m3-6,29,144.67,43.0875,71.2891,995.3477,1,117.15,-91.0,2
m3-6,30,149.68,43.1063,71.0449,995.2217,1,119.77,-91.0,2
m3-6,31,154.68,43.0812,70.5566,995.2461,1,117.22,-91.0,2
m3-6,32,159.69,43.0917,70.8008,995.3394,1,119.62,-91.0,2
m3-6,33,164.69,43.1271,70.0684,995.2524,2,117.11,-91.0,2
m3-6,34,169.69,43.1313,70.3125,995.2407,1,119.63,-91.0,2
m3-6,35,174.7,43.1417,69.5801,995.3003,1,117.04,-91.0,2
m3-6,36,179.7,43.1562,69.5801,995.2752,0,119.75,-91.0,2
m3-6,37,184.7,43.1562,69.3359,995.23,1,117.02,-91.0,2
m3-6,38,189.71,43.1562,68.8477,995.2595,1,119.88,-91.0,2
m3-6,39,194.71,43.1604,68.3594,995.2483,1,117.01,-91.0,2
m3-6,40,199.72,43.1708,68.3594,995.1648,0,119.9,-91.0,2
m3-6,41,204.72,43.1604,67.8711,995.26,1,116.94,-91.0,2
m3-6,42,209.73,43.1958,68.3594,995.2681,1,119.96,-91.0,2
m3-6,43,214.78,43.1958,67.3828,995.2515,1,116.7,-91.0,2
m3-6,44,219.73,43.2229,67.6269,995.2422,1,120.14,-91.0,2
m3-6,45,224.74,43.2188,67.1387,995.2012,1,116.76,-91.0,2
m3-6,46,229.75,43.2083,67.1387,995.4163,0,120.08,-91.0,2
m3-6,47,234.75,43.2875,66.4062,995.3242,2,116.73,-91.0,2
m3-6,48,239.75,43.2792,66.4062,995.3084,0,120.21,-91.0,2
m3-6,49,244.75,43.2604,65.918,995.2473,1,116.7,-91.0,2
m3-6,50,249.76,43.2708,65.918,995.2788,0,120.06,-91.0,2
m3-6,51,254.76,43.2729,65.1856,995.343,1,116.74,-91.0,2
m3-6,52,259.81,43.3229,65.6738,995.3027,1,120.19,-91.0,2
m3-6,53,264.77,43.3,65.1856,995.3357,1,116.49,-91.0,2
m3-6,54,269.78,43.3188,65.1856,995.333,0,120.15,-91.0,2
m3-6,55,274.78,43.3167,64.6973,995.249,1,116.64,-91.0,2
m3-6,56,279.79,43.2917,64.9414,995.4075,1,120.3,-91.0,2
m3-6,57,284.79,43.3271,64.9414,995.2998,0,116.68,-91.0,2
m3-6,58,289.8,43.3417,64.9414,995.2842,0,120.39,-91.0,2
m3-6,59,294.8,43.3354,64.4531,995.2544,1,116.63,-91.0,2
m3-6,60,299.81,43.3396,64.209,995.2485,1,120.41,-91.0,2
m3-6,61,304.81,43.3333,63.9648,995.2078,1,116.51,-91.0,2
m3-6,62,309.81,43.3708,64.209,995.3184,1,120.45,-91.0,2
m3-6,63,314.82,43.3646,63.9648,995.3144,1,116.39,-91.0,2
m3-6,64,319.82,43.3792,63.7207,995.3249,1,120.47,-91.0,2
m3-6,65,324.82,43.4042,63.4766,995.1924,1,116.38,-91.0,2
m3-6,66,329.83,43.3542,63.4766,995.3191,0,120.6,-91.0,2
m3-6,67,334.83,43.4,63.2324,995.3887,1,116.31,-91.0,2
m3-6,68,339.84,43.425,63.2324,995.3249,0,120.69,-91.0,2
m3-6,69,344.84,43.3979,62.7441,995.2752,1,116.46,-91.0,2
m3-6,70,349.85,43.4167,62.7441,995.3154,0,120.53,-91.0,2
m3-6,71,354.85,43.4312,62.2559,995.2061,2,116.33,-91.0,2
m3-6,72,359.86,43.4042,62.7441,995.2624,1,120.53,-91.0,2
m3-6,73,364.86,43.45,62.2559,995.1502,2,116.22,-91.0,2
m3-6,74,369.86,43.4104,62.0117,995.3059,1,120.64,-91.0,2
m3-6,75,374.87,43.4375,61.2793,995.2869,1,116.25,-91.0,2
m3-6,76,379.87,43.4521,61.2793,995.2747,0,120.66,-91.0,2
m3-6,77,384.92,43.4646,61.0352,995.3245,1,116.49,-91.0,2
m3-6,78,389.88,43.4875,60.791,995.2065,1,120.56,-91.0,2
m3-6,79,394.92,43.4458,60.0586,995.2463,1,116.42,-91.0,2
m3-6,80,399.89,43.4771,60.0586,995.3313,0,120.49,-91.0,2
m3-6,81,404.89,43.5063,59.3262,995.2305,2,116.25,-91.0,2
m3-6,82,409.9,43.4813,58.5938,995.2527,1,120.54,-91.0,2
m3-6,83,414.9,43.5104,57.373,995.2661,1,116.33,-91.0,2
m3-6,84,419.9,43.5167,57.6172,995.221,1,120.58,-91.0,2
m3-6,85,424.91,43.5146,57.1289,995.2664,1,116.46,-91.0,2
m3-6,86,429.91,43.5354,57.6172,995.2852,1,120.7,-91.0,2
m3-6,87,434.92,43.5333,57.6172,995.3262,0,116.39,-91.0,2
m3-6,88,439.92,43.5417,57.8613,995.2744,1,120.6,-91.0,2
m3-6,89,444.92,43.5688,58.1055,995.2722,1,116.37,-91.0,2
m3-6,90,449.93,43.5312,58.5938,995.346,1,120.53,-91.0,2
m3-6,91,454.93,43.5792,58.3496,995.2749,1,116.47,-91.0,2
m3-6,92,459.93,43.5729,58.5938,995.2627,1,120.5,-91.0,2
m3-6,93,464.94,43.5875,59.5703,995.2532,1,116.59,-91.0,2
m3-6,94,469.94,43.5771,59.8145,995.2153,1,120.46,-91.0,2
m3-6,95,474.95,43.5396,59.8145,995.2363,0,116.63,-91.0,2
m3-6,96,479.95,43.5792,60.3027,995.2224,1,120.36,-91.0,2
m3-6,97,484.96,43.5958,60.3027,995.2402,0,116.66,-91.0,2
m3-6,98,489.96,43.5833,59.082,995.1558,1,120.24,-91.0,2
m3-6,99,494.97,43.5875,58.3496,995.1694,1,116.68,-91.0,2
m3-6,100,499.97,43.6146,57.8613,995.2141,1,120.24,-91.0,2
m3-6,101,504.97,43.6,57.8613,995.1538,0,116.78,-91.0,2
m3-6,102,509.98,43.6,56.3965,995.1856,1,120.2,-91.0,2
m3-6,103,514.98,43.6375,55.9082,995.2656,1,116.72,-91.0,2
m3-6,104,519.99,43.6417,56.6406,995.1533,2,120.26,-91.0,2
m3-6,105,524.99,43.6208,57.1289,995.1853,1,116.76,-91.0,2
m3-6,106,530.0,43.6313,55.4199,995.1294,1,120.19,-91.0,2
m3-6,107,535.0,43.6771,53.7109,995.0835,1,116.78,-91.0,2
m3-6,108,540.0,43.6333,51.0254,995.1516,1,120.08,-91.0,2
m3-6,109,545.01,43.6479,48.584,995.1382,1,116.87,-91.0,2
m3-6,110,550.01,43.6542,47.1191,995.0581,1,120.13,-91.0,2
m3-6,111,555.02,43.65,47.6074,995.1462,1,116.96,-91.0,2
m3-6,112,560.02,43.6604,48.0957,995.1357,1,120.08,-91.0,2
m3-6,113,565.07,43.6792,50.293,995.1553,1,117.24,-91.0,2
m3-6,114,570.03,43.7125,52.2461,995.1406,1,119.77,-91.0,2
m3-6,115,575.03,43.6792,53.9551,995.2376,2,117.08,-91.0,2
m3-6,116,580.08,43.6979,54.9316,995.1594,1,119.84,-91.0,2
m3-6,117,585.04,43.6917,55.4199,995.2095,1,117.07,-91.0,2
m3-6,118,590.04,43.7188,55.4199,995.102,0,119.82,-91.0,2
m3-6,119,595.05,43.6833,55.6641,995.0139,1,117.23,-91.0,2
m3-6,120,600.05,43.7229,55.1758,995.2756,2,120.0,-91.0,2
m3-6,121,605.06,43.7292,54.9316,995.197,1,117.15,-91.0,2
m3-6,122,610.06,43.7604,54.1992,995.2334,1,119.91,-91.0,2
m3-6,123,615.07,43.7521,54.6875,995.1724,1,117.18,-91.0,2
m3-6,124,620.07,43.7458,54.4434,995.1824,1,119.78,-91.0,2
m3-6,125,625.08,43.7583,54.6875,995.2256,1,117.2,-91.0,2
m3-6,126,630.08,43.7687,54.4434,995.189,1,119.71,-91.0,2
m3-6,127,635.08,43.7646,53.9551,995.1702,1,117.27,-91.0,2
m3-6,128,640.09,43.7729,53.9551,995.1821,0,119.7,-91.0,2
m3-6,129,645.09,43.7729,55.1758,995.3401,2,117.39,-91.0,2
m3-6,130,650.1,43.8354,55.1758,995.2117,0,119.68,-91.0,2
m3-6,131,655.1,43.7875,55.1758,995.271,0,117.44,-91.0,2
m3-6,132,660.11,43.8292,55.1758,995.2349,0,119.6,-91.0,2
m3-6,133,665.11,43.7938,55.6641,995.2151,1,117.47,-91.0,2
m3-6,134,670.11,43.8167,55.4199,995.2373,1,119.45,-91.0,2
m3-6,135,675.12,43.8125,55.6641,995.2188,1,117.51,-91.0,2
m3-6,136,680.12,43.825,55.6641,995.2102,0,119.46,-91.0,2
m3-6,137,685.12,43.8417,55.6641,995.1782,0,117.47,-91.0,2
m3-6,138,690.17,43.8146,55.4199,995.1856,1,119.51,-91.0,2
m3-6,139,695.13,43.825,55.4199,995.1694,0,117.59,-91.0,2
m3-6,140,700.14,43.8083,54.9316,995.1619,1,119.46,-91.0,2
m3-6,141,705.18,43.8292,55.4199,995.126,1,117.68,-91.0,2
m3-6,142,710.15,43.8479,54.4434,995.3049,2,119.22,-91.0,2
m3-6,143,715.15,43.8729,53.2227,995.1626,2,117.59,-91.0,2
m3-6,144,720.15,43.8417,52.002,995.1631,1,119.34,-91.0,2
m3-6,145,725.16,43.8458,49.5605,995.1357,1,117.75,-91.0,2
m3-6,146,730.16,43.8312,48.8281,995.1401,1,119.34,-91.0,2
m3-6,147,735.16,43.8563,48.584,995.1851,1,117.81,-91.0,2
m3-6,148,740.17,43.8479,48.0957,995.1228,1,119.24,-91.0,2
m3-6,149,745.17,43.8458,49.8047,995.0996,1,117.78,-91.0,2
m3-6,150,750.18,43.8646,50.293,995.1296,1,119.15,-91.0,2
m3-6,151,755.18,43.8729,48.8281,995.1575,1,117.86,-91.0,2
m3-6,152,760.18,43.8854,50.0488,995.1284,1,119.3,-91.0,2
m3-6,153,765.19,43.8979,50.7812,995.1648,1,117.85,-91.0,2
m3-6,154,770.19,43.8667,49.0723,995.1785,1,119.26,-91.0,2
m3-6,155,775.2,43.9021,47.3633,995.21,1,117.88,-91.0,2
m3-6,156,780.2,43.9083,47.1191,995.231,1,119.12,-91.0,2
m3-6,157,785.25,43.9292,48.8281,995.1548,1,118.08,-91.0,2
m3-6,158,790.21,43.8813,48.8281,995.1677,0,118.91,-91.0,2
m3-6,159,795.21,43.8854,48.8281,995.137,0,118.0,-91.0,2
m3-6,160,800.22,43.9125,48.584,995.1282,1,119.11,-91.0,2
m3-6,161,805.22,43.95,49.8047,995.0886,1,118.11,-91.0,2
m3-6,162,810.23,43.9021,49.3164,995.1335,1,119.02,-91.0,2
m3-6,163,815.23,43.9271,49.0723,995.1772,1,118.14,-91.0,2
m3-6,164,820.23,43.9396,48.8281,995.2463,1,118.91,-91.0,2
m3-6,165,825.24,43.9875,48.8281,995.2405,0,118.11,-91.0,2
m3-6,166,830.28,43.9729,49.3164,995.1216,2,118.79,-91.0,2
m3-6,167,835.24,43.9375,50.0488,995.168,1,118.32,-91.0,2
m3-6,168,840.25,43.9479,49.8047,995.0979,1,118.86,-91.0,2
m3-6,169,845.25,43.9396,48.584,995.1856,1,118.2,-91.0,2
m3-6,170,850.3,43.9646,46.875,995.1877,1,118.82,-91.0,2
m3-6,171,855.26,43.9833,47.1191,995.2248,1,118.31,-91.0,2
m3-6,172,860.26,43.9646,47.3633,995.1338,1,118.8,-91.0,2
m3-6,173,865.31,43.9708,47.6074,995.1199,1,118.41,-91.0,2
m3-6,174,870.27,43.9771,45.6543,995.1824,1,118.59,-91.0,2
m3-6,175,875.27,43.9875,44.9219,995.1702,1,118.35,-91.0,2
m3-6,176,880.28,43.9729,44.9219,995.1548,0,118.82,-91.0,2
m3-6,177,885.28,43.9854,46.3867,995.2007,1,118.45,-91.0,2
m3-6,178,890.29,43.9937,47.3633,995.1033,2,118.69,-91.0,2
m3-6,179,895.29,44.0042,48.8281,995.2017,2,118.41,-91.0,2
m3-6,180,900.29,44.0083,47.8516,995.1345,1,118.58,-91.0,2
m3-6,181,905.3,43.9792,47.8516,995.1741,0,118.48,-91.0,2
m3-6,182,910.3,43.9937,49.0723,995.1968,1,118.56,-91.0,2
m3-6,183,915.31,44.0229,50.293,995.2424,1,118.6,-91.0,2
m3-6,184,920.31,44.0167,48.8281,995.2185,1,118.66,-91.0,2
m3-6,185,925.32,43.9979,48.3398,995.0749,2,118.54,-91.0,2
m3-6,186,930.32,44.0187,48.584,995.1631,1,118.6,-91.0,2
m3-6,187,935.32,44.0333,48.3398,995.148,1,118.53,-91.0,2
m3-6,188,940.33,44.0229,49.8047,995.2148,1,118.47,-91.0,2
m3-6,189,945.33,44.0438,51.5137,995.1609,1,119.05,-91.0,2
m3-7,1,4.55,43.1396,50.0488,994.3123,1,119.44,-91.0,2
m3-7,2,9.56,43.1708,50.5371,994.3498,1,121.6,-91.0,2
m3-7,3,14.56,43.1958,50.293,994.2302,1,120.15,-91.0,2
m3-7,4,19.57,43.1771,50.5371,994.2229,1,121.68,-91.0,2
m3-7,5,24.57,43.1958,50.0488,994.2854,1,120.18,-91.0,2
m3-7,6,29.57,43.2229,50.7812,994.2664,1,121.59,-91.0,2
m3-7,7,34.58,43.2521,50.5371,994.2346,1,120.17,-91.0,2
m3-7,8,39.58,43.2396,50.7812,994.3479,1,121.84,-91.0,2
m3-7,9,44.59,43.2854,51.0254,994.1201,1,120.01,-91.0,2
m3-7,10,49.59,43.2563,51.5137,994.2771,2,121.73,-91.0,2
m3-7,11,54.6,43.2896,51.5137,994.3193,0,120.01,-91.0,2
m3-7,12,59.6,43.3292,51.7578,994.3525,1,121.87,-91.0,2
m3-7,13,64.61,43.3542,51.7578,994.3491,0,119.88,-91.0,2
m3-7,14,69.61,43.3667,52.4902,994.4185,1,121.97,-91.0,2
m3-7,15,74.61,43.4104,52.2461,994.3933,1,119.93,-91.0,2
m3-7,16,79.62,43.4188,52.2461,994.2105,0,122.03,-91.0,2
m3-7,17,84.62,43.4,52.4902,994.2822,1,119.89,-91.0,2
m3-7,18,89.62,43.4021,52.7344,994.3567,1,121.97,-91.0,2
m3-7,19,94.63,43.4188,52.4902,994.2229,1,119.92,-91.0,2
m3-7,20,99.63,43.4625,52.9785,994.2754,1,122.1,-91.0,2
m3-7,21,104.64,43.4458,53.2227,994.2893,1,119.86,-91.0,2
m3-7,22,109.64,43.4417,52.7344,994.2568,1,122.2,-91.0,2
m3-7,23,114.65,43.4792,52.7344,994.2698,0,119.74,-91.0,2
m3-7,24,119.65,43.4896,53.7109,994.2644,1,122.24,-91.0,2
m3-7,25,124.65,43.5,53.4668,994.2988,1,119.72,-91.0,2
m3-7,26,129.66,43.5083,53.7109,994.3931,1,122.22,-91.0,2
m3-7,27,134.66,43.5187,53.2227,994.3193,1,119.76,-91.0,2
m3-7,28,139.67,43.5229,54.1992,994.249,1,122.28,-91.0,2
m3-7,29,144.67,43.55,54.4434,994.3047,1,119.62,-91.0,2
m3-7,30,149.72,43.5458,54.9316,994.2214,1,122.49,-91.0,2
m3-7,31,154.68,43.5479,54.9316,994.1699,0,119.31,-91.0,2
m3-7,32,159.69,43.5812,55.4199,994.2974,2,122.47,-91.0,2
m3-7,33,164.69,43.6146,55.4199,994.2251,0,119.5,-91.0,2
m3-7,34,169.69,43.6292,56.1523,994.2332,1,122.46,-91.0,2
m3-7,35,174.7,43.6396,56.1523,994.2822,0,119.59,-91.0,2
m3-7,36,179.7,43.6375,56.3965,994.2346,1,122.47,-91.0,2
m3-7,37,184.71,43.6146,56.3965,994.2195,0,119.5,-91.0,2
m3-7,38,189.75,43.6229,56.8848,994.1846,1,122.57,-91.0,2
m3-7,39,194.71,43.6437,56.8848,994.1746,0,119.44,-91.0,2
m3-7,40,199.72,43.65,57.1289,994.2048,1,122.63,-91.0,2
m3-7,41,204.72,43.6667,57.373,994.2459,1,119.34,-91.0,2
m3-7,42,209.73,43.6812,57.6172,994.2188,1,122.65,-91.0,2
m3-7,43,214.73,43.6771,57.8613,994.1667,1,119.42,-91.0,2
m3-7,44,219.73,43.6938,58.1055,994.1565,1,122.69,-91.0,2
m3-7,45,224.74,43.7146,57.373,994.1953,1,119.18,-91.0,2
m3-7,46,229.74,43.7292,58.1055,994.2127,1,122.92,-91.0,2
m3-7,47,234.75,43.7146,58.3496,994.2258,1,119.29,-91.0,2
m3-7,48,239.75,43.7458,58.5938,994.3003,1,122.89,-91.0,2
m3-7,49,244.75,43.7542,58.3496,994.2446,1,119.2,-91.0,2
m3-7,50,249.76,43.75,58.8379,994.1948,1,122.88,-91.0,2
m3-7,51,254.76,43.7625,58.8379,994.1975,0,119.24,-91.0,2
m3-7,52,259.77,43.7729,59.5703,994.2961,2,122.91,-91.0,2
m3-7,53,264.77,43.8083,59.082,994.2671,1,119.13,-91.0,2
m3-7,54,269.82,43.8042,59.3262,994.3874,1,123.06,-91.0,2
m3-7,55,274.78,43.8479,59.5703,994.2642,1,119.04,-91.0,2
m3-7,56,279.79,43.8188,60.3027,994.2363,1,123.05,-91.0,2
m3-7,57,284.79,43.8333,60.3027,994.3516,0,118.96,-91.0,2
m3-7,58,289.8,43.8792,60.791,994.2183,2,123.05,-91.0,2
m3-7,59,294.8,43.8646,60.5469,994.2224,1,119.06,-91.0,2
m3-7,60,299.81,43.8583,61.0352,994.2835,1,123.01,-91.0,2
m3-7,61,304.81,43.8646,61.0352,994.1909,0,118.9,-91.0,2
m3-7,62,309.81,43.8854,61.7676,994.2031,1,123.28,-91.0,2
m3-7,63,314.82,43.8646,61.7676,994.1907,0,118.93,-91.0,2
m3-7,64,319.82,43.8896,61.7676,994.2385,0,123.26,-91.0,2
m3-7,65,324.83,43.8729,61.7676,994.1484,0,118.8,-91.0,2
m3-7,66,329.83,43.8646,62.0117,994.2256,1,123.35,-91.0,2
m3-7,67,334.83,43.9,62.2559,994.2202,1,118.85,-91.0,2
m3-7,68,339.84,43.9167,62.7441,994.3259,2,123.35,-91.0,2
m3-7,69,344.84,43.9208,62.5,994.259,1,118.69,-91.0,2
m3-7,70,349.85,43.9271,62.5,994.2197,0,123.42,-91.0,2
m3-7,71,354.85,43.9312,62.2559,994.1008,1,118.71,-91.0,2
m3-7,72,359.85,43.9188,62.9883,994.2192,2,123.32,-91.0,2
m3-7,73,364.86,43.9667,62.7441,994.2248,1,118.68,-91.0,2
m3-7,74,369.86,43.9604,62.9883,994.2612,1,123.38,-91.0,2
m3-7,75,374.87,43.9937,62.7441,994.1841,1,118.76,-91.0,2
m3-7,76,379.87,43.9792,62.9883,994.2349,1,123.36,-91.0,2
m3-7,77,384.88,43.9979,63.2324,994.304,1,118.76,-91.0,2
m3-7,78,389.88,44.0167,62.9883,994.1846,1,123.35,-91.0,2
m3-7,79,394.93,43.9979,62.7441,994.2778,1,118.87,-91.0,2
m3-7,80,399.89,44.0063,63.2324,994.2412,1,123.35,-91.0,2
m3-7,81,404.89,44.0146,63.2324,994.345,0,118.8,-91.0,2
m3-7,82,409.9,44.0729,62.9883,994.2231,1,123.3,-91.0,2
m3-7,83,414.9,44.0562,62.2559,994.2964,1,118.91,-91.0,2
m3-7,84,419.9,44.0792,62.7441,994.2976,1,123.29,-91.0,2
m3-7,85,424.91,44.0792,62.7441,994.3584,0,118.82,-91.0,2
m3-7,86,429.91,44.0958,63.4766,994.2344,2,123.08,-91.0,2
m3-7,87,434.92,44.0833,63.9648,994.3032,1,119.06,-91.0,2
m3-7,88,439.92,44.0812,64.4531,994.2405,1,123.15,-91.0,2
m3-7,89,444.92,44.0833,65.6738,994.2632,1,119.04,-91.0,2
m3-7,90,449.93,44.0958,66.6504,994.1628,2,123.03,-91.0,2
m3-7,91,454.93,44.0938,67.1387,994.261,1,119.07,-91.0,2
m3-7,92,459.94,44.0708,67.8711,994.0679,2,123.08,-91.0,2
m3-7,93,464.94,44.075,69.8242,994.2615,2,119.04,-91.0,2
m3-7,94,469.94,44.1042,70.5566,994.1245,2,123.03,-91.0,2
m3-7,95,474.95,44.1021,71.5332,994.2129,1,119.24,-91.0,2
m3-7,96,479.95,44.1271,72.5098,994.2505,1,122.98,-91.0,2
m3-7,97,484.96,44.1375,72.9981,994.1689,1,119.19,-91.0,2
m3-7,98,489.96,44.1313,72.5098,994.2727,1,122.94,-91.0,2
m3-7,99,494.97,44.1625,72.7539,994.301,1,119.26,-91.0,2
m3-7,100,499.97,44.1812,73.4863,994.1506,2,122.97,-91.0,2
m3-7,101,504.98,44.1521,74.2188,994.2915,2,119.24,-91.0,2
m3-7,102,509.98,44.1938,73.4863,994.1819,2,122.71,-91.0,2
m3-7,103,514.98,44.1771,74.2188,994.2561,1,119.41,-91.0,2
m3-7,104,519.99,44.1896,76.416,994.2334,1,122.79,-91.0,2
m3-7,105,524.99,44.1708,77.8809,994.2227,1,119.4,-91.0,2
m3-7,106,530.0,44.1875,77.1484,994.1794,1,122.68,-91.0,2
m3-7,107,535.0,44.1979,75.6836,994.1797,1,119.46,-91.0,2
m3-7,108,540.0,44.2,72.7539,994.1665,1,122.76,-91.0,2
m3-7,109,545.01,44.1917,70.5566,994.2283,1,119.67,-91.0,2
m3-7,110,550.01,44.2042,69.5801,994.1819,1,122.49,-91.0,2
m3-7,111,555.02,44.2417,71.5332,994.3196,2,119.64,-91.0,2
m3-7,112,560.02,44.2396,73.7305,994.2961,1,122.59,-91.0,2
m3-7,113,565.03,44.2625,78.125,994.1978,2,119.65,-91.0,2
m3-7,114,570.07,44.2542,82.5195,994.2063,1,122.35,-91.0,2
m3-7,115,575.03,44.2646,86.4258,994.1475,1,119.7,-91.0,2
m3-7,116,580.04,44.2563,88.6231,994.3013,2,122.62,-91.0,2
m3-7,117,585.04,44.2646,90.5762,994.2312,1,119.6,-91.0,2
m3-7,118,590.05,44.2667,91.7969,994.2905,1,122.33,-91.0,2
m3-7,119,595.05,44.3083,93.2617,994.3166,1,119.78,-91.0,2
m3-7,120,600.05,44.3438,93.75,994.085,2,122.41,-91.0,2
m3-7,121,605.06,44.2563,94.2383,994.1807,2,119.84,-91.0,2
m3-7,122,610.1,44.2896,94.2383,994.0955,0,122.31,-91.0,2
m3-7,123,615.07,44.2521,95.9473,994.2065,2,119.78,-91.0,2
m3-7,124,620.07,44.3,96.6797,994.2026,1,122.36,-91.0,2
m3-7,125,625.08,44.3083,97.9004,994.1655,1,120.05,-91.0,2
m3-7,126,630.08,44.3042,98.3887,994.176,1,122.13,-91.0,2
m3-7,127,635.08,44.3062,98.8769,994.2285,1,119.98,-91.0,2
m3-7,128,640.09,44.3333,99.3652,994.2219,1,122.17,-91.0,2
m3-7,129,645.09,44.3333,102.7832,994.2319,1,120.03,-91.0,2
m3-7,130,650.1,44.3396,104.4922,994.1538,1,122.1,-91.0,2
m3-7,131,655.1,44.3375,105.2246,994.1418,1,120.0,-91.0,2
m3-7,132,660.11,44.3188,106.4453,994.176,1,122.16,-91.0,2
m3-7,133,665.11,44.3354,108.6426,994.1585,1,120.05,-91.0,2
m3-7,134,670.11,44.3396,109.8633,994.1733,1,122.13,-91.0,2
m3-7,135,675.12,44.3458,111.5723,994.1387,1,119.93,-91.0,2
m3-7,136,680.12,44.3792,112.793,994.1741,1,121.98,-91.0,2
m3-7,137,685.12,44.3563,114.2578,994.165,1,120.21,-91.0,2
m3-7,138,690.13,44.4062,115.2344,994.2849,2,121.96,-91.0,2
m3-7,139,695.13,44.4021,116.2109,994.1623,2,120.15,-91.0,2
m3-7,140,700.14,44.3917,117.1875,994.2334,1,121.95,-91.0,2
m3-7,141,705.14,44.4104,119.3848,994.3591,2,120.24,-91.0,2
m3-7,142,710.19,44.4208,118.6523,994.1658,2,121.83,-91.0,2
m3-7,143,715.15,44.3875,116.4551,994.2451,1,120.49,-91.0,2
m3-7,144,720.15,44.4375,115.9668,994.154,2,121.74,-91.0,2
m3-7,145,725.16,44.3979,111.084,994.1482,1,120.44,-91.0,2
m3-7,146,730.16,44.4146,111.084,994.2688,0,121.83,-91.0,2
m3-7,147,735.21,44.4479,111.3281,994.2764,1,120.39,-91.0,2
m3-7,148,740.17,44.4583,111.3281,994.1768,0,121.69,-91.0,2
m3-7,149,745.17,44.4396,116.9434,994.2832,2,120.43,-91.0,2
m3-7,150,750.18,44.4646,118.6523,994.231,1,121.78,-91.0,2
m3-7,151,755.18,44.4479,116.4551,994.196,1,120.39,-91.0,2
m3-7,152,760.18,44.4667,120.6055,994.2156,1,121.69,-91.0,2
m3-7,153,765.19,44.4562,123.5352,994.2539,1,120.38,-91.0,2
m3-7,154,770.19,44.4771,120.8496,994.3784,2,121.64,-91.0,2
m3-7,155,775.2,44.5333,117.1875,994.3249,1,120.54,-91.0,2
m3-7,156,780.2,44.4979,118.1641,994.4082,2,121.55,-91.0,2
m3-7,157,785.2,44.5438,123.291,994.249,2,120.55,-91.0,2
m3-7,158,790.21,44.5083,124.7559,994.3723,2,121.64,-91.0,2
m3-7,159,795.21,44.4875,125.2441,994.3501,1,120.55,-91.0,2
m3-7,160,800.22,44.5125,126.2207,994.283,1,121.55,-91.0,2
m3-7,161,805.22,44.5187,130.6152,994.2583,1,120.75,-91.0,2
m3-7,162,810.27,44.5312,130.6152,994.1873,0,121.44,-91.0,2
m3-7,163,815.23,44.5521,130.3711,994.2649,1,120.82,-91.0,2
m3-7,164,820.23,44.5396,131.1035,994.2688,1,121.4,-91.0,2
m3-7,165,825.23,44.5646,132.5684,994.2615,1,120.73,-91.0,2
m3-7,166,830.24,44.5458,135.7422,994.2122,1,121.45,-91.0,2
m3-7,167,835.24,44.5375,137.6953,994.2827,1,120.77,-91.0,2
m3-7,168,840.25,44.55,138.916,994.3074,1,121.23,-91.0,2
m3-7,169,845.25,44.575,135.7422,994.3982,2,120.87,-91.0,2
m3-7,170,850.25,44.625,132.5684,994.4167,1,121.3,-91.0,2
m3-7,171,855.26,44.6292,133.3008,994.2927,2,120.93,-91.0,2
m3-7,172,860.26,44.5792,136.2305,994.2529,1,121.21,-91.0,2
m3-7,173,865.31,44.5792,136.9629,994.2241,1,121.16,-91.0,2
m3-7,174,870.27,44.5896,132.5684,994.1638,1,121.0,-91.0,2
m3-7,175,875.28,44.5646,130.3711,994.2253,1,121.13,-91.0,2
m3-7,176,880.28,44.5875,132.3242,994.1602,1,121.0,-91.0,2
m3-7,177,885.28,44.5812,137.9394,994.3384,2,121.08,-91.0,2
m3-7,178,890.29,44.6187,142.334,994.221,2,121.07,-91.0,2
m3-7,179,895.29,44.6229,147.7051,994.3337,2,121.08,-91.0,2
m3-7,180,900.3,44.5979,145.7519,994.2678,1,121.0,-91.0,2
m3-7,181,905.3,44.6167,146.9727,994.2229,1,121.01,-91.0,2
m3-7,182,910.3,44.6354,153.5644,994.2483,1,121.07,-91.0,2
m3-7,183,915.31,44.6104,158.2031,994.2109,1,121.09,-91.0,2
m3-7,184,920.31,44.6229,155.2734,994.2134,1,120.97,-91.0,2
m3-7,185,925.32,44.6167,154.0527,994.2405,1,121.01,-91.0,2
m3-7,186,930.32,44.6458,156.4941,994.2439,1,120.91,-91.0,2
m3-7,187,935.33,44.6437,156.25,994.2568,1,121.29,-91.0,2
m3-7,188,940.33,44.6583,163.5742,994.3613,2,120.86,-91.0,2
m3-7,189,945.33,44.65,169.6777,994.2336,2,121.66,-91.0,2
